time,target,master_offset,freq,path_delay
1736658068,0.5000717639923096,-527777,-201116,1493540
1736658070,0.5000951290130615,-469869,-256749,1493540
1736658071,0.500046968460083,-140211,-68052,1441967
1736658072,0.5001068115234375,-258958,-228862,1441967
1736658073,0.5002045631408691,-381208,-428799,1901403
1736658076,0.5001025199890137,-251622,-258331,1901403
1736658077,0.500037431716919,35776,-46420,1901403
1736658081,0.500007152557373,-224700,-33179,1218999
1736658082,0.5000600814819336,-251471,-127360,1218999
1736658084,0.5000300407409668,-360318,-144250,976931
1736658087,0.5002009868621826,-802368,-533825,747634
1736658088,0.5002169609069824,-444452,-416620,863861
1736658089,0.5001254081726074,-119468,-224971,1081606
1736658093,0.500002384185791,-61633,-22263,1066629
1736658094,0.5001296997070312,-308249,-287369,1066629
1736658095,0.5000534057617188,-7479,-79073,1167039
1736658096,0.5000200271606445,42578,-31260,1167039
1736658101,0.5000920295715332,-246555,-209864,1252087
1736658102,0.5000565052032471,-58957,-96232,1252087
1736658104,0.5000197887420654,-11240,-43491,1116929
1736658108,0.5000951290130615,-326045,-235870,1035633
1736658114,0.5000767707824707,-263385,-192734,921734
1736658115,0.5000512599945068,-78505,-86870,967509
1736658117,0.5000331401824951,-111548,-90170,1025882
1736658118,0.5000696182250977,-129763,-141849,1025882
1736658119,0.5000441074371338,-25813,-76828,1114550
1736658121,0.500133752822876,-488662,-368290,1161851
1736658122,0.5000977516174316,-142029,-168256,1161851
1736658126,0.5000214576721191,-81010,-46365,1008261
1736658131,0.5001766681671143,-563473,-436938,999137
1736658132,0.5000944137573242,-110089,-152596,999137
1736658136,0.5000391006469727,-102102,-89098,935863
1736658140,0.5003008842468262,-1320426,-867112,934312
1736658141,0.5002949237823486,-607043,-549856,934312
1736658142,0.5001165866851807,-59764,-184690,934312
1736658143,0.5000348091125488,92070,-50786,857491
1736658145,0.5002827644348145,-968602,-765045,961759
1736658146,0.500147819519043,-143329,-230352,941604
1736658148,0.5001685619354248,-297695,-380506,1190530
1736658152,0.5000886917114258,-282019,-217790,966745
1736658154,0.5000379085540771,-72537,-83514,953589
1736658159,0.5003011226654053,-887909,-724781,953589
1736658160,0.5001530647277832,-144375,-247619,953589
1736658163,0.5000157356262207,-4527,-39920,832416
1736658167,0.5001826286315918,-633619,-463990,868811
1736658168,0.5001599788665771,-275971,-296428,868811
1736658170,0.5001904964447021,-439226,-452268,1117216
1736658171,0.5000615119934082,68764,-76045,1117216
1736658194,0.5048158168792725,-11086224,-10972748,734296
1736658195,0.5021228790283203,-151932,-3364324,734296
1736658196,0.5002429485321045,3167868,-90103,828795
1736658202,0.5007519721984863,-2593406,-2073145,1287835
1736658203,0.5004220008850098,-422193,-679954,1287835
1736658204,0.5002784729003906,-152252,-536671,1646746
1736658205,0.500037431716919,420299,-9795,1646746
1736658210,0.4999966621398926,-154515,-42860,1490977
1736658211,0.5000085830688477,-75030,-9729,1405724
1736658214,0.5000393390655518,-186484,-96581,1240857
1736658215,0.5000104904174805,-40707,-6749,1240857
1736658218,0.5000207424163818,-180446,-72021,945647
1736658220,0.500068187713623,-190792,-150788,1100413
1736658223,0.5000429153442383,-236576,-139860,1048282
1736658226,0.5000247955322266,-118687,-65863,897765
1736658228,0.5000596046447754,-264539,-167287,840302
1736658229,0.5000169277191162,-30015,-12125,840302
1736658230,0.5000207424163818,-50385,-41499,840302
1736658232,0.5000109672546387,-86733,-42095,731200
1736658235,0.5000414848327637,-139564,-100683,691487
1736658238,0.5004653930664062,-1766770,-1261784,691487
1736658239,0.5005478858947754,-1045139,-1070184,1250834
1736658240,0.5000724792480469,319288,-19298,1250834
1736658242,0.5001795291900635,-447631,-468148,1354014
1736658243,0.500117301940918,-43735,-198541,1364163
1736658244,0.5000486373901367,88853,-79074,1364163
1736658247,0.5003583431243896,-986114,-889678,1275724
1736658248,0.5001285076141357,30268,-169130,1206593
1736658253,0.5000615119934082,-203568,-148420,968887
1736658254,0.5000550746917725,-95412,-101334,994720
1736658257,0.5007574558258057,-2148175,-1851537,1054392
1736658258,0.5004305839538574,-377815,-725629,1251934
1736658259,0.5001847743988037,142212,-318947,1405163
1736658262,0.5000252723693848,-65832,-114227,1405163
1736658263,0.5001091957092285,-159585,-227729,1500260
1736658264,0.5000174045562744,110058,-5962,1500260
1736658268,0.5000483989715576,-146581,-118916,1500260
1736658272,0.4999916553497314,-148301,-6850,1084716
1736658273,0.5000553131103516,-217005,-120045,1076203
1736658276,0.5000753402709961,-202055,-170091,1084716
1736658278,0.5000536441802979,-141418,-130461,1084716
1736658280,0.5000424385070801,-130118,-110343,1084716
1736658282,0.5000059604644775,-51459,-26326,977981
1736658285,0.5000154972076416,-126226,-55892,980123
1736658286,0.5000145435333252,-53903,-21436,980123
1736658287,0.5000364780426025,-92155,-75859,980123
1736658290,0.5003252029418945,-1518318,-975760,875924
1736658291,0.5003542900085449,-756675,-669612,884995
1736658292,0.5001153945922852,-30098,-170038,884995
1736658293,0.5000448226928711,73702,-75267,884995
1736658300,0.5002250671386719,-840445,-602322,731054
1736658301,0.500129222869873,-195360,-209370,794539
1736658302,0.5000255107879639,45748,-26870,903616
1736658303,0.5001356601715088,-239855,-298749,1179259
1736658306,0.5000360012054443,-85276,-97847,1018384
1736658308,0.4999947547912597,-22547,-3695,964866
1736658309,0.5000283718109131,-71556,-59468,964866
1736658310,0.5000300407409668,-46810,-56189,966335
1736658312,0.5000584125518799,-225751,-162498,966335
1736658315,0.5000951290130615,-331121,-242566,966335
1736658317,0.500075101852417,-231454,-187624,966335
1736658318,0.5000858306884766,-139892,-165498,966335
1736658320,0.5000412464141846,-104240,-108228,960171
1736658323,0.5000009536743164,-25130,-10845,935455
1736658325,0.5000946521759033,-491124,-294989,841576
1736658326,0.5001280307769775,-295811,-247013,841576
1736658327,0.5000593662261963,-58035,-97980,902671
1736658328,0.5000145435333252,41273,-16083,840724
1736658330,0.5000739097595215,-368859,-234585,840724
1736658332,0.5001778602600098,-471344,-415642,1009326
1736658333,0.5000441074371338,43807,-41894,1009326
1736658334,0.5000181198120117,41210,-31349,1009326
1736658336,0.5001735687255859,-376159,-396933,1298593
1736658340,0.5003321170806885,-1312457,-891193,1298593
1736658341,0.5002570152282715,-488836,-461309,1298593
1736658345,0.5000643730163574,-317471,-166315,672344
1736658346,0.5000128746032715,-59479,-3564,672344
1736658347,0.5001606941223145,-396548,-358477,905862
1736658349,0.5000362396240234,-71405,-92760,905862
1736658350,0.500056266784668,-68678,-111455,905862
1736658353,0.500152587890625,-560330,-401083,972265
1736658357,0.5009403228759766,-3038021,-2386836,1530606
1736658358,0.500591516494751,-763424,-1023645,1530606
1736658362,0.5000615119934082,-197316,-181001,1248597
1736658363,0.5000472068786621,-36373,-79253,1222661
1736658368,0.5000472068786621,-249677,-133975,939036
1736658369,0.5000157356262207,-54789,-13990,1105570
1736658370,0.5001266002655029,-304872,-280510,1105570
1736658375,0.5000357627868652,-170687,-93225,932241
1736658376,0.5001235008239746,-288973,-262717,956761
1736658380,0.5000190734863281,-61100,-44623,936957
1736658381,0.5000243186950684,-43497,-45350,936957
1736658382,0.5000207424163818,-22133,-37036,974136
1736658383,0.5000309944152832,-39933,-61475,1054476
1736658385,0.5000255107879639,-32168,-54101,1054476
1736658387,0.500006914138794,-62170,-33452,938258
1736658388,0.5000102519989014,-24928,-14861,938258
1736658390,0.5000178813934326,-69717,-45652,1032902
1736658391,0.5000221729278564,-43171,-40021,1032902
1736658394,0.5001542568206787,-345928,-344283,1269038
1736658398,0.5000753402709961,-250249,-180890,1032902
1736658399,0.5000748634338379,-136259,-141975,1137470
1736658404,0.5000348091125488,-105441,-75329,1183010
1736658406,0.5000545978546143,-134256,-123769,1139254
1736658408,0.5000267028808594,-105309,-77078,1183010
1736658410,0.5000414848327637,-140621,-105646,1139254
1736658413,0.5000045299530029,-73802,-26944,1036716
1736658415,0.4999897480010986,-132042,-15629,917991
1736658416,0.500072717666626,-234854,-158054,869296
1736658418,0.5000431537628174,-114638,-98306,869296
1736658420,0.5000107288360596,-33985,-28399,876517
1736658422,0.5000154972076416,-28876,-31118,877942
1736658424,0.5000553131103516,-121587,-123147,948038
1736658426,0.5000777244567871,-214796,-192364,1008379
1736658430,0.5001063346862793,-322258,-257506,998156
1736658434,0.5000729560852051,-255953,-177075,1063892
1736658438,0.5000238418579102,-207896,-81811,683306
1736658440,0.5000362396240234,-130502,-66786,726246
1736658443,0.5000450611114502,-236245,-134434,848149
1736658444,0.5001063346862793,-250219,-219282,848149
1736658446,0.5000576972961426,-106594,-129293,1065379
1736658447,0.5000650882720947,-72030,-126707,1065379
1736658449,0.5000154972076416,-1706,-38103,1031637
1736658452,0.5000345706939697,-149236,-93974,931440
1736658453,0.5000321865081787,-67023,-56531,953299
1736658457,0.500046968460083,-179914,-103730,931440
1736658458,0.5000953674316406,-220142,-197932,931440
1736658459,0.5000174045562744,33982,-9851,931440
1736658462,0.500023603439331,-60859,-60003,925722
1736658464,0.5000278949737549,-106427,-77368,936843
1736658466,0.500011682510376,-50193,-31330,845190
1736658468,0.5000395774841309,-88946,-85397,845190
1736658471,0.5000014305114746,-8930,-5058,982817
1736658472,0.5000255107879639,-53976,-52783,982817
1736658477,0.4999997615814209,-36153,-6333,934975
1736658478,0.5000057220458984,-26749,-7775,934975
1736658479,0.5000419616699219,-100712,-89763,934975
1736658482,0.5000882148742676,-370046,-244433,869627
1736658483,0.5000784397125244,-155861,-141262,869627
1736658484,0.500037431716919,-29716,-61875,869627
1736658485,0.500084638595581,-138048,-179122,1047803
1736658486,0.5002329349517822,-417629,-500118,1438594
1736658488,0.5000669956207275,-69881,-168108,1438594
1736658492,0.5000617504119873,-253071,-145056,1113280
1736658496,0.5000548362731934,-200627,-139777,1029297
1736658498,0.5000450611114502,-130301,-107281,1029297
1736658502,0.5000026226043701,-51698,-9310,899536
1736658504,0.500006914138794,-88954,-29001,899536
1736658505,0.5000231266021729,-77813,-44546,899536
1736658506,0.5000739097595215,-167211,-157288,963725
1736658508,0.500058650970459,-162152,-146753,963725
1736658509,0.5000112056732178,30961,-2285,963725
1736658512,0.5022852420806885,-6377030,-5525208,1682082
1736658513,0.5011417865753174,-801369,-1862656,1682082
1736658515,0.5002102851867676,-250004,-676781,1312399
1736658517,0.5002579689025879,-250969,-584886,1902641
1736658523,0.5001156330108643,-385248,-281221,1131858
1736658524,0.5000739097595215,-115074,-126622,1131858
1736658526,0.5000083446502686,-32453,-29523,1022832
1736658529,0.5000646114349365,-344331,-203709,977838
1736658530,0.5000474452972412,-114577,-77254,899279
1736658532,0.5000171661376953,-134292,-63915,899279
1736658533,0.500037431716919,-102765,-72675,899279
1736658536,0.5000576972961426,-231743,-157307,899840
1736658537,0.5000708103179932,-140297,-135384,899840
1736658540,0.500720739364624,-2670289,-1930094,964014
1736658541,0.5004398822784424,-680590,-741482,964014
1736658542,0.5001769065856934,-35749,-300818,964014
1736658545,0.5000202655792236,-37883,-65837,964014
1736658547,0.5005719661712646,-2230209,-1576823,932786
1736658548,0.5003578662872314,-585296,-600973,930035
1736658549,0.5001826286315918,-139920,-331186,1137549
1736658551,0.5001053810119629,-113183,-246355,1254381
1736658552,0.5000262260437012,143494,-23633,1254381
1736658554,0.5000057220458984,71779,-10474,1254381
1736658556,0.5000243186950684,-156935,-94703,1136613
1736658558,0.5000443458557129,-192279,-121391,1254381
1736658559,0.5000274181365967,-55564,-42360,1254381
1736658560,0.5000922679901123,-195334,-198799,1254381
1736658562,0.5003912448883057,-1558097,-1092265,1247538
1736658563,0.5001828670501709,-267348,-268945,1128698
1736658564,0.5001716613769531,-266832,-348633,1247538
1736658566,0.5003924369812012,-1382500,-1064593,1247538
1736658567,0.5001139640808105,-19527,-116370,1247538
1736658568,0.5000357627868652,41060,-61641,1247538
1736658569,0.5001637935638428,-266776,-357159,1438047
1736658570,0.5000677108764648,67075,-103341,1438047
1736658573,0.4999909400939941,-23036,-620,1296377
1736658578,0.5000686645507812,-230542,-158937,1093982
1736658581,0.4999988079071045,-60871,-585,998708
1736658583,0.5000588893890381,-168659,-131664,998708
1736658584,0.5001394748687744,-280657,-294260,1176844
1736658589,0.5002305507659912,-1080310,-675631,879953
1736658590,0.5002641677856445,-585688,-505102,911130
1736658591,0.5001327991485596,-135737,-230858,911130
1736658592,0.5000312328338623,98649,-37193,879953
1736658594,0.4999995231628418,-11967,-21998,911130
1736658596,0.5002045631408691,-734241,-542462,911130
1736658597,0.5000603199005127,-34169,-62662,911130
1736658598,0.5000197887420654,6471,-32273,911130
1736658601,0.5004150867462158,-1310075,-1028100,1234623
1736658602,0.5001757144927979,-150664,-261711,1204835
1736658604,0.5004758834838867,-1404848,-1203511,1420825
1736658605,0.5002508163452148,-188756,-408873,1420825
1736658606,0.5000276565551758,271003,-5741,1412368
1736658612,0.5000574588775635,-241732,-137304,973145
1736658614,0.5000495910644531,-160051,-116178,937978
1736658616,0.4999978542327881,-42217,-7459,937978
1736658617,0.5000543594360352,-139863,-117770,1033342
1736658618,0.5000691413879395,-117117,-136983,1033342
1736658619,0.5000314712524414,5604,-49397,1079932
1736658622,0.5001287460327148,-347836,-307605,1219625
1736658623,0.5000793933868408,-71499,-135619,1297870
1736658626,0.5000507831573486,-165976,-129335,1297870
1736658627,0.500054121017456,-88484,-101635,1286070
1736658631,0.500018835067749,-102213,-42648,1041172
1736658632,0.5000677108764648,-172225,-143324,1132630
1736658635,0.5000438690185547,-178375,-110852,1041172
1736658636,0.5000617504119873,-135039,-121028,1041172
1736658638,0.5000567436218262,-115356,-126864,1132630
1736658639,0.5001256465911865,-216845,-262960,1351595
1736658640,0.5000417232513428,54534,-56634,1408030
1736658643,0.5011365413665771,-4488354,-3143152,1434010
1736658644,0.5008316040039062,-1469519,-1470823,1434010
1736658645,0.5002551078796387,57523,-384637,1434010
1736658649,0.4999897480010986,-189520,-49730,971670
1736658652,0.5000896453857422,-277490,-209119,971670
1736658654,0.5000276565551758,-85317,-69534,893099
1736658655,0.5000193119049072,-20691,-30503,962688
1736658656,0.5000412464141846,-69225,-85244,1010249
1736658660,0.5000126361846924,-83417,-44987,1010249
1736658661,0.500056266784668,-130707,-117302,1061985
1736658663,0.5000131130218506,-35311,-33713,1061985
1736658665,0.5000333786010742,-94650,-80061,1156402
1736658670,0.5002100467681885,-861300,-581624,1156402
1736658671,0.5000717639923096,-104014,-82728,985262
1736658672,0.5000300407409668,-43357,-53275,985262
1736658673,0.5000543594360352,-88536,-111461,1117681
1736658679,0.5000011920928955,-78315,-19715,927811
1736658680,0.5000159740447998,-64758,-29652,927811
1736658683,0.5000133514404297,-74559,-36806,851051
1736658687,0.5000054836273193,-74367,-21329,781091
1736658689,0.5000262260437012,-77956,-55859,817089
1736658690,0.5000410079956055,-80157,-81447,817089
1736658692,0.5000545978546143,-187512,-145073,817089
1736658694,0.5000495910644531,-103450,-109031,866736
1736658696,0.500084400177002,-211898,-201714,992498
1736658697,0.5000536441802979,-37840,-91225,1058413
1736658704,0.4999980926513672,-76681,-10992,877792
1736658706,0.5000448226928711,-158423,-106318,818614
1736658709,0.5002248287200928,-825397,-587451,924944
1736658710,0.5001029968261719,-143692,-153365,797960
1736658711,0.5000386238098145,-10551,-63331,1055125
1736658712,0.5001811981201172,-340686,-396632,1124546
1736658714,0.5000452995300293,-18467,-107353,1068307
1736658717,0.5000765323638916,-332815,-228894,1027724
1736658718,0.5000879764556885,-168890,-164813,1027724
1736658719,0.5000190734863281,28630,-17960,1068307
1736658725,0.501408576965332,-4090275,-3235379,1234624
1736658726,0.5007467269897461,-896186,-1268372,1234624
1736658729,0.5006475448608398,-1928023,-1685636,1732269
1736658730,0.5003230571746826,-174547,-510567,1732269
1736658737,0.5000500679016113,-292176,-116040,865314
1736658740,0.5003268718719482,-897304,-767842,1173767
1736658742,0.500197172164917,-628363,-526300,1013508
1736658743,0.5001380443572998,-154016,-240462,1289767
1736658745,0.5000088214874268,5167,-37093,1030048
1736658746,0.5000112056732178,24197,-16513,1030048
1736658750,0.5000505447387695,-358465,-180073,936209
1736658751,0.5001225471496582,-320055,-249203,936209
1736658752,0.5001745223999023,-332974,-358138,1144249
1736658754,0.5001587867736816,-305480,-365686,1410217
1736658759,0.5001113414764404,-540189,-310422,884620
1736658760,0.5001194477081299,-293828,-226118,884620
1736658767,0.5001041889190674,-461455,-270838,811975
1736658768,0.5001189708709717,-281749,-229569,830096
1736658769,0.5000677108764648,-86816,-119161,830096
1736658770,0.5000519752502441,-39237,-97626,853737
1736658772,0.5000600814819336,-165168,-156254,872513
1736658775,0.5000245571136475,-132794,-75095,941837
1736658777,0.5001256465911865,-356369,-298549,951226
1736658778,0.5000803470611572,-89776,-138867,951226
1736658780,0.5001447200775146,-440277,-373453,1125033
1736658781,0.5000452995300293,15059,-50200,1003292
1736658782,0.5000324249267578,-2222,-62964,1003292
1736658784,0.5000147819519043,-22543,-40001,1153868
1736658785,0.5000193119049072,-10194,-34415,1153868
1736658788,0.5000050067901611,-69798,-31498,993645
1736658790,0.5000743865966797,-341007,-212606,909985
1736658791,0.5000796318054199,-174345,-148247,1048707
1736658794,0.5000097751617432,-68928,-28035,958713
1736658795,0.5000529289245605,-132313,-112098,958713
1736658796,0.5000407695770264,-54223,-73702,1001461
1736658797,0.5000543594360352,-73104,-108850,1201032
1736658798,0.5000388622283936,-12215,-69892,1201032
1736658800,0.5001883506774902,-388398,-423739,1528012
1736658804,0.5001826286315918,-613985,-470451,1454138
1736658806,0.5000700950622559,-148200,-160636,1454138
1736658808,0.5006294250488281,-2348075,-1706610,1644357
1736658809,0.5004522800445557,-735127,-798084,1578073
1736658810,0.5000619888305664,250214,-33281,1497382
1736658812,0.5006396770477295,-1973618,-1641962,2054153
1736658813,0.500206708908081,7869,-252560,1746724
1736658814,0.500035285949707,215974,-42094,1746724
1736658820,0.5000436305999756,-237864,-108132,1086857
1736658823,0.4999830722808838,-194789,-18035,1004091
1736658824,0.5000572204589844,-241511,-123194,1004091
1736658826,0.5000598430633545,-161065,-115201,1004091
1736658829,0.5007185935974121,-2299795,-1760353,1286625
1736658831,0.5001201629638672,-257980,-296364,1286625
1736658832,0.5003437995910645,-617659,-733437,1286625
1736658835,0.5005965232849121,-2221005,-1643482,1286625
1736658836,0.5002949237823486,-363440,-452218,1251080
1736658837,0.5001976490020752,-186157,-383967,1455819
1736658838,0.5000438690185547,207883,-45774,1455819
1736658843,0.5000252723693848,-123847,-63763,1056895
1736658844,0.5000231266021729,-62615,-39685,1056895
1736658848,0.4999935626983642,-114426,-11553,895407
1736658849,0.5000815391540527,-247180,-178635,868004
1736658851,0.50002121925354,-192756,-89285,832401
1736658852,0.500063419342041,-173139,-127494,832401
1736658853,0.5000324249267578,-46656,-52953,832401
1736658857,0.5000040531158447,-21841,-5355,832401
1736658859,0.5006883144378662,-2606257,-1861456,839781
1736658860,0.500389814376831,-598743,-635819,791775
1736658861,0.5001389980316162,-11971,-228670,791775
1736658863,0.4999973773956299,122723,-2436,747160
1736658866,0.500133752822876,-297586,-299433,1004667
1736658867,0.5000486373901367,23622,-67501,1004667
1736658868,0.5000207424163818,50103,-33933,1133631
1736658870,0.500068187713623,-219915,-184587,1004667
1736658873,0.5000088214874268,-102188,-36745,862999
1736658874,0.5000381469726562,-112614,-77827,862999
1736658877,0.500159740447998,-398344,-364244,1103239
1736658878,0.5000438690185547,36617,-48786,1103239
1736658879,0.5000207424163818,37968,-36450,1103239
1736658882,0.5000755786895752,-243888,-193315,1065960
1736658884,0.5000259876251221,-74956,-65667,1015200
1736658886,0.5004291534423828,-1835097,-1228698,983999
1736658887,0.5002431869506836,-443501,-387631,1015200
1736658888,0.5002384185791016,-406903,-484083,1015200
1736658889,0.5000572204589844,135670,-63581,1015200
1736658894,0.5000631809234619,-163455,-145175,1000272
1736658895,0.5000367164611816,-29448,-60204,1088249
1736658896,0.5000579357147217,-79414,-119004,1088249
1736658902,0.5000271797180176,-146825,-72394,915047
1736658905,0.5000224113464355,-111971,-60735,879724
1736658906,0.5000579357147217,-136300,-118655,904424
1736658909,0.5000345706939697,-98112,-86188,904424
1736658911,0.5000367164611816,-77383,-81834,880098
1736658915,0.5001013278961182,-381784,-264807,821241
1736658916,0.5000886917114258,-164454,-162012,816012
1736658918,0.4999911785125732,-28966,-1853,755629
1736658919,0.5000040531158447,-23329,-4906,812191
1736658921,0.5000090599060059,-47932,-23559,775356
1736658923,0.5000085830688477,-24681,-15923,708710
1736658924,0.5000662803649902,-144792,-143438,775356
1736658928,0.5000414848327637,-111468,-95869,717157
1736658929,0.5002689361572266,-572869,-590710,1268243
1736658931,0.5008323192596436,-2714799,-2161980,1909892
1736658932,0.5005600452423096,-721994,-983615,1909892
1736658934,0.5001277923583984,-179078,-357070,1828335
1736658938,0.5000460147857666,-184512,-144283,1382955
1736658942,0.5001063346862793,-309578,-246530,1382955
1736658945,0.4999899864196777,-120286,-9928,1004178
1736658946,0.5000159740447998,-104750,-30478,1004178
1736658950,0.5000836849212646,-324363,-211493,935923
1736658951,0.5000460147857666,-88451,-72889,887964
1736658955,0.500110387802124,-351611,-272387,1005335
1736658956,0.5000851154327393,-126944,-153204,960992
1736658958,0.5000638961791992,-179562,-165161,1046768
1736658963,0.5000174045562744,-101010,-41582,956270
1736658965,0.5000796318054199,-220589,-183041,1039943
1736658969,0.50071120262146,-2449398,-1835483,1124199
1736658970,0.500302791595459,-325070,-445974,1124199
1736658977,0.5003504753112793,-1260730,-920276,1247757
1736658978,0.5001626014709473,-207782,-245547,1247757
1736658979,0.5000486373901367,26308,-73791,1247757
1736658983,0.5000648498535156,-166525,-143999,1240353
1736658985,0.5000472068786621,-121622,-113873,1240353
1736658986,0.5000753402709961,-122370,-151108,1240353
1736658992,0.5001487731933594,-507742,-368422,928552
1736658993,0.5000734329223633,-102024,-115027,928552
1736658995,0.5000269412994385,-59936,-66682,928552
1736658998,0.5000247955322266,-46980,-55800,902110
1736659001,0.5000343322753906,-123582,-83531,971502
1736659002,0.5000476837158203,-95663,-92687,871470
1736659006,0.500053882598877,-195078,-137805,831548
1736659009,0.5001785755157471,-448937,-411887,1121315
1736659010,0.5000724792480469,-9641,-107272,1121315
1736659014,0.500065803527832,-170734,-152513,1211201
1736659016,0.5000824928283691,-228323,-202743,1235444
1736659021,0.5001704692840576,-666534,-450112,1133460
1736659022,0.5001680850982666,-334293,-317831,1133460
1736659025,0.5000121593475342,188,-26811,1087502
1736659027,0.5000231266021729,-32116,-48767,1157704
1736659031,0.5000090599060059,-86890,-29526,1061205
1736659036,0.5000462532043457,-155055,-110849,843569
1736659039,0.5,-14773,-1333,843569
1736659040,0.5000240802764893,-58816,-49808,843569
1736659044,0.5000207424163818,-93801,-51226,878513
1736659045,0.5000922679901123,-212057,-197622,934804
1736659046,0.5000715255737305,-83011,-132193,934804
1736659049,0.5001344680786133,-453458,-342117,980009
1736659050,0.5000648498535156,-73777,-98474,980009
1736659053,0.5000748634338379,-158564,-172087,1040117
1736659056,0.5000145435333252,-17908,-33820,1083192
1736659057,0.5000343322753906,-48017,-69302,1083192
1736659058,0.5000615119934082,-89976,-125666,1138809
1736659061,0.4999940395355224,-33220,-4504,1138809
1736659062,0.5000138282775879,-45206,-26456,1123535
1736659063,0.5000417232513428,-91611,-86423,1123535
1736659064,0.5000319480895996,-34837,-57132,1123535
1736659066,0.5001494884490967,-528351,-397505,1148897
1736659067,0.5000593662261963,-51653,-79312,1148897
1736659069,0.5000326633453369,-195708,-115670,976852
1736659072,0.5001423358917236,-518210,-363811,976852
1736659077,0.5001661777496338,-563282,-419132,1163245
1736659078,0.5000643730163574,-63471,-88306,1163245
1736659079,0.5000529289245605,-60494,-104370,1163245
1736659080,0.5000545978546143,-43947,-105971,1187149
1736659085,0.5001142024993896,-416559,-284360,987574
1736659087,0.5000824928283691,-337286,-226273,1011608
1736659088,0.5000836849212646,-165857,-156030,987574
1736659089,0.5000557899475098,-62250,-102180,987574
1736659090,0.5000276565551758,13275,-45330,987574
1736659093,0.5000147819519043,-147440,-71128,870211
1736659094,0.5000066757202148,-34303,-2223,813509
1736659098,0.500075101852417,-240429,-177190,839958
1736659099,0.500035285949707,-44573,-53462,839958
1736659101,0.5001010894775391,-288477,-247107,945965
1736659102,0.500042200088501,-15225,-60398,945965
1736659103,0.5000107288360596,36717,-13024,945965
1736659105,0.5000061988830566,-15425,-19346,1043775
1736659106,0.5000567436218262,-112677,-121226,1043775
1736659107,0.500016450881958,24504,-17848,1043775
1736659111,0.4999845027923584,-274185,-34269,801213
1736659112,0.5002086162567139,-619587,-461927,801213
1736659113,0.5001015663146973,-138150,-166366,835157
1736659114,0.5000782012939453,-81145,-150806,835157
1736659116,0.5000882148742676,-137477,-197117,1047327
1736659119,0.5003418922424316,-1259582,-931526,1405829
1736659120,0.5002946853637695,-492853,-542672,1405829
1736659121,0.5000851154327393,78847,-118828,1405829
1736659123,0.5004997253417969,-1990285,-1417488,1405829
1736659124,0.500415563583374,-728806,-753095,1405829
1736659129,0.4999973773956299,-68519,-3576,1010838
1736659130,0.5000371932983398,-123905,-79518,1010838
1736659133,0.5000288486480713,-143735,-75129,910761
1736659135,0.5002918243408203,-1112742,-782820,929132
1736659136,0.500213623046875,-374498,-378398,929132
1736659138,0.5000402927398682,-27656,-93424,929132
1736659143,0.5000243186950684,-106611,-66865,929132
1736659146,0.50010085105896,-293863,-233902,909420
1736659149,0.5000209808349609,-124886,-60892,702650
1736659152,0.5000805854797363,-223237,-185700,702650
1736659153,0.5000193119049072,13422,-16013,827044
1736659155,0.5000898838043213,-184395,-199062,1024283
1736659156,0.5001115798950195,-151913,-221898,1024283
1736659157,0.5001273155212402,-139122,-254681,1281140
1736659158,0.5000503063201904,80281,-77015,1281140
1736659164,0.500119686126709,-468259,-315503,1258146
1736659165,0.500049352645874,-80001,-67723,1089716
1736659168,0.5003223419189453,-1204092,-864297,1258146
1736659172,0.500269889831543,-799308,-665680,1483987
1736659173,0.500051736831665,76703,-29461,1398501
1736659174,0.5000619888305664,-48733,-131886,1398501
1736659177,0.5000879764556885,-229392,-224192,1244886
1736659178,0.5000584125518799,-36233,-99851,1287914
1736659181,0.5007979869842529,-2979763,-2137126,1358104
1736659182,0.5004990100860596,-798650,-849942,1358104
1736659183,0.5000996589660645,176651,-114236,1358104
1736659186,0.4999797344207763,-112664,-46900,918200
1736659189,0.5000264644622803,-92119,-57007,894969
1736659192,0.5000426769256592,-97270,-91882,913395
1736659194,0.5007014274597168,-2793105,-1938573,913395
1736659195,0.5005044937133789,-904501,-887900,913395
1736659196,0.5001447200775146,43450,-211300,913395
1736659197,0.5000197887420654,227553,-14162,913395
1736659200,0.5000722408294678,-238234,-204635,915021
1736659204,0.5005269050598145,-2136929,-1469784,915021
1736659205,0.5003454685211182,-616526,-590460,915021
1736659206,0.5000605583190918,100695,-58197,915021
1736659207,0.5001115798950195,-110739,-239422,915021
1736659211,0.500190019607544,-592105,-490994,939717
1736659212,0.5001142024993896,-115280,-191800,1022036
1736659215,0.5000405311584473,-54426,-100411,918314
1736659216,0.500053882598877,-42174,-104487,918314
1736659221,0.5004911422729492,-1839206,-1313416,918314
1736659222,0.5003433227539062,-578955,-604927,918314
1736659223,0.5000889301300049,79163,-120495,918314
1736659224,0.5000190734863281,152006,-23903,918314
1736659228,0.5000340938568115,-104752,-76292,837182
1736659230,0.5006499290466309,-2325601,-1710727,1087392
1736659231,0.5002470016479492,-253638,-336444,912827
1736659232,0.5001721382141113,-182250,-341148,1020619
1736659236,0.5002841949462891,-1035081,-774969,930122
1736659242,0.5004401206970215,-1650621,-1155642,905801
1736659244,0.5003104209899902,-761044,-713830,1498431
1736659245,0.5002753734588623,-344458,-525557,1414106
1736659246,0.5000760555267334,183389,-101048,1414106
1736659250,0.500115156173706,-395466,-289394,1151991
1736659254,0.5000364780426025,-136082,-90308,1027300
1736659256,0.5001757144927979,-671725,-474996,915898
1736659259,0.5001671314239502,-608663,-431640,885243
1736659260,0.5001330375671387,-235162,-240738,919793
1736659263,0.5003163814544678,-769131,-743126,1054145
1736659264,0.5001792907714844,-98627,-303362,1054145
1736659266,0.5001602172851562,-540256,-460213,1149238
1736659267,0.5000922679901123,-64060,-146094,1149238
1736659271,0.4999864101409912,-128668,-33567,1221993
1736659273,0.5007021427154541,-2807988,-1927311,1206839
1736659274,0.5003936290740967,-679107,-640826,1206839
1736659276,0.500201940536499,-348867,-454333,1186310
1736659277,0.5001342296600342,-31237,-241363,1152599
1736659281,0.5002191066741943,-1419763,-777951,1062372
1736659282,0.5006427764892578,-1561586,-1345703,1239797
1736659284,0.5005567073822021,-1926967,-1504359,1239797
1736659285,0.5004415512084961,-646343,-801825,1345973
1736659286,0.5001139640808105,201696,-147689,1345973
1736659288,0.5000817775726318,-2193,-187146,1444277
1736659291,0.4999797344207763,-64747,-24456,1505882
1736659294,0.4999940395355224,-129659,-20862,1116797
1736659299,0.5003488063812256,-923678,-787258,1025117
1736659300,0.50010085105896,15979,-124704,872429
1736659303,0.5007388591766357,-2021670,-1792767,1025117
1736659304,0.5003540515899658,-193184,-570782,1025117
1736659305,0.5001194477081299,241896,-193658,1053892
1736659308,0.5003130435943604,-872593,-788919,1382321
1736659313,0.500166654586792,-678648,-430413,1307900
1736659316,0.50006103515625,-199046,-145212,1307900
1736659318,0.5000662803649902,-207169,-164934,1118545
1736659320,0.5003328323364258,-1653971,-1018038,1307900
1736659321,0.5004892349243164,-1109103,-969361,1373851
1736659322,0.5003540515899658,-477539,-670528,1426889
1736659325,0.5001952648162842,-347675,-480106,1426889
1736659326,0.5002627372741699,-290918,-527652,1689605
1736659333,0.5005569458007812,-1439143,-1303210,1622161
1736659336,0.500084638595581,-108757,-197556,1425612
1736659337,0.5000429153442383,53598,-67829,1425612
1736659340,0.5000467300415039,-157932,-139018,1425612
1736659343,0.5001387596130371,-500705,-375517,1521706
1736659344,0.5003247261047363,-654578,-679602,1483468
1736659351,0.5000221729278564,-167228,-59176,979646
1736659353,0.5001580715179443,-564807,-402743,979646
1736659354,0.5001256465911865,-221078,-228456,979646
1736659356,0.5001301765441895,-350830,-321589,1032310
1736659358,0.5001397132873535,-451422,-368153,1168879
1736659359,0.5001375675201416,-207564,-259721,1275399
1736659360,0.5000779628753662,-24842,-139268,1275399
1736659363,0.5000348091125488,-80506,-90630,1275399
1736659366,0.5000083446502686,-34594,-17118,1143602
1736659369,0.5003063678741455,-1203066,-834446,1143602
1736659370,0.5003101825714111,-597680,-589980,1320466
1736659371,0.5000720024108887,87223,-84381,1293269
1736659375,0.5000200271606445,-124311,-53889,1036332
1736659378,0.5000684261322021,-271700,-176692,1040972
1736659380,0.5000865459442139,-209077,-193190,1040972
1736659382,0.500042200088501,-97767,-102395,1040972
1736659384,0.5000345706939697,-102414,-88536,1040972
1736659387,0.5001285076141357,-560625,-364574,1049698
1736659388,0.5001685619354248,-357611,-329747,1049698
1736659389,0.5000460147857666,20010,-59410,1049698
1736659390,0.500046968460083,-20832,-94249,1111774
1736659394,0.5006973743438721,-2726585,-1874008,951962
1736659395,0.5005233287811279,-975473,-940871,1026040
1736659396,0.5002627372741699,-212145,-470185,1224106
1736659397,0.5001192092895508,115446,-206237,1224106
1736659402,0.5000209808349609,-46751,-47743,1242623
1736659404,0.5000157356262207,-10136,-25153,1242623
1736659408,0.5001246929168701,-388011,-297463,1207049
1736659409,0.5000388622283936,-20503,-46358,1207049
1736659411,0.4999847412109375,-87479,-4808,981016
1736659412,0.5000209808349609,-99252,-42825,981016
1736659414,0.5000154972076416,-68396,-36233,996578
1736659416,0.500046968460083,-168226,-118311,909561
1736659418,0.500006914138794,-43757,-20869,976476
1736659419,0.500006914138794,-19115,-9355,976476
1736659420,0.5000221729278564,-48406,-44380,976476
1736659421,0.5000119209289551,-6597,-17093,976476
1736659422,0.5000302791595459,-49275,-61750,976476
1736659424,0.500251293182373,-848849,-650482,1243718
1736659425,0.5001533031463623,-204597,-260885,1243718
1736659426,0.500133752822876,-146459,-264126,1335728
1736659428,0.500004768371582,101137,-8174,1477445
1736659430,0.500035285949707,-103533,-99420,1335728
1736659434,0.5001051425933838,-298853,-233570,1335728
1736659435,0.5000307559967041,-10074,-34447,1335728
1736659438,0.5000386238098145,-253277,-119590,1023250
1736659440,0.5000944137573242,-609536,-313240,862517
1736659441,0.5000293254852295,-136132,-22696,760245
1736659443,0.5007765293121338,-2786844,-2030047,862517
1736659444,0.5004818439483643,-750247,-829503,862517
1736659450,0.5003643035888672,-996233,-879447,1065650
1736659451,0.5003430843353271,-477002,-659086,1021292
1736659456,0.5000789165496826,-202452,-178221,1195768
1736659458,0.5000367164611816,-152818,-107773,1195768
1736659460,0.5001516342163086,-417234,-359835,1291274
1736659462,0.5000965595245361,-274698,-244142,1220961
1736659469,0.5005583763122559,-2341402,-1560755,935562
1736659470,0.500542163848877,-1100726,-1022499,950307
1736659471,0.5001609325408936,19109,-232882,878087
1736659472,0.5000169277191162,240477,-5781,878087
1736659473,0.5000064373016357,164338,-9777,972227
1736659476,0.5003640651702881,-1275106,-957847,1090231
1736659477,0.5001931190490723,-246199,-311472,1070099
1736659478,0.5000603199005127,45843,-93290,1070099
1736659481,0.5000638961791992,-274996,-192913,1064413
1736659482,0.500084638595581,-161669,-162085,1064413
1736659483,0.5000107288360596,48727,-189,1064413
1736659484,0.5000162124633789,2318,-31980,1064413
1736659488,0.5000267028808594,-131490,-73406,986532
1736659490,0.5000262260437012,-102908,-64865,1031004
1736659492,0.5000190734863281,-64627,-44896,1031004
1736659493,0.5001306533813477,-284163,-283820,1219654
1736659494,0.5000643730163574,-21306,-106212,1191800
1736659496,0.5001101493835449,-255211,-265289,1388523
1736659499,0.5002713203430176,-1230086,-803344,1351534
1736659500,0.500211238861084,-429771,-372054,1324717
1736659501,0.5000643730163574,-24103,-95318,1324717
1736659504,0.5001480579376221,-488766,-365773,1188108
1736659507,0.5003170967102051,-1145732,-811875,1130764
1736659508,0.50018310546875,-297738,-307601,891113
1736659509,0.500114917755127,-116554,-215738,1012172
1736659510,0.5000314712524414,93534,-40616,1012172
1736659512,0.5000040531158447,20815,-18856,1232670
1736659514,0.5000514984130859,-191157,-140981,1067298
1736659515,0.5000336170196533,-47510,-54681,1067298
1736659516,0.5000102519989014,8562,-12862,1033973
1736659518,0.5000624656677246,-203841,-160022,1080837
1736659519,0.500028133392334,-22281,-39615,1080837
1736659520,0.5000221729278564,-17288,-41306,1080837
1736659522,0.5000293254852295,-157637,-95101,1006867
1736659523,0.500007152557373,-15818,-573,1006867
1736659526,0.5005815029144287,-2208404,-1557766,1006867
1736659527,0.5001659393310547,-142258,-154141,1006867
1736659528,0.5002927780151367,-579318,-633878,1077668
1736659529,0.5001342296600342,8765,-219591,1146539
1736659535,0.5000007152557373,-56204,-20396,1274419
1736659539,0.5000061988830566,-66354,-18361,1105372
1736659541,0.5003774166107178,-1433305,-1014672,1107439
1736659542,0.5001521110534668,-201243,-212602,948657
1736659544,0.5000600814819336,-129670,-145158,948657
1736659545,0.5000307559967041,7468,-46921,940443
1736659546,0.5001370906829834,-245638,-297786,1167621
1736659549,0.5001823902130127,-789185,-529976,940443
1736659550,0.5001406669616699,-269046,-246593,1170123
1736659554,0.5002236366271973,-745066,-555728,1079490
1736659555,0.5001194477081299,-162037,-196219,1079490
1736659558,0.5000128746032715,-714,-28428,1029898
1736659561,0.5000283718109131,-136885,-72968,954477
1736659562,0.5000343322753906,-86795,-63944,954477
1736659564,0.500044584274292,-166424,-116802,954477
1736659566,0.5001087188720703,-342703,-270119,954477
1736659567,0.5000364780426025,-15384,-45611,954477
1736659569,0.5004806518554688,-1842213,-1305389,954477
1736659570,0.5002343654632568,-345865,-361705,954477
1736659571,0.5000689029693604,13165,-106434,974048
1736659573,0.5000791549682617,-251339,-219371,959690
1736659574,0.5001921653747559,-357207,-400641,1079496
1736659575,0.5001118183135986,-47473,-198069,1327344
1736659582,0.5003345012664795,-966722,-793844,931706
1736659583,0.5001788139343262,-182985,-300124,931706
1736659584,0.5000224113464355,162227,-9807,931706
1736659585,0.5000066757202148,113590,-9776,931706
1736659588,0.5007133483886719,-2736256,-1941563,957532
1736659589,0.5004658699035645,-778811,-804994,957532
1736659590,0.5001938343048096,-73128,-332955,1052725
1736659591,0.5002100467681885,-145345,-427110,1486558
1736659602,0.5000443458557129,-166729,-101579,860494
1736659603,0.500037431716919,-82374,-67243,860494
1736659604,0.500075101852417,-147064,-156645,954298
1736659605,0.5000383853912354,-9060,-62760,1042256
1736659607,0.5000176429748535,-57835,-53274,995309
1736659608,0.5000472068786621,-82976,-95766,1045628
1736659610,0.5000348091125488,-141161,-101003,1080821
1736659611,0.500037431716919,-65580,-67770,1080821
1736659613,0.5001339912414551,-480061,-355172,1086155
1736659614,0.5001101493835449,-181042,-200171,1086155
1736659617,0.5001075267791748,-417246,-296672,1033874
1736659618,0.5000319480895996,-27424,-32024,1008501
1736659620,0.5000605583190918,-165283,-144212,1008501
1736659622,0.500025749206543,-48807,-58541,1012920
1736659624,0.5000667572021484,-189690,-163695,1033053
1736659627,0.5004417896270752,-1604769,-1161977,1301796
1736659628,0.5003132820129395,-517768,-556407,1301796
1736659629,0.5001325607299805,-31939,-225909,1261138
1736659634,0.5001137256622314,-520447,-325636,871198
1736659635,0.5000531673431396,-114362,-75685,871198
1736659637,0.5000190734863281,-82014,-50478,794005
1736659638,0.5000407695770264,-88074,-81143,794005
1736659642,0.5000696182250977,-188914,-153548,794780
1736659643,0.5000109672546387,19581,-1727,794780
1736659647,0.5001685619354248,-642514,-433978,831863
1736659648,0.500190258026123,-385941,-370159,831863
1736659649,0.5000736713409424,-15840,-115841,870144
1736659650,0.5000090599060059,102609,-2144,962772
1736659652,0.500053882598877,-92644,-124669,975209
1736659653,0.5000100135803223,56468,-3351,975209
1736659655,0.5000360012054443,-163889,-110540,937851
1736659656,0.5000488758087158,-96686,-92503,937851
1736659658,0.500025749206543,-87746,-68760,937851
1736659660,0.4999978542327881,-24245,-2456,823088
1736659661,0.5000367164611816,-92676,-78161,937851
1736659663,0.5001680850982666,-494226,-412263,1212451
1736659664,0.5002684593200684,-481954,-548259,1474813
1736659665,0.5000746250152588,114111,-96780,1474813
1736659671,0.5000255107879639,-177439,-56740,1006610
1736659672,0.5001044273376465,-291263,-223796,1006610
1736659673,0.5000340938568115,-25257,-45169,995347
1736659674,0.5000121593475342,9481,-18008,995347
1736659677,0.5000319480895996,-113077,-83538,1041497
1736659680,0.5000722408294678,-307987,-202025,1042936
1736659682,0.5000097751617432,-47752,-23619,1021454
1736659686,0.5000369548797607,-107841,-82752,964166
1736659687,0.5000128746032715,-7299,-14562,1021454
1736659688,0.5000035762786865,7305,-2148,1021454
1736659690,0.5000312328338623,-97142,-76654,964166
1736659692,0.5002522468566895,-745932,-617744,1290620
1736659693,0.5001275539398193,-109740,-205331,1290620
1736659696,0.5000097751617432,-72330,-47236,1135843
1736659698,0.5000309944152832,-74584,-67625,1135843
1736659699,0.5000836849212646,-159795,-175211,1347146
1736659700,0.5000402927398682,-1583,-64938,1347146
1736659704,0.5000216960906982,-150189,-66959,1076612
1736659705,0.5000123977661133,-54260,-16087,1076612
1736659710,0.5000514984130859,-156793,-114226,976947
1736659711,0.5000216960906982,-25925,-30396,976947
1736659713,0.5000584125518799,-149765,-136426,1033706
1736659714,0.5000300407409668,-15380,-46971,1033706
1736659716,0.5002481937408447,-1121043,-727943,980639
1736659717,0.5002882480621338,-610886,-554098,1043696
1736659718,0.5000967979431152,-18767,-145245,1043696
1736659719,0.5000426769256592,58327,-73781,1043696
1736659722,0.5000030994415283,-21679,-15497,1084934
1736659723,0.5000360012054443,-74748,-75070,1084934
1736659724,0.5000526905059814,-82383,-105129,1094817
1736659728,0.5006983280181885,-1956235,-1677546,1094817
1736659729,0.5002520084381104,-48560,-356742,1065728
1736659730,0.5000572204589844,242208,-80542,1094817
1736659736,0.5000917911529541,-297585,-224103,1028909
1736659737,0.500058650970459,-84464,-100258,1065393
1736659740,0.5003046989440918,-1086354,-792068,1065393
1736659741,0.5001046657562256,-98046,-129666,999352
1736659742,0.5000488758087158,-28786,-89820,958033
1736659744,0.5000729560852051,-167913,-176128,1064314
1736659746,0.5000486373901367,-142211,-127651,1019279
1736659749,0.5001006126403809,-310177,-238710,1148388
1736659750,0.5000505447387695,-59181,-80767,1069332
1736659752,0.5000514984130859,-222938,-151656,999441
1736659753,0.5000638961791992,-125731,-121330,999441
1736659754,0.5000483989715576,-56758,-90076,1028489
1736659755,0.5000753402709961,-103959,-154305,1206135
1736659757,0.4999985694885254,26185,-3727,1265997
1736659758,0.5000827312469482,-158978,-181034,1265997
1736659759,0.5001118183135986,-155294,-225043,1517091
1736659763,0.5000872611999512,-261953,-227938,1242117
1736659764,0.5000460147857666,-26710,-71281,1242117
1736659767,0.5000646114349365,-179697,-149708,1221059
1736659769,0.5001175403594971,-301606,-276500,1395655
1736659770,0.5000298023223877,36230,-29146,1316245
1736659772,0.5006649494171143,-2544800,-1803376,1316245
1736659773,0.500410795211792,-675949,-697965,1316245
1736659775,0.5000095367431641,112539,-25346,1141649
1736659780,0.5000596046447754,-199954,-145673,1029488
1736659781,0.5000157356262207,-7843,-13548,1029488
1736659783,0.500319242477417,-1420734,-918439,925518
1736659784,0.5003182888031006,-674276,-598201,909304
1736659786,0.5002095699310303,-654272,-551990,909304
1736659788,0.5000607967376709,-95777,-141116,909304
1736659789,0.5000791549682617,-82524,-156596,958525
1736659790,0.500030517578125,53406,-45423,958525
1736659794,0.5000524520874023,-238267,-152964,894695
1736659795,0.5000288486480713,-55973,-42150,894695
1736659798,0.5000197887420654,-83060,-48959,821040
1736659800,0.500075101852417,-245093,-185628,821040
1736659802,0.5000874996185303,-214136,-201569,940864
1736659804,0.5000176429748535,-6783,-37770,896708
1736659807,0.5000412464141846,-122943,-93391,896708
1736659808,0.500030517578125,-45781,-53112,893227
1736659810,0.5000345706939697,-84476,-80902,1055786
1736659811,0.500067949295044,-116599,-138368,1073198
1736659813,0.5000073909759521,25542,-13148,1073198
1736659814,0.5000529289245605,-82328,-113356,1157192
1736659816,0.5000801086425781,-298377,-222679,1157192
1736659817,0.500044584274292,-55174,-68989,1157192
1736659818,0.5000879764556885,-154387,-184754,1298212
1736659822,0.5008292198181152,-3239545,-2254433,1269529
1736659823,0.5001387596130371,-45165,-31916,1269529
1736659824,0.5003361701965332,-746047,-746348,1269529
1736659825,0.5001606941223145,-42320,-266435,1269529
1736659827,0.50028395652771,-903780,-758305,1269529
1736659828,0.5001192092895508,-45928,-171587,1269529
1736659830,0.5001018047332764,-323286,-280331,1142718
1736659831,0.5000438690185547,-6404,-60434,1142718
1736659832,0.5001654624938965,-303772,-359724,1436343
1736659835,0.5003888607025146,-1271716,-989412,1673152
1736659838,0.5000555515289307,-254764,-173071,1061395
1736659841,0.500049352645874,-299135,-148978,898630
1736659842,0.500046968460083,-144096,-83680,898630
1736659843,0.5000760555267334,-173357,-156169,898630
1736659846,0.5000045299530029,-65572,-25245,859270
1736659847,0.5000617504119873,-152170,-131515,859270
1736659848,0.500016450881958,8149,-16847,853309
1736659850,0.5000872611999512,-308302,-230088,866294
1736659851,0.5000250339508057,-9799,-24075,853309
1736659852,0.5000536441802979,-96282,-113498,853309
1736659855,0.4999942779541015,-44597,-4778,889947
1736659857,0.5000956058502197,-274051,-223247,931342
1736659859,0.500053882598877,-219992,-152581,967306
1736659860,0.5001182556152344,-244315,-242901,931342
1736659861,0.5000238418579102,51609,-20272,931342
1736659863,0.500023365020752,-116948,-79364,931342
1736659864,0.5000166893005371,-26500,-24000,905148
1736659866,0.5000917911529541,-193134,-198584,1000170
1736659870,0.500420331954956,-1560330,-1120377,1017804
1736659871,0.5001227855682373,-106675,-134821,922782
1736659872,0.5000853538513184,-110805,-170954,922782
1736659873,0.5000777244567871,-56737,-150127,1017804
1736659874,0.5000252723693848,75784,-34627,1017804
1736659878,0.5000534057617188,-118606,-118202,1096557
1736659882,0.5001585483551025,-527789,-400754,1148785
1736659883,0.5000462532043457,-19873,-51174,1094971
1736659884,0.5000162124633789,10800,-26463,1094971
1736659888,0.5001058578491211,-323466,-242534,1018102
1736659889,0.5000166893005371,11873,-4234,960678
1736659891,0.5000529289245605,-164639,-131356,1045317
1736659894,0.5002105236053467,-543540,-492833,1094821
1736659895,0.5000543594360352,54001,-58354,1062754
1736659897,0.5001225471496582,-238070,-280756,1320011
1736659898,0.5000748634338379,-16119,-130226,1320011
1736659900,0.5000252723693848,26600,-53778,1447097
1736659903,0.5000083446502686,-324219,-118648,1069607
1736659905,0.5000519752502441,-194948,-114511,1069607
1736659906,0.500197172164917,-445817,-423865,1420373
1736659912,0.5000061988830566,-100130,-26214,1020477
1736659915,0.5001089572906494,-353717,-264661,1020477
1736659916,0.5000894069671631,-147343,-164403,1020477
1736659919,0.5000417232513428,-106044,-93814,1023369
1736659920,0.5000553131103516,-89011,-108594,1076059
1736659923,0.5000534057617188,-110325,-120253,1194590
1736659924,0.5000431537628174,-35075,-78100,1194590
1736659931,0.5008137226104736,-3097888,-2159092,804493
1736659932,0.5004141330718994,-672061,-662632,804493
1736659933,0.5003116130828857,-422205,-614394,804493
1736659937,0.5000033378601074,-18394,-15877,918918
1736659938,0.5000123977661133,-18690,-21691,914601
1736659942,0.500002384185791,-43349,-4110,700973
1736659944,0.5000219345092773,-145970,-68769,666387
1736659947,0.5003137588500977,-1066591,-790599,809012
1736659948,0.5001301765441895,-148635,-192620,746644
1736659950,0.500950813293457,-3474928,-2536811,845355
1736659951,0.5005955696105957,-921759,-1026120,845355
1736659953,0.500244140625,-364183,-568801,1088181
1736659954,0.5000865459442139,192628,-121245,1088181
1736659959,0.5000343322753906,-145335,-86865,983818
1736659960,0.5000863075256348,-193922,-179053,1280271
1736659966,0.5000221729278564,-139141,-64161,1051348
1736659967,0.5000252723693848,-78539,-45301,1051348
1736659970,0.5005276203155518,-1959168,-1394319,1345394
1736659971,0.5003857612609863,-668855,-691756,1345394
1736659972,0.5001671314239502,-63618,-287176,1345394
1736659973,0.5001587867736816,-74835,-317478,1607692
1736659981,0.500065803527832,-320498,-177788,988927
1736659986,0.5000154972076416,-112272,-39488,826260
1736659990,0.5000081062316895,-149077,-37530,718528
1736659991,0.5000638961791992,-202409,-135585,718528
1736659993,0.500896692276001,-3202957,-2349329,1152787
1736659994,0.5004723072052002,-665743,-773002,842343
1736659995,0.5001285076141357,114802,-192180,842343
1736659997,0.5000386238098145,107760,-82807,1145021
1736660001,0.5000638961791992,-226344,-167330,722466
1736660003,0.5000522136688232,-125419,-118676,722466
1736660006,0.500054121017456,-140671,-129987,870315
1736660007,0.5001227855682373,-224081,-255598,1106313
1736660008,0.500053882598877,12703,-86038,1106313
1736660010,0.5003316402435303,-1035637,-842047,1406796
1736660011,0.5001709461212158,-161587,-278688,1406796
1736660014,0.5001845359802246,-551019,-454153,1300435
1736660019,0.5000014305114746,-174997,-13872,1022292
1736660023,0.5001266002655029,-642018,-367230,749699
1736660024,0.5000972747802734,-251629,-169447,655671
1736660025,0.5000317096710205,-53401,-46707,655671
1736660027,0.5002298355102539,-590985,-535600,963122
1736660028,0.5001575946807861,-162778,-284689,963122
1736660032,0.5000104904174805,-9020,-21144,836077
1736660034,0.5001323223114014,-351630,-312292,1067175
1736660035,0.5000662803649902,-40920,-107071,1067175
1736660036,0.5000202655792236,49839,-28588,1067175
1736660039,0.5000197887420654,-133406,-63361,930328
1736660040,0.5000565052032471,-145450,-115427,989408
1736660041,0.5000100135803223,8586,-5026,989408
1736660043,0.5000512599945068,-163899,-127973,989408
1736660045,0.5001983642578125,-691907,-515167,1046097
1736660046,0.5001001358032227,-127838,-158670,1046097
1736660048,0.5000801086425781,-159215,-184668,1130870
1736660052,0.5000178813934326,-266733,-96868,862150
1736660053,0.5002148151397705,-555141,-465296,1067711
1736660054,0.50010085105896,-89381,-166078,1067711
1736660058,0.5000424385070801,-93233,-92613,1067711
1736660061,0.5007884502410889,-3011672,-2111989,1067711
1736660065,0.5000612735748291,-709894,-226100,1143877
1736660067,0.5000612735748291,-377403,-106577,1143877
1736660068,0.5001435279846191,-462817,-305212,1299936
1736660070,0.500018835067749,-71223,-43660,1271194
1736660074,0.5003478527069092,-1503739,-974456,982090
1736660075,0.500199556350708,-404532,-326370,933437
1736660079,0.5010316371917725,-3403845,-2568773,933437
1736660080,0.5007071495056152,-1087430,-1273511,912258
1736660081,0.500213623046875,190005,-322305,912258
1736660084,0.5000712871551514,39446,-190692,787533
1736660088,0.5000841617584229,-244893,-212119,797757
1736660090,0.5001089572906494,-222849,-242844,1010375
1736660095,0.5015170574188232,-3889846,-3514585,1307376
1736660096,0.5007047653198242,-365992,-1157685,1261488
1736660100,0.5000121593475342,76020,-53599,1295581
1736660102,0.5002679824829102,-959372,-719848,1315162
1736660106,0.5000431537628174,-135058,-96781,933382
1736660107,0.5000786781311035,-158291,-160532,1047996
1736660110,0.500007152557373,-70195,-33958,1023879
1736660112,0.5000307559967041,-76204,-61026,949728
1736660114,0.5000362396240234,-135075,-94881,1086294
1736660116,0.5000414848327637,-77041,-77370,1086294
1736660120,0.5001609325408936,-607886,-415665,1026483
1736660121,0.50010085105896,-181685,-171830,1026483
1736660124,0.5000715255737305,-209594,-173718,920494
1736660125,0.5000410079956055,-40148,-67150,920494
1736660128,0.5000152587890625,-105411,-55917,888542
1736660132,0.5000379085540771,-110287,-82581,836408
1736660134,0.5001111030578613,-350439,-275650,836408
1736660135,0.5000467300415039,-38032,-68375,921427
1736660136,0.5000195503234863,9876,-31877,921427
1736660138,0.5000104904174805,-20538,-27630,1043920
1736660139,0.5000817775726318,-162539,-175792,1043920
1736660140,0.5001428127288818,-232570,-294585,1275652
1736660143,0.500065803527832,-139555,-150360,1297841
1736660144,0.5000324249267578,1599,-51072,1297841
1736660147,0.500037431716919,-171206,-116104,1280235
1736660150,0.5000674724578857,-284672,-180455,1098814
1736660153,0.5001273155212402,-354245,-281379,1111131
1736660155,0.5000414848327637,-76631,-92139,1111131
1736660156,0.5000338554382324,-22467,-60965,1082665
1736660162,0.5001230239868164,-368146,-291058,1030861
1736660163,0.5000684261322021,-81497,-114853,1030861
1736660165,0.5000643730163574,-106099,-141885,1172140
1736660168,0.5000350475311279,-72391,-75090,1323611
1736660169,0.5000162124633789,531,-23885,1222144
1736660171,0.500053882598877,-146633,-129473,1222144
1736660173,0.5000081062316895,-53964,-30845,1127742
1736660174,0.5000121593475342,-26668,-19738,1127742
1736660179,0.4999940395355224,-136706,-13323,786630
1736660180,0.500016450881958,-113776,-31405,786630
1736660182,0.5000534057617188,-191838,-127491,786630
1736660183,0.5000185966491699,-29435,-22640,786630
1736660185,0.5000946521759033,-327502,-241449,833213
1736660186,0.500058650970459,-86926,-99124,833213
1736660187,0.5000171661376953,15276,-23000,833213
1736660191,0.5003383159637451,-1001323,-826248,1408467
1736660192,0.5002470016479492,-326108,-451429,1408467
1736660194,0.5001041889190674,-210069,-267294,1408467
1736660197,0.5000841617584229,-222664,-218173,1115779
1736660202,0.5000021457672119,-17357,-3912,946518
1736660205,0.5000226497650146,-80991,-48914,908057
1736660206,0.5000181198120117,-38547,-30767,908057
1736660210,0.5000205039978027,-123353,-53680,783215
1736660211,0.5000631809234619,-163495,-130828,823043
1736660212,0.5000433921813965,-61057,-77438,823043
1736660214,0.5000274181365967,-112506,-79963,787021
1736660219,0.5002110004425049,-764062,-545120,787021
1736660220,0.5001025199890137,-151004,-161281,787021
1736660221,0.5000138282775879,47638,-7940,787021
1736660222,0.500046968460083,-58801,-100087,787021
1736660225,0.5000603199005127,-316901,-189809,767185
1736660227,0.5002529621124268,-900850,-649212,816654
1736660228,0.500251054763794,-462186,-480803,818440
1736660230,0.500004768371582,89606,-10422,943949
1736660231,0.5000040531158447,68903,-4243,943949
1736660232,0.500023603439331,3675,-48800,1024262
1736660233,0.5000853538513184,-129723,-181096,1065452
1736660234,0.5000579357147217,-14166,-104456,1179479
1736660241,0.5004191398620605,-1170752,-995453,1074375
1736660246,0.5001235008239746,-457400,-305328,1074375
1736660248,0.500218391418457,-614940,-517776,1231408
1736660250,0.5002398490905762,-481945,-535891,1658213
1736660251,0.5001094341278076,19901,-178629,1658213
1736660253,0.5006778240203857,-2529370,-1834028,1658213
1736660254,0.5002071857452393,-178142,-241611,1139177
1736660258,0.500251054763794,-854958,-634678,1113671
1736660259,0.5001778602600098,-283391,-319598,1113671
1736660260,0.5000629425048828,23164,-98060,1113671
1736660261,0.5000178813934326,89671,-24604,1087895
1736660263,0.5000045299530029,-35999,-31578,1087895
1736660269,0.5000007152557373,-57482,-29,738468
1736660272,0.5000760555267334,-211811,-170992,875959
1736660273,0.5000479221343994,-60621,-83345,875959
1736660275,0.5000331401824951,-113639,-90222,875959
1736660277,0.5000102519989014,-41793,-27651,875959
1736660278,0.500028133392334,-57733,-56129,875959
1736660280,0.5004210472106934,-1539912,-1106120,1039142
1736660281,0.5002808570861816,-465818,-493999,1004123
1736660282,0.5000607967376709,93511,-74416,825023
1736660286,0.5000827312469482,-299031,-220791,830294
1736660290,0.5000078678131104,-48387,-18661,770255
1736660291,0.5001034736633301,-239999,-224789,835663
1736660293,0.5000526905059814,-114779,-124991,835663
1736660295,0.4999969005584717,-76688,-22440,873009
1736660296,0.5001099109649658,-270115,-238874,900280
1736660297,0.5000457763671875,-20719,-70512,900280
1736660300,0.5000205039978027,-49720,-50124,924361
1736660301,0.5000271797180176,-35605,-50925,916876
1736660304,0.5000200271606445,-52689,-44257,1014150
1736660305,0.5000367164611816,-65875,-73250,1014150
1736660306,0.5000338554382324,-35803,-62940,1014150
1736660308,0.5000698566436768,-213342,-176618,1068499
1736660311,0.5005714893341064,-1854300,-1419818,1432110
1736660312,0.5003237724304199,-434027,-555835,1284090
1736660314,0.5008924007415771,-2953184,-2300012,1613976
1736660317,0.5013782978057861,-3644728,-3285140,1284090
1736660318,0.5009167194366455,-929520,-1663350,1691615
1736660319,0.5001907348632812,781740,-230946,1691615
1736660322,0.5000708103179932,155716,-219685,1408623
1736660325,0.5004816055297852,-1891139,-1318081,1252961
1736660326,0.5003561973571777,-644770,-639054,1252961
1736660327,0.500054121017456,144600,-43115,1070664
1736660330,0.5000243186950684,-102530,-77763,997084
1736660335,0.5000569820404053,-169020,-129554,934115
1736660339,0.5000665187835693,-270549,-181372,1011250
1736660340,0.5001423358917236,-300618,-292605,1011250
1736660341,0.5001368522644043,-185382,-267555,1218507
1736660344,0.5002379417419434,-638805,-583890,1102136
1736660345,0.5001983642578125,-231691,-368417,1102136
1736660346,0.5000529289245605,134802,-71432,1102136
1736660347,0.50003981590271,88958,-76835,1218507
1736660353,0.5011610984802246,-3465960,-2751035,1294775
1736660354,0.5004386901855469,-329015,-653878,1013182
1736660355,0.5001344680786133,202457,-221110,1042844
1736660359,0.500462532043457,-2251836,-1385946,1389983
1736660360,0.5009171962738037,-2072215,-1881876,1389983
1736660361,0.5004146099090576,-270362,-701687,1547145
1736660364,0.4999988079071045,13876,-48318,1409780
1736660366,0.5000886917114258,-130307,-188338,1409780
1736660371,0.5000061988830566,-41815,-18065,1409780
1736660375,0.500084638595581,-271066,-207355,1259572
1736660379,0.5009434223175049,-2802365,-2197672,1449101
1736660380,0.500281572341919,-132933,-368950,1449101
1736660381,0.5002405643463135,-214400,-490297,1449101
1736660386,0.5001282691955566,-774513,-424389,982780
1736660387,0.5002310276031494,-580350,-462580,982780
1736660388,0.5000948905944824,-98014,-154349,979709
1736660390,0.5000791549682617,-160220,-185959,922334
1736660392,0.5001044273376465,-468905,-311517,922334
1736660393,0.5002243518829346,-477862,-461146,1159980
1736660394,0.500117301940918,-76377,-203019,1093628
1736660399,0.5000827312469482,-277516,-207124,1066523
1736660400,0.5000264644622803,-18661,-31524,1030438
1736660401,0.5000901222229004,-175597,-194058,1304169
1736660404,0.5003876686096191,-1107677,-942855,1080288
1736660405,0.5002059936523438,-178080,-345561,907574
1736660407,0.5012741088867188,-4600676,-3374150,1263662
1736660408,0.5007879734039307,-1201493,-1355170,1080288
1736660413,0.5009677410125732,-4008183,-2642907,1061358
1736660414,0.5004260540008545,-798909,-636088,1061358
1736660415,0.5000364780426025,74176,-2676,1224139
1736660416,0.5005142688751221,-1092799,-1147398,1224139
1736660417,0.5002608299255371,-60069,-442508,1224139
1736660420,0.5000240802764893,41885,-67941,1273116
1736660422,0.5001287460327148,-395935,-333994,1387149
1736660431,0.5000689029693604,-271769,-167717,948630
1736660434,0.5002660751342773,-975064,-694030,1024600
1736660436,0.5000631809234619,-250480,-170739,1136522
1736660437,0.5002338886260986,-502280,-497683,1139871
1736660439,0.5000989437103271,-204085,-241590,1138565
1736660440,0.5000967979431152,-85691,-184421,1211224
1736660443,0.5004503726959229,-1164601,-1068568,1288859
1736660444,0.5002202987670898,-109285,-362632,1288859
1736660451,0.5000057220458984,-71967,-21756,946091
1736660456,0.5000596046447754,-195668,-136321,890899
1736660458,0.5000894069671631,-287867,-220933,939837
1736660460,0.5002217292785645,-703342,-552342,1135598
1736660461,0.5001232624053955,-147960,-207962,1031852
1736660462,0.5000691413879395,-22009,-126399,1031852
1736660465,0.5000014305114746,-79179,-26093,866665
1736660470,0.5001115798950195,-301891,-252224,890870
1736660471,0.5000669956207275,-75979,-116879,952486
1736660472,0.5000393390655518,-6670,-70364,1089671
1736660473,0.5000343322753906,1166,-64529,1032393
1736660476,0.5000362396240234,-108587,-86558,981862
1736660479,0.500185489654541,-411173,-412160,1366039
1736660482,0.5001256465911865,-616711,-370809,1022342
1736660483,0.5001029968261719,-244361,-183472,880934
1736660485,0.5001535415649414,-458596,-374034,1043258
1736660486,0.5000631809234619,-40811,-93828,1043258
1736660487,0.5000293254852295,14340,-50920,993528
1736660490,0.5000264644622803,-91894,-73009,990915
1736660492,0.5000724792480469,-210074,-173497,990915
1736660496,0.5000855922698975,-235418,-195703,990915
1736660497,0.5000157356262207,21691,-9220,990915
1736660500,0.5000271797180176,-102586,-67790,937607
1736660501,0.5000097751617432,-14308,-10287,937607
1736660503,0.5000545978546143,-238279,-151363,991357
1736660504,0.5001363754272461,-298281,-282849,1168489
1736660505,0.5000972747802734,-106619,-180671,1168489
1736660508,0.5000419616699219,-112923,-108146,1174046
1736660510,0.5000457763671875,-183079,-127184,1079946
1736660513,0.5000336170196533,-127012,-80672,1005473
1736660514,0.5000226497650146,-45931,-37695,1005473
1736660516,0.5000736713409424,-254075,-186803,1011030
1736660519,0.4999990463256836,-49535,-8176,880459
1736660521,0.5000009536743164,-31763,-2406,927860
1736660523,0.5000362396240234,-113891,-83649,889157
1736660524,0.5000195503234863,-26329,-30254,818987
1736660528,0.5000026226043701,-20740,-2151,729211
1736660532,0.5000472068786621,-163926,-115129,729211
1736660533,0.5000519752502441,-98180,-98560,805453
1736660536,0.5000612735748291,-181553,-148060,925971
1736660537,0.5000588893890381,-89678,-110651,925971
1736660538,0.5000402927398682,-25270,-73147,1069741
1736660540,0.5001788139343262,-478465,-428612,1184385
1736660541,0.5000944137573242,-64048,-157734,1184385
1736660542,0.500023365020752,82391,-30510,1184385
1736660546,0.5001368522644043,-498122,-362809,1224716
1736660548,0.5001175403594971,-368900,-291456,1208906
1736660549,0.5000593662261963,-61980,-95206,1342743
1736660552,0.5002527236938477,-869897,-650427,1342743
1736660553,0.500119686126709,-147604,-189103,1342743
1736660554,0.5001368522644043,-193709,-279489,1535482
1736660559,0.5006687641143799,-2099941,-1660875,1919942
1736660560,0.5004055500030518,-520259,-711175,2061571
1736660561,0.5001230239868164,157842,-189152,2061571
1736660564,0.5002083778381348,-832555,-580650,1803723
1736660565,0.5001285076141357,-219322,-217184,1743205
1736660568,0.5005843639373779,-2420083,-1595209,1341382
1736660569,0.5002884864807129,-556170,-457321,943408
1736660571,0.500018835067749,5034,-39094,943408
1736660572,0.500035285949707,-27466,-70084,943408
1736660575,0.5018923282623291,-5099411,-4459608,1676798
1736660577,0.5008001327514648,-1392483,-1843029,1883157
1736660579,0.5003132820129395,-287243,-748345,2054355
1736660580,0.5001132488250732,386950,-160324,2054355
1736660583,0.500645637512207,-2193257,-1659433,2054355
1736660584,0.5003304481506348,-419637,-543790,2054355
1736660585,0.5000619888305664,176791,-73253,1941513
1736660589,0.500011682510376,-195283,-50334,1275196
1736660590,0.5000081062316895,-94837,-8473,1275196
1736660593,0.5000438690185547,-262525,-109545,939277
1736660594,0.5000426769256592,-152705,-78482,882614
1736660596,0.5000314712524414,-135633,-79742,871760
1736660598,0.500016450881958,-79429,-42813,916699
1736660599,0.5000479221343994,-110851,-98064,916699
1736660604,0.5000765323638916,-194897,-171530,916699
1736660606,0.5000011920928955,13853,-2188,880775
1736660608,0.5000264644622803,-146994,-82414,821333
1736660613,0.5003364086151123,-1095795,-832409,950774
1736660615,0.5002048015594482,-648262,-518972,950774
1736660616,0.5000805854797363,-52027,-117215,950774
1736660617,0.5001826286315918,-308211,-389007,1014523
1736660618,0.5000669956207275,71979,-101281,1014523
1736660623,0.5000507831573486,-131048,-121080,1234103
1736660625,0.5000848770141602,-199816,-195056,1536760
1736660630,0.5011510848999023,-3997070,-2946909,1854419
1736660631,0.5004186630249023,-441852,-590812,1070358
1736660635,0.5000064373016357,3392,-12540,799093
1736660637,0.5009498596191406,-3012189,-2358665,1584711
1736660638,0.5004439353942871,-466193,-716326,1584711
1736660639,0.5000956058502197,263362,-126629,1584711
1736660642,0.5000097751617432,-205677,-93274,1027990
1736660644,0.5000956058502197,-354102,-238405,1027990
1736660646,0.5001842975616455,-826387,-522307,986401
1736660647,0.5001204013824463,-261173,-205009,986401
1736660648,0.5001065731048584,-187873,-210061,881928
1736660650,0.5002384185791016,-668713,-579984,1101151
1736660651,0.5000646114349365,36851,-75034,1101151
1736660652,0.5001254081726074,-165425,-266255,1222199
1736660654,0.5000410079956055,-16198,-96368,1222199
1736660656,0.5000197887420654,-55976,-60517,1222199
1736660658,0.5000612735748291,-324102,-189051,1021547
1736660659,0.5000274181365967,-73679,-35859,1021547
1736660662,0.5000221729278564,-95183,-51007,895508
1736660664,0.5007202625274658,-2869639,-1943013,895508
1736660665,0.5004513263702393,-848583,-782849,860532
1736660666,0.5001590251922607,-72322,-261163,860532
1736660667,0.5001339912414551,-54226,-264764,940841
1736660671,0.5004110336303711,-1183002,-994838,1299106
1736660673,0.5003366470336914,-988030,-842967,1299106
1736660674,0.5000455379486084,149703,-1643,1299106
1736660675,0.500115156173706,-145742,-252178,1299106
1736660677,0.5000569820404053,-127776,-152552,1299106
1736660680,0.500065803527832,-199956,-164638,1291388
1736660684,0.4999995231628418,-240818,-39237,940272
1736660686,0.5000801086425781,-277191,-177666,861234
1736660687,0.5000650882720947,-137658,-121290,941861
1736660689,0.500220775604248,-766357,-566560,941861
1736660690,0.5000860691070557,-94313,-124423,853944
1736660692,0.500009298324585,-4177,-24697,877359
1736660693,0.5000033378601074,20948,-825,840651
1736660695,0.4999980926513672,-34485,-6673,929798
1736660696,0.500046968460083,-117451,-99984,957488
1736660697,0.5000417232513428,-60155,-77924,957488
1736660698,0.5000412464141846,-43528,-79343,957488
1736660699,0.5000545978546143,-60059,-108933,1084972
1736660702,0.500624418258667,-2208936,-1621986,1338379
1736660703,0.5003798007965088,-584438,-660169,1338379
1736660704,0.500053882598877,208285,-42777,1291251
1736660705,0.5000522136688232,81490,-107087,1497200
1736660707,0.5000700950622559,-198405,-196128,1497200
1736660708,0.5001034736633301,-146619,-203864,1502718
1736660710,0.5002987384796143,-1079134,-792991,1502718
1736660711,0.5002381801605225,-398545,-436142,1627776
1736660712,0.5000994205474854,-11516,-168676,1627776
1736660717,0.5000243186950684,-98241,-56796,1502718
1736660718,0.5000271797180176,-62229,-50256,1502718
1736660720,0.5000412464141846,-144686,-104438,1502718
1736660726,0.500054121017456,-198608,-123026,1196521
1736660730,0.5001509189605713,-540678,-374852,1034821
1736660731,0.5000360012054443,-38124,-34501,903884
1736660734,0.500056266784668,-149325,-124177,893610
1736660738,0.5000283718109131,-86590,-63172,864013
1736660742,0.5000419616699219,-118125,-90978,853697
1736660744,0.5000834465026855,-206081,-190030,927373
1736660748,0.5001168251037598,-328518,-267332,1060140
1736660751,0.5000350475311279,-85596,-76655,1060140
1736660753,0.5000607967376709,-213984,-156315,1027861
1736660757,0.5002071857452393,-663328,-510323,1102746
1736660758,0.5001201629638672,-160867,-206861,1102256
1736660761,0.5000669956207275,-126269,-146084,1102256
1736660770,0.5000874996185303,-985714,-395574,773587
1736660771,0.5007379055023193,-1884788,-1590362,1031137
1736660772,0.5003361701965332,-296034,-567045,1051605
1736660775,0.500206708908081,-648774,-545764,1178350
1736660776,0.5001926422119141,-271839,-363461,1178350
1736660782,0.5000259876251221,-133876,-68090,881569
1736660784,0.5000262260437012,-149263,-75126,813688
1736660786,0.500046968460083,-128197,-102404,977886
1736660787,0.5000402927398682,-61299,-73965,964323
1736660789,0.5000395774841309,-93946,-92326,960673
1736660792,0.5002872943878174,-1076210,-754040,1021130
1736660793,0.5002219676971436,-404300,-404993,1021130
1736660795,0.5000600814819336,-108367,-146938,1083380
1736660796,0.5000972747802734,-124939,-196020,1083380
1736660797,0.500068187713623,-17170,-125733,1283932
1736660799,0.5000391006469727,-245279,-148304,1081958
1736660800,0.500098705291748,-222445,-199054,1081958
1736660806,0.5000119209289551,-76197,-25288,775329
1736660809,0.5000119209289551,-77764,-32085,787383
1736660812,0.5000789165496826,-251507,-190180,787383
1736660814,0.500056266784668,-124502,-124623,953027
1736660815,0.5000979900360107,-162439,-199911,1023948
1736660817,0.5001072883605957,-234311,-250818,1155457
1736660821,0.5000314712524414,-90522,-74219,1158356
1736660825,0.5001327991485596,-366297,-304759,1158356
1736660827,0.5000770092010498,-157027,-174027,1295349
1736660832,0.5000355243682861,-158103,-91664,1154876
1736660834,0.5002017021179199,-550327,-470576,1415855
1736660835,0.5000276565551758,79693,-5654,1415855
1736660836,0.5000534057617188,-52915,-114354,1410736
1736660841,0.5000598430633545,-197833,-131395,1169394
1736660842,0.500054121017456,-108787,-101699,1169394
1736660845,0.5003151893615723,-1212515,-831888,1151707
1736660846,0.500169038772583,-296379,-279507,973735
1736660848,0.500006914138794,35835,-12508,973735
1736660850,0.5000433921813965,-110183,-104081,973735
1736660851,0.5000879764556885,-152943,-179896,1151707
1736660854,0.4999895095825195,-68971,-1815,886157
1736660855,0.5000801086425781,-220111,-173646,1032609
1736660857,0.5001285076141357,-557617,-359604,1032609
1736660858,0.5001220703125,-258483,-227756,1032609
1736660860,0.5000550746917725,-90388,-119612,960742
1736660863,0.5001790523529053,-610065,-453131,973101
1736660864,0.5001311302185059,-210877,-236963,973101
1736660866,0.5002114772796631,-754355,-558822,939002
1736660867,0.5000839233398438,-90381,-121154,973101
1736660869,0.5000147819519043,41809,-16078,973101
1736660872,0.5001692771911621,-575789,-423469,971261
1736660873,0.5000863075256348,-120654,-141070,971261
1736660874,0.500075101852417,-90560,-147172,1051114
1736660880,0.500089168548584,-360423,-235036,1134463
1736660881,0.5000388622283936,-73680,-56420,1292284
1736660882,0.5001535415649414,-325472,-330316,1292284
1736660884,0.5000052452087402,35368,-15686,1256668
1736660885,0.5000431537628174,-50088,-90531,1256668
1736660889,0.5000653266906738,-163911,-147380,1323713
1736660891,0.5000214576721191,-194595,-90413,1190930
1736660892,0.5000481605529785,-138936,-93132,1190930
1736660893,0.5000259876251221,-47942,-43819,1323713
1736660895,0.5000412464141846,-143761,-104567,1185483
1736660898,0.5000319480895996,-141998,-78094,989497
1736660899,0.5000078678131104,-26559,-5255,989497
1736660901,0.5000057220458984,-34033,-13047,961098
1736660904,0.5000391006469727,-176463,-94469,854552
1736660905,0.5000853538513184,-204651,-175596,971667
1736660909,0.5000519752502441,-230458,-142084,1003245
1736660913,0.5003454685211182,-991331,-818743,1287607
1736660914,0.5002124309539795,-253041,-377852,1283957
1736660917,0.500237226486206,-586945,-577646,1081650
1736660918,0.5001380443572998,-72392,-239176,1108205
1736660921,0.5000441074371338,-117584,-115909,1081650
1736660923,0.5000226497650146,-69812,-59052,1048874
1736660926,0.5000066757202148,-128911,-39930,847357
1736660927,0.5000424385070801,-136103,-85795,879214
1736660929,0.5001204013824463,-469423,-316382,943569
1736660930,0.5001490116119385,-304050,-291836,943569
1736660931,0.5000178813934326,78199,-802,879214
1736660935,0.5002334117889404,-687803,-564223,1167982
1736660936,0.5000853538513184,-40588,-123349,1167982
1736660938,0.5012936592102051,-4684718,-3374763,1283811
1736660939,0.5008080005645752,-1323389,-1418849,1283811
1736660940,0.500237226486206,124301,-368176,1217147
1736660943,0.4999916553497314,106095,-9168,1383835
1736660945,0.5,-19757,-18278,1247468
1736660948,0.5000073909759521,-78988,-23894,1097957
1736660949,0.500072717666626,-186417,-155020,1143135
1736660952,0.5000734329223633,-239606,-182223,1238966
1736660954,0.500077486038208,-178572,-173544,1238966
1736660957,0.5000021457672119,8978,-3271,1196630
1736660958,0.5000107288360596,-10406,-19962,1196630
1736660961,0.5000400543212891,-166301,-100668,1146226
1736660964,0.5001742839813232,-822927,-496304,1047709
1736660965,0.5001060962677002,-257397,-177652,1047709
1736660966,0.500042200088501,-72852,-70326,904696
1736660968,0.5000312328338623,-111660,-81432,887844
1736660973,0.500037431716919,-216223,-105107,894504
1736660974,0.5000238418579102,-83870,-37621,883506
1736660975,0.5000741481781006,-177833,-156745,883506
1736660978,0.5000030994415283,-9116,-7895,929873
1736660980,0.500065803527832,-165959,-148653,929873
1736660982,0.5000247955322266,-84054,-65822,954264
1736660983,0.5000224113464355,-31353,-38337,971196
1736660984,0.5000660419464111,-122640,-139030,1046790
1736660986,0.5006895065307617,-2124609,-1692273,1584943
1736660988,0.5005552768707275,-1397143,-1309324,1905694
1736660989,0.5000953674316406,268464,-62860,1584943
1736660990,0.5000097751617432,239759,-11026,1584943
1736660997,0.500140905380249,-577907,-359964,908287
1736661000,0.5002732276916504,-795159,-642290,981323
1736661001,0.500046968460083,55116,-30563,981323
1736661002,0.5001187324523926,-186727,-255871,1040489
1736661003,0.500018835067749,114590,-10572,1040489
1736661005,0.5000340938568115,-39990,-80002,1139772
1736661011,0.5001323223114014,-506213,-340866,1075566
1736661012,0.5000638961791992,-113984,-100501,1075566
1736661014,0.5006051063537598,-2201206,-1571425,1075566
1736661015,0.5003151893615723,-492963,-523544,1004164
1736661016,0.5000810623168945,59545,-118925,1004164
1736661018,0.5000002384185791,75524,-7175,938768
1736661022,0.500234842300415,-721892,-551889,938768
1736661025,0.5003178119659424,-1107981,-814806,825512
1736661026,0.5001108646392822,-115025,-154245,825512
1736661028,0.5000178813934326,54423,-19304,825512
1736661034,0.5008540153503418,-2969903,-2167042,958770
1736661035,0.5005996227264404,-1002892,-1091002,1171292
1736661036,0.5000905990600586,310844,-78133,1171292
1736661038,0.5000262260437012,126228,-61286,1136578
1736661043,0.500521183013916,-1934184,-1354827,1188209
1736661044,0.5002779960632324,-464281,-465179,1099049
1736661046,0.5007688999176025,-2519483,-1946094,1393204
1736661047,0.500363826751709,-410500,-592956,1099049
1736661048,0.5000796318054199,196868,-108738,1099049
1736661052,0.5000360012054443,-147226,-90454,738794
1736661055,0.5000085830688477,-74173,-25823,761703
1736661057,0.5000407695770264,-107431,-87396,761703
1736661058,0.5000138282775879,-5096,-17290,761703
1736661060,0.5002963542938232,-989547,-743343,857233
1736661061,0.500157356262207,-214607,-265267,857233
1736661062,0.5000154972076416,113105,-1937,914720
1736661064,0.5000705718994141,-99283,-153703,970825
1736661068,0.5000045299530029,-56498,-22239,970825
1736661069,0.5000934600830078,-217874,-200564,1116124
1736661073,0.5000030994415283,-55050,-8421,873637
1736661074,0.5001332759857178,-320409,-290295,1057601
1736661078,0.5000414848327637,-190765,-109053,841714
1736661079,0.50008225440979,-190674,-166191,932162
1736661080,0.5000660419464111,-91455,-124174,989668
1736661082,0.5002198219299316,-747564,-564011,1206280
1736661083,0.5001335144042969,-190713,-231429,1206280
1736661084,0.500056266784668,1843,-96087,1071055
1736661086,0.5001358985900879,-389916,-339114,1240044
1736661087,0.500096321105957,-107032,-173205,1315913
1736661088,0.500053882598877,1308,-96974,1315913
1736661090,0.5000033378601074,-51823,-34111,1315913
1736661091,0.5000598430633545,-126938,-124773,1315913
1736661095,0.5001170635223389,-361413,-265744,1146070
1736661096,0.500070333480835,-110545,-123300,1146070
1736661098,0.5000083446502686,16090,-15155,1146070
1736661101,0.5000996589660645,-367914,-258737,1195143
1736661102,0.5000829696655273,-150950,-152147,1195719
1736661104,0.5000576972961426,-111480,-129107,1262477
1736661108,0.5004379749298096,-1251208,-1043527,1175424
1736661109,0.5001041889190674,54081,-113600,1175424
1736661111,0.5004448890686035,-1305911,-1095734,1171684
1736661112,0.5001091957092285,60824,-120772,1043553
1736661115,0.5000529289245605,-56541,-114862,1171684
1736661118,0.500321626663208,-1027974,-809732,1351045
1736661119,0.5001871585845947,-232715,-322866,1351045
1736661124,0.5003235340118408,-1024498,-794162,1205481
1736661125,0.5000917911529541,-36737,-113750,1034832
1736661128,0.5000579357147217,-132924,-137350,1076075
1736661130,0.5000391006469727,-207771,-123929,940618
1736661131,0.5000240802764893,-58089,-36579,878612
1736661133,0.5000369548797607,-165372,-100196,843316
1736661135,0.499995470046997,-60453,-2992,843316
1736661136,0.5001721382141113,-416714,-377389,1064202
1736661137,0.5000581741333008,1584,-84105,1064202
1736661140,0.5001382827758789,-359208,-326324,1224053
1736661142,0.5002033710479736,-436990,-457788,1540076
1736661143,0.5000705718994141,49301,-102594,1540076
1736661148,0.5000209808349609,-42669,-46010,1484272
1736661149,0.500051736831665,-89692,-105834,1484272
1736661152,0.5000369548797607,-159669,-100002,1357266
1736661156,0.5000267028808594,-184084,-61635,1145341
1736661157,0.5000574588775635,-184170,-116947,1145341
1736661159,0.5000243186950684,-176969,-80820,965081
1736661160,0.5000083446502686,-49482,-6423,965081
1736661161,0.5000112056732178,-48584,-20370,1081870
1736661162,0.500035285949707,-85725,-72086,1081870
1736661163,0.5000452995300293,-76955,-89034,1101231
1736661164,0.5000123977661133,21306,-13859,1101231
1736661167,0.5000395774841309,-121598,-99133,1060295
1736661168,0.5000853538513184,-160298,-174312,1060295
1736661172,0.5000364780426025,-191348,-102011,944800
1736661176,0.5000369548797607,-178854,-88520,940891
1736661177,0.5000083446502686,-41299,-4621,904437
1736661180,0.5001018047332764,-274378,-230823,940891
1736661181,0.5000400543212891,-21633,-60392,940891
1736661186,0.5004768371582031,-1324694,-1121645,844021
1736661187,0.5002062320709229,-138179,-332539,844021
1736661188,0.500053882598877,158460,-77353,978286
1736661191,0.5004093647003174,-1276920,-1031123,1558842
1736661192,0.5003230571746826,-463741,-601020,1558842
1736661193,0.5001566410064697,-1831,-278232,1726115
1736661195,0.5000560283660889,5772,-137805,1726115
1736661199,0.5000245571136475,-180693,-59127,1087664
1736661200,0.500035285949707,-135299,-67941,1087664
1736661203,0.5002408027648926,-1027194,-657041,1053106
1736661204,0.5002081394195557,-448557,-386562,1053106
1736661205,0.5000433921813965,21779,-50793,1011729
1736661206,0.5000553131103516,-47370,-113408,1126948
1736661208,0.5000383853912354,-62519,-91669,1192394
1736661209,0.5000288486480713,-2670,-50576,1192394
1736661212,0.5008649826049805,-3020875,-2202390,1445616
1736661213,0.5003960132598877,-551964,-639742,1192394
1736661214,0.5000760555267334,157323,-96044,1083848
1736661221,0.5000500679016113,-160440,-109117,833195
1736661224,0.500032901763916,-107679,-78417,926171
1736661227,0.5000016689300537,-64853,-17518,926171
1736661228,0.5001757144927979,-411077,-383198,1019082
1736661230,0.5000436305999756,-67894,-103957,956224
1736661231,0.5000343322753906,-4989,-61420,1000751
1736661234,0.5000238418579102,-41959,-57919,1052038
1736661238,0.500225305557251,-921003,-602131,1018250
1736661239,0.5002062320709229,-431018,-388447,1018250
1736661240,0.5000624656677246,-6227,-92961,982689
1736661243,0.5000107288360596,-21670,-36543,1018250
1736661245,0.50010085105896,-243637,-229506,1018250
1736661248,0.500319242477417,-1080292,-807179,1049575
1736661249,0.5002174377441406,-340596,-391571,1218213
1736661250,0.5001306533813477,-90802,-243956,1218213
1736661252,0.5005567073822021,-1945168,-1448735,1348383
1736661253,0.5003542900085449,-538515,-625632,1348383
1736661255,0.5003082752227783,-811986,-757873,1640559
1736661256,0.5001766681671143,-117098,-306581,1580061
1736661260,0.5000250339508057,-33420,-51739,1443370
1736661261,0.5000708103179932,-119180,-147525,1679104
1736661270,0.5002803802490234,-1008977,-710448,1174717
1736661271,0.5001635551452637,-279018,-283182,1174717
1736661273,0.5002005100250244,-612671,-501771,1417554
1736661274,0.500075101852417,-36074,-108976,1290322
1736661275,0.5001647472381592,-266766,-350490,1482898
1736661276,0.5000185966491699,163344,-410,1482898
1736661286,0.5000789165496826,-265912,-181892,1107528
1736661287,0.5000946521759033,-190538,-186292,1107528
1736661288,0.5000414848327637,-15198,-68113,1115301
1736661289,0.5000104904174805,45172,-12302,1115301
1736661292,0.5000112056732178,-83939,-39929,1083512
1736661293,0.5000171661376953,-49090,-30262,1083512
1736661294,0.5000295639038086,-62502,-58401,1083512
1736661296,0.5000088214874268,-29888,-22057,1151088
1736661297,0.5001070499420166,-229888,-231023,1301993
1736661301,0.5001740455627441,-476258,-418172,1310191
1736661307,0.5002846717834473,-723449,-650386,1808709
1736661308,0.5000894069671631,18316,-125655,1808709
1736661310,0.500145673751831,-649595,-429864,1647835
1736661311,0.5000417232513428,-67486,-42634,1748896
1736661312,0.5002360343933105,-517886,-513280,1748896
1736661314,0.5004703998565674,-1530990,-1192409,1890507
1736661315,0.5002858638763428,-381696,-502412,1890507
1736661318,0.5000195503234863,-123079,-59575,1479781
1736661321,0.5008082389831543,-2198008,-1888124,1558725
1736661322,0.5001966953277588,120419,-229099,1296508
1736661324,0.500065803527832,-8503,-164108,1394395
1736661325,0.5000433921813965,83682,-74474,1394395
1736661330,0.500324010848999,-1023750,-791754,1545363
1736661331,0.5000736713409424,196,-74933,1457431
1736661332,0.5000476837158203,-18722,-93792,1457431
1736661334,0.5003659725189209,-1319782,-955452,1457431
1736661337,0.500119686126709,-310238,-272433,1177266
1736661340,0.5006887912750244,-2254526,-1674590,1177266
1736661341,0.5001480579376221,-48382,-144804,1004087
1736661343,0.5003452301025391,-633530,-744466,1519667
1736661344,0.5000536441802979,264852,-36143,1519667
1736661346,0.5000283718109131,79070,-63432,1519667
1736661352,0.5000109672546387,-162875,-34550,1061922
1736661353,0.5000457763671875,-173273,-93811,1027788
1736661354,0.5000178813934326,-53240,-25760,1061922
1736661356,0.5001802444458008,-543405,-431659,1147928
1736661357,0.5000913143157959,-100969,-152244,1103523
1736661360,0.5000433921813965,-123802,-106726,1067167
1736661361,0.500007152557373,19461,-603,1063452
1736661363,0.5000295639038086,-115568,-78426,1091877
1736661366,0.4999866485595703,-103758,-2003,1048361
1736661367,0.5000450611114502,-166462,-95835,1048361
1736661368,0.5000226497650146,-56808,-36119,1048361
1736661370,0.5000309944152832,-70989,-65585,1071541
1736661371,0.5000052452087402,14952,-941,1071541
1736661372,0.5002403259277344,-515962,-527369,1429506
1736661373,0.5002436637878418,-313080,-479276,1940676
1736661376,0.5002937316894531,-1051780,-777410,1797722
1736661377,0.5001986026763916,-311698,-352862,1714333
1736661378,0.5000572204589844,49276,-85397,1714333
1736661384,0.5002052783966064,-879458,-551378,1343431
1736661385,0.5001976490020752,-439042,-374799,1343431
1736661387,0.5007615089416504,-2590247,-1929939,1498144
1736661388,0.5003821849822998,-521897,-638663,1498144
1736661394,0.5002148151397705,-493234,-476956,1312643
1736661395,0.5000808238983154,7372,-124320,1312643
1736661398,0.500253438949585,-1035224,-673547,993541
1736661399,0.5001747608184814,-362100,-310991,935857
1736661402,0.5002551078796387,-868871,-646811,1042304
1736661403,0.5000898838043213,-88306,-126908,935857
1736661404,0.5000674724578857,-67112,-132205,936373
1736661406,0.500023603439331,-6846,-53012,959041
1736661409,0.5000512599945068,-201888,-136022,954355
1736661410,0.5000698566436768,-141523,-136223,954355
1736661411,0.500011682510376,29209,-7948,954355
1736661412,0.5000391006469727,-53459,-81853,1039997
1736661414,0.5000064373016357,-29951,-23514,965466
1736661417,0.5000889301300049,-277545,-215072,1042798
1736661418,0.5000309944152832,-21369,-42159,1042798
1736661419,0.500028133392334,-27089,-54290,1042798
1736661421,0.5005781650543213,-1863297,-1431764,1500446
1736661422,0.5003259181976318,-438882,-566338,1500446
1736661424,0.5002090930938721,-589369,-540195,1523188
1736661425,0.5000998973846436,-32796,-160433,1523188
1736661428,0.5002174377441406,-483017,-503392,1543381
1736661431,0.5000967979431152,-353091,-254564,1330107
1736661432,0.5001125335693359,-210538,-217938,1330107
1736661434,0.499993085861206,-123944,-30527,1117846
1736661435,0.5000615119934082,-184967,-128734,1117846
1736661438,0.5000576972961426,-240841,-141617,892049
1736661444,0.500051736831665,-145580,-111440,766594
1736661446,0.5000011920928955,-33029,-9356,651681
1736661447,0.5000419616699219,-101622,-87858,769006
1736661448,0.5001277923583984,-252176,-268898,924624
1736661449,0.5000298023223877,58576,-33799,924624
1736661451,0.5003776550292969,-1438706,-1002167,862118
1736661452,0.5002522468566895,-453375,-448448,862118
1736661456,0.5000531673431396,-296301,-159307,831893
1736661459,0.5010685920715332,-3788771,-2719245,1078267
1736661460,0.5006120204925537,-996108,-1063214,1078267
1736661461,0.5001826286315918,77159,-288779,1078267
1736661462,0.5001535415649414,37363,-305427,1407206
1736661463,0.5000295639038086,303066,-28515,1407206
1736661466,0.5000061988830566,-31265,-37074,1365261
1736661467,0.5000357627868652,-56050,-71238,1365261
1736661469,0.5002298355102539,-970884,-632160,1365261
1736661470,0.5002915859222412,-621626,-574167,1365261
1736661471,0.500098466873169,-13616,-152645,1437188
1736661472,0.5000381469726562,78730,-64384,1437188
1736661474,0.5000922679901123,-201712,-222127,1553452
1736661479,0.5016293525695801,-4495716,-3793353,1469542
1736661480,0.50077223777771,-657260,-1303612,1469542
1736661482,0.5003862380981445,-956037,-1036443,1469542
1736661483,0.5001623630523682,121142,-246075,1469542
1736661484,0.500192403793335,-64922,-395797,1810167
1736661486,0.500011682510376,180701,-32678,1810167
1736661487,0.5001318454742432,-125033,-284202,2156428
1736661490,0.5019440650939941,-7124415,-4998296,1910986
1736661494,0.5000026226043701,-1139089,-90374,1194645
1736661496,0.5002236366271973,-1013541,-497190,1194645
1736661497,0.5001533031463623,-494953,-282664,1194645
1736661503,0.5000834465026855,-295857,-186254,924143
1736661504,0.500037670135498,-81113,-60267,924143
1736661507,0.5008339881896973,-2885358,-2085846,981365
1736661509,0.5005412101745605,-1426350,-1269098,1062280
1736661510,0.5003306865692139,-323631,-594284,1222694
1736661512,0.500105619430542,-157563,-277787,1222694
1736661517,0.500089168548584,-228277,-212479,1526780
1736661519,0.5004420280456543,-1537034,-1127579,1517346
1736661520,0.5002789497375488,-442415,-494071,1517346
1736661523,0.500281810760498,-870768,-702197,1517346
1736661524,0.5000767707824707,510,-92150,1517346
1736661526,0.5000467300415039,-307912,-169390,1193156
1736661527,0.5000698566436768,-179163,-133015,1193156
1736661528,0.500030517578125,-42019,-49620,1193156
1736661530,0.5001175403594971,-308723,-273212,1333845
1736661531,0.5000410079956055,-1003,-58109,1333845
1736661533,0.5000391006469727,-116524,-101499,1333845
1736661534,0.5000088214874268,14387,-5546,1284876
1736661536,0.500079870223999,-224026,-188580,1443230
1736661537,0.5000152587890625,21685,-10077,1443230
1736661540,0.5001406669616699,-380010,-330400,1355707
1736661543,0.5006227493286133,-1630953,-1450772,1392296
1736661548,0.5002584457397461,-1068318,-668235,1785720
1736661549,0.5001442432403564,-324777,-245189,1515881
1736661550,0.5000736713409424,-115806,-133651,1515881
1736661552,0.5007815361022949,-2372440,-1895646,2105165
1736661553,0.5002923011779785,-207433,-442371,1846331
1736661559,0.5000264644622803,-317506,-97606,1112142
1736661560,0.5005631446838379,-1355313,-1230665,1752302
1736661566,0.5002162456512451,-815165,-543963,942156
1736661567,0.5001769065856934,-357339,-330686,942156
1736661569,0.500098466873169,-201079,-224678,1016402
1736661571,0.5000569820404053,-83829,-127223,1160457
1736661574,0.500110387802124,-298547,-261997,1278471
1736661580,0.5003330707550049,-1045668,-740549,1275826
1736661581,0.5002250671386719,-407749,-416331,1124557
1736661584,0.500201940536499,-1220761,-666501,1002473
1736661585,0.5001296997070312,-400154,-212122,1002473
1736661586,0.500267744064331,-633492,-565507,1060381
1736661587,0.5002803802490234,-434185,-556247,1182207
1736661589,0.5003669261932373,-1106084,-929626,1190534
1736661595,0.500333309173584,-1384284,-881318,1014177
1736661596,0.5001392364501953,-300052,-212371,828096
1736661597,0.5000510215759277,-84231,-86565,842142
1736661599,0.5000545978546143,-118682,-122766,881622
1736661603,0.5003042221069336,-1144322,-789710,924879
1736661604,0.5001356601715088,-225024,-213708,900007
1736661606,0.5004227161407471,-1325226,-1041249,997131
1736661607,0.5001382827758789,-79985,-193576,933583
1736661608,0.500091552734375,-40823,-178409,970214
1736661610,0.5003588199615479,-1188100,-918333,1043185
1736661611,0.5001490116119385,-143610,-230273,1079291
1736661612,0.5000386238098145,72154,-57592,970214
1736661615,0.5000896453857422,-200671,-200633,1079291
1736661616,0.5000419616699219,-7689,-67852,1256193
1736661618,0.500363826751709,-1230463,-919339,1253541
1736661619,0.5002107620239258,-308478,-366493,1253541
1736661620,0.5000894069671631,-5327,-155885,1253541
1736661622,0.5000283718109131,-109334,-99542,1253541
1736661623,0.5001616477966309,-319880,-342888,1473292
1736661627,0.5000488758087158,-162615,-104595,1164771
1736661629,0.5000426769256592,-125456,-97514,1164771
1736661631,0.5006723403930664,-2395281,-1719995,1418860
1736661632,0.5003070831298828,-454034,-497333,1130247
1736661633,0.5001363754272461,-66708,-246217,1130247
1736661636,0.5006225109100342,-2420692,-1669538,1423999
1736661637,0.5006051063537598,-1183477,-1158531,1423999
1736661638,0.5001921653747559,30425,-299672,1423999
1736661640,0.5000298023223877,290088,-30881,1779334
1736661645,0.5001132488250732,-350045,-254643,1638226
1736661646,0.5001287460327148,-243982,-253593,1638226
1736661650,0.5004022121429443,-1461738,-1019063,1430969
1736661651,0.5002467632293701,-439892,-435738,1430969
1736661652,0.5000934600830078,-30267,-158081,1430969
1736661657,0.5002317428588867,-647041,-529400,1600189
1736661658,0.5001266002655029,-144859,-221330,1489253
1736661659,0.5000288486480713,83756,-36173,1489253
1736661664,0.5002820491790771,-1233229,-768825,1186598
1736661665,0.5000777244567871,-184057,-89622,836225
1736661668,0.5005245208740234,-1517725,-1238416,702736
1736661669,0.5003201961517334,-399470,-575479,702736
1736661670,0.5002222061157227,-130970,-426820,980960
1736661672,0.5001862049102783,-373639,-458853,1190129
1736661673,0.5000667572021484,100859,-96447,1190129
1736661677,0.5000317096710205,-107304,-79293,1341486
1736661678,0.5000324249267578,-55227,-59407,1163064
1736661679,0.5000309944152832,-37923,-58671,1341486
1736661683,0.5000414848327637,-211421,-111771,1049087
1736661684,0.5001089572906494,-261758,-225535,1258448
1736661690,0.5000321865081787,-139269,-73461,1025416
1736661694,0.5001211166381836,-325697,-274165,1025416
1736661697,0.5005879402160645,-2041734,-1468149,1025416
1736661698,0.5003926753997803,-672731,-711666,1025416
1736661700,0.5003774166107178,-1247952,-978574,1025416
1736661701,0.5002279281616211,-293527,-398535,1025416
1736661702,0.5000956058502197,27516,-165550,1091099
1736661705,0.5002715587615967,-599378,-628696,1186346
1736661706,0.5000905990600586,77622,-131510,1186346
1736661707,0.5000827312469482,21149,-164696,1412697
1736661709,0.500199556350708,-558828,-500585,1412697
1736661711,0.5000920295715332,-174986,-212962,1500123
1736661713,0.500086784362793,-219999,-214289,1502882
1736661716,0.5001068115234375,-259232,-249069,1502882
1736661719,0.5003325939178467,-1154578,-843188,1563472
1736661720,0.5002098083496094,-337505,-372489,1389212
1736661721,0.5000975131988525,-36454,-172689,1425581
1736661726,0.5000717639923096,-256078,-169984,1245599
1736661729,0.5000417232513428,-273730,-130422,1112281
1736661730,0.5002040863037109,-494429,-433240,1328159
1736661731,0.5000483989715576,28543,-58597,1328159
1736661739,0.5000090599060059,-84641,-23150,1009314
1736661742,0.5000777244567871,-240427,-177997,1087315
1736661744,0.500044584274292,-88778,-94807,1133776
1736661748,0.5000684261322021,-193759,-153081,1178522
1736661749,0.5000138282775879,6440,-11010,1139173
1736661753,0.5003602504730225,-1332092,-917390,1058518
1736661754,0.50008225440979,-97931,-82857,1045117
1736661756,0.5004444122314453,-1306570,-1063499,1178522
1736661757,0.500220775604248,-223907,-372807,1178522
1736661762,0.5000460147857666,-162646,-104084,900510
1736661765,0.5005214214324951,-1404087,-1151127,1089573
1736661766,0.500126838684082,10065,-158201,900510
1736661768,0.5000894069671631,-129370,-206908,983796
1736661772,0.5001740455627441,-383258,-385282,1311966
1736661777,0.5003464221954346,-1183149,-876269,1400387
1736661778,0.500274658203125,-463169,-511234,1424878
1736661779,0.5000567436218262,118217,-68799,1424878
1736661780,0.5000178813934326,123127,-28423,1425542
1736661783,0.5000138282775879,-89,-28884,1528123
1736661792,0.5000467300415039,-220836,-104608,861282
1736661794,0.5001544952392578,-493032,-367301,943141
1736661795,0.5000834465026855,-120451,-142629,943141
1736661796,0.5000174045562744,38282,-20031,943141
1736661800,0.5001077651977539,-276335,-244123,1058897
1736661804,0.5003421306610107,-1340018,-905080,1401550
1736661805,0.5002970695495605,-590840,-557907,1403566
1736661806,0.5000832080841064,21830,-122489,1189008
1736661811,0.5000391006469727,-181296,-89040,931054
1736661812,0.5000419616699219,-117685,-79818,931054
1736661814,0.500011682510376,-46799,-27734,963325
1736661816,0.5000061988830566,-13465,-9832,875027
1736661823,0.5005137920379639,-1756649,-1252915,773385
1736661827,0.500246524810791,-809712,-613277,828556
1736661829,0.5002830028533936,-688799,-647130,1086880
1736661830,0.5001380443572998,-69310,-234281,1086880
1736661834,0.5000832080841064,-163073,-191973,1096207
1736661837,0.5000131130218506,-274,-27699,1075879
1736661842,0.5000338554382324,-153206,-82486,882227
1736661843,0.5000126361846924,-39624,-14866,882227
1736661847,0.5006945133209229,-2443933,-1752992,1000151
1736661848,0.5004220008850098,-705751,-747990,1000151
1736661851,0.5002479553222656,-460946,-567244,1052771
1736661852,0.5000724792480469,146033,-98549,1052771
1736661855,0.5006000995635986,-1554198,-1415164,1078584
1736661856,0.5002994537353516,-178232,-505457,1078584
1736661864,0.5004158020019531,-1305029,-1005280,1117611
1736661865,0.5002055168151855,-255136,-346896,1117611
1736661867,0.5001366138458252,-194129,-300982,1493126
1736661868,0.5001246929168701,-75146,-240238,1493126
1736661872,0.5002331733703613,-550433,-510853,1620314
1736661874,0.5000698566436768,-187136,-186858,1620314
1736661876,0.5010645389556885,-3878883,-2745607,1987650
1736661877,0.5008940696716309,-1656785,-1687174,1987650
1736661878,0.5002937316894531,56141,-471284,1987650
1736661880,0.5004572868347168,-1208901,-1147888,2423664
1736661884,0.5007796287536621,-3086599,-2053113,1453048
1736661885,0.5005106925964355,-1019585,-912078,1453048
1736661886,0.5002336502075195,-220047,-418416,1453048
1736661889,0.5028820037841797,-7843219,-6782749,1874536
1736661898,0.5000729560852051,-476328,-175934,1007510
1736661899,0.5000874996185303,-328416,-170921,1007510
1736661901,0.5003175735473633,-1289244,-835100,1007510
1736661902,0.5003163814544678,-675604,-608233,1007510
1736661903,0.5001506805419922,-130763,-266074,1197312
1736661905,0.5004262924194336,-1207175,-1035828,1439622
1736661909,0.4999992847442627,-299035,-39375,1131359
1736661910,0.500046968460083,-265774,-95825,1131359
1736661911,0.5000298023223877,-142704,-52487,1237655
1736661912,0.5000381469726562,-122816,-75410,1138772
1736661913,0.5000095367431641,-20218,-9657,1138772
1736661916,0.5003936290740967,-1367544,-990149,1237655
1736661917,0.5001585483551025,-210497,-243365,1237655
1736661918,0.50003981590271,36926,-59091,1054696
1736661920,0.5000314712524414,-170113,-106712,1054696
1736661922,0.5000433921813965,-124546,-97950,944248
1736661926,0.5000386238098145,-101429,-81724,1045384
1736661928,0.500105619430542,-223702,-229501,1101562
1736661932,0.5000648498535156,-167040,-141127,974253
1736661934,0.5001718997955322,-768834,-477541,823999
1736661935,0.5001909732818604,-429501,-368858,869609
1736661936,0.5000827312469482,-73097,-141304,869609
1736661938,0.5000011920928955,47513,-2989,869609
1736661940,0.5000410079956055,-135011,-105623,881350
1736661941,0.5000331401824951,-47374,-58489,881350
1736661942,0.5000340938568115,-39797,-65124,924295
1736661945,0.5000081062316895,-39642,-19602,996040
1736661946,0.5001311302185059,-290501,-282354,1161855
1736661948,0.5000598430633545,-83232,-130418,1161855
1736661950,0.5000686645507812,-126972,-154769,1300114
1736661952,0.5000135898590088,-10595,-34045,1300114
1736661958,0.5001637935638428,-454009,-364661,1077936
1736661962,0.5001218318939209,-365496,-276478,1248919
1736661963,0.5000543594360352,-67593,-88224,1248919
1736661965,0.5006177425384521,-2370818,-1619838,1184120
1736661966,0.5004086494445801,-771074,-731339,1184120
1736661971,0.5000588893890381,-314196,-153810,942105
1736661972,0.5000267028808594,-105272,-39145,942105
1736661973,0.5000190734863281,-68545,-33999,941649
1736661974,0.5000209808349609,-53122,-39140,941649
1736661976,0.5000741481781006,-321281,-200039,847224
1736661978,0.5002238750457764,-792604,-561532,933901
1736661979,0.5001332759857178,-226634,-233343,1043414
1736661980,0.5000860691070557,-87470,-162169,1043414
1736661985,0.5000433921813965,-119197,-99852,932015
1736661986,0.500084400177002,-155388,-171802,1042501
1736661989,0.5001473426818848,-321186,-331899,1179273
1736661990,0.5000615119934082,9018,-98051,1179273
1736661991,0.5000457763671875,17340,-87023,1395594
1736661992,0.500053882598877,-7072,-106233,1395594
1736661994,0.5004134178161621,-1385381,-1059239,1593599
1736661995,0.5001146793365479,-53388,-142861,1265783
1736661997,0.5000741481781006,-339448,-223362,1217444
1736662003,0.5001122951507568,-601555,-326144,875598
1736662004,0.5003175735473633,-757142,-662197,942599
1736662005,0.5001206398010254,-63965,-196163,942599
1736662008,0.5001034736633301,-192223,-231143,1154357
1736662010,0.5000863075256348,-208915,-208952,1200744
1736662016,0.5009322166442871,-3273246,-2336157,1018685
1736662017,0.5005297660827637,-882326,-927211,945976
1736662019,0.5001802444458008,-446066,-459816,1018685
1736662020,0.5001347064971924,-98502,-246071,945976
1736662021,0.5000147819519043,173148,-3972,945976
1736662022,0.5000088214874268,109509,-15667,945976
1736662024,0.5001049041748047,-234571,-245061,1121810
1736662025,0.5000135898590088,79096,-1766,1059510
1736662027,0.500032901763916,-109966,-88563,1059510
1736662030,0.500007152557373,-54787,-24486,1059510
1736662034,0.500053882598877,-131743,-116817,1102523
1736662038,0.5000722408294678,-283127,-176009,911138
1736662039,0.5000441074371338,-97809,-75629,912200
1736662042,0.5005073547363281,-1834634,-1301116,1517179
1736662047,0.5006797313690186,-2384308,-1700710,1601928
1736662048,0.5004055500030518,-687813,-719507,1601928
1736662049,0.500105619430542,81872,-156166,1601928
1736662052,0.4999923706054687,-12593,-6555,1431311
1736662056,0.5000426769256592,-333633,-118525,895525
1736662057,0.5001089572906494,-339267,-224249,978902
1736662060,0.5004324913024902,-1463919,-1072348,978902
1736662061,0.5002098083496094,-302647,-350252,978902
1736662062,0.5002574920654297,-389141,-527540,1324373
1736662067,0.5000598430633545,-266965,-155217,1337762
1736662072,0.5002186298370361,-652707,-503153,1306488
1736662073,0.5000534057617188,-13484,-59742,1306488
1736662075,0.5002281665802002,-522625,-512874,1592306
1736662084,0.5002765655517578,-920953,-653142,1175697
1736662085,0.500197172164917,-355523,-363998,1175697
1736662088,0.5002868175506592,-722119,-657402,1390467
1736662089,0.5001296997070312,-63658,-215577,1390467
1736662091,0.5002346038818359,-873427,-633728,1379697
1736662092,0.5001630783081055,-269951,-292280,1379697
1736662093,0.5000936985015869,-70048,-173362,1379697
1736662094,0.5000107288360596,123035,-1294,1346562
1736662096,0.5000166893005371,-40689,-50304,1346562
1736662097,0.5000123977661133,3370,-18452,1614274
1736662101,0.5000524520874023,-272815,-134124,1036262
1736662105,0.5001444816589355,-475788,-344664,880722
1736662106,0.5001373291015625,-252540,-264152,880722
1736662109,0.5007731914520264,-1965807,-1778249,1282427
1736662110,0.5004925727844238,-500708,-902892,1618671
1736662115,0.500330924987793,-896006,-775555,1580207
1736662116,0.5001029968261719,2397,-145954,1566948
1736662120,0.5000033378601074,-146649,-64780,1395036
1736662122,0.5000474452972412,-268327,-135417,1491156
1736662124,0.500096321105957,-247106,-194695,1491156
1736662126,0.5005173683166504,-2040891,-1362127,1330654
1736662127,0.5003335475921631,-660952,-594456,1197869
1736662129,0.5001945495605469,-542668,-475650,1159211
1736662130,0.5001003742218018,-74074,-169857,1159211
1736662133,0.5000154972076416,-111440,-59930,987902
1736662137,0.500046968460083,-128433,-102171,1048421
1736662139,0.5000286102294922,-63229,-62251,1013766
1736662140,0.5000295639038086,-37249,-55240,1013766
1736662143,0.5000553131103516,-155482,-132558,1068320
1736662144,0.5000438690185547,-55632,-79353,1022118
1736662145,0.5000550746917725,-69164,-109574,1022118
1736662149,0.5000476837158203,-144055,-117184,1022118
1736662150,0.5000226497650146,-17917,-34263,970404
1736662152,0.5000090599060059,-26509,-23285,970404
1736662153,0.5000653266906738,-132685,-137414,970404
1736662156,0.5000827312469482,-189405,-188511,936114
1736662159,0.5002408027648926,-854694,-607657,924541
1736662160,0.5001673698425293,-295229,-304600,914640
1736662164,0.5000307559967041,-36696,-68503,962487
1736662167,0.5000567436218262,-124708,-127359,1091536
1736662169,0.5000898838043213,-193913,-200780,1316235
1736662170,0.5001010894775391,-133349,-198390,1316235
1736662174,0.5001828670501709,-473308,-406214,1378756
1736662179,0.5000715255737305,-244020,-159944,904308
1736662181,0.5002110004425049,-786337,-537977,970340
1736662183,0.5002942085266113,-714436,-657516,1088524
1736662184,0.5001177787780762,-33143,-190554,1088524
1736662185,0.5000548362731934,69235,-98119,1181702
1736662188,0.5000865459442139,-167458,-206972,1181702
1736662189,0.500056266784668,-10110,-99861,1181702
1736662195,0.5000159740447998,-121945,-31610,828865
1736662198,0.500086784362793,-229612,-188196,849608
1736662200,0.5001034736633301,-323747,-252850,867856
1736662201,0.500067949295044,-94867,-121094,867856
1736662205,0.5000472068786621,-86127,-100599,850847
1736662208,0.5001425743103027,-341728,-323525,905164
1736662209,0.5000526905059814,3857,-80459,906408
1736662212,0.50002121925354,2931,-46007,906408
1736662214,0.5004079341888428,-1422376,-1027283,972679
1736662215,0.5002994537353516,-522085,-553705,1133247
1736662216,0.5001063346862793,12714,-175532,1133247
1736662221,0.5030336380004883,-8297396,-7069398,1203570
1736662222,0.5014698505401611,-1277096,-2538317,1203570
1736662228,0.5000686645507812,-109138,-164826,1428739
1736662231,0.5004665851593018,-1655466,-1184648,1428739
1736662232,0.5003418922424316,-605546,-631368,1428739
1736662233,0.5000767707824707,104047,-103439,1428739
1736662237,0.5001685619354248,-460992,-409112,1200686
1736662238,0.5000367164611816,48805,-37613,1294928
1736662239,0.5000317096710205,9520,-62257,1200686
1736662240,0.5000119209289551,52608,-16313,1122821
1736662243,0.5000531673431396,-189165,-133684,1122821
1736662247,0.5000221729278564,-125955,-54593,829231
1736662248,0.5000150203704834,-57468,-23893,829231
1736662250,0.5000519752502441,-189363,-126834,829231
1736662251,0.5000479221343994,-94738,-89018,829231
1736662252,0.5000810623168945,-142596,-165297,960287
1736662253,0.5000243186950684,32222,-33258,960287
1736662256,0.5000226497650146,-84884,-53564,1022654
1736662258,0.5000638961791992,-209020,-153540,1049092
1736662260,0.50124192237854,-4372610,-3127148,1049092
1736662261,0.5006797313690186,-1116575,-1182896,1049092
1736662262,0.50026535987854,-62442,-463736,1049092
1736662265,0.5009405612945557,-3480238,-2449609,935880
1736662266,0.5006463527679443,-1164441,-1177883,935880
1736662267,0.5001554489135742,139736,-223039,1031116
1736662268,0.5000770092010498,177072,-143782,997901
1736662273,0.5001914501190186,-513556,-433867,1057354
1736662274,0.5000588893890381,-8239,-82617,1057354
1736662279,0.5001010894775391,-423933,-260009,932191
1736662280,0.5000317096710205,-77235,-40491,850933
1736662282,0.5002624988555908,-880120,-643684,932191
1736662283,0.5001325607299805,-197017,-224617,932191
1736662286,0.500086784362793,-270015,-221597,976690
1736662287,0.5000782012939453,-113645,-146232,1052303
1736662289,0.5000145435333252,-34192,-40982,1037210
1736662290,0.5000381469726562,-58745,-75793,1037210
1736662292,0.500471830368042,-1556921,-1165287,1246353
1736662293,0.5001299381256104,-91989,-167432,1033221
1736662296,0.5001716613769531,-546562,-424971,1033221
1736662298,0.5002379417419434,-488903,-517396,1323267
1736662303,0.500058650970459,-292835,-151112,1149682
1736662304,0.500199556350708,-472952,-419080,1149682
1736662305,0.500075101852417,-31728,-119741,1149682
1736662309,0.5004210472106934,-1846169,-1163224,918016
1736662310,0.500359058380127,-800461,-671366,918016
1736662311,0.5001976490020752,-254003,-365047,918016
1736662312,0.5000629425048828,88885,-98359,894507
1736662313,0.5000193119049072,131829,-28750,894507
1736662317,0.5001065731048584,-258291,-249892,894507
1736662319,0.5000345706939697,-49159,-78643,874740
1736662321,0.5000786781311035,-169631,-176599,1042896
1736662322,0.500028133392334,17182,-40675,1042896
1736662324,0.5002329349517822,-710009,-565529,1249390
1736662325,0.5001053810119629,-104085,-172607,1249390
1736662326,0.5000104904174805,97513,-2235,1249390
1736662327,0.5000362396240234,-4682,-75176,1249390
1736662330,0.5000441074371338,-160926,-118451,1301832
1736662331,0.500037431716919,-61179,-66981,1301832
1736662332,0.5000312328338623,-33813,-57969,1245184
1736662335,0.5000083446502686,-60642,-19242,1077269
1736662338,0.5000452995300293,-191444,-107161,1077269
1736662341,0.500201940536499,-553794,-446708,1072585
1736662347,0.5001919269561768,-862663,-500751,1218206
1736662351,0.5000457763671875,-335891,-109116,872805
1736662352,0.5001027584075928,-336998,-210990,872805
1736662353,0.50006103515625,-134484,-109576,872805
1736662354,0.5000121593475342,3189,-12248,872805
1736662356,0.5000104904174805,-64927,-32875,965798
1736662357,0.5000674724578857,-153561,-140987,1090743
1736662358,0.5000555515289307,-70943,-104437,1090743
1736662360,0.5001051425933838,-265916,-247472,1090743
1736662362,0.5004823207855225,-1657659,-1213428,1090743
1736662363,0.5002241134643555,-317863,-370930,1090743
1736662365,0.5005276203155518,-1586904,-1281925,1265591
1736662366,0.500192403793335,-124226,-295318,1265591
1736662369,0.5002801418304443,-848823,-669170,1149830
1736662370,0.5001060962677002,-88610,-163604,946043
1736662372,0.5004642009735107,-1614702,-1178793,1091059
1736662373,0.5002994537353516,-489986,-538488,1091059
1736662374,0.5001258850097656,-23749,-219246,1415663
1736662376,0.5003187656402588,-1020472,-808988,1277523
1736662381,0.500006914138794,-503721,-62738,985582
1736662383,0.5000309944152832,-268153,-64490,985582
1736662386,0.5000524520874023,-228247,-105030,966899
1736662388,0.5000128746032715,-67985,-25857,1178686
1736662389,0.5001316070556641,-303851,-282118,1178686
1736662390,0.50003981590271,12764,-56659,1269250
1736662392,0.5000720024108887,-149627,-164116,1269250
1736662393,0.5000331401824951,6417,-52960,1304927
1736662394,0.5000059604644775,53157,-4295,1304927
1736662396,0.5000340938568115,-93589,-83419,1395552
1736662397,0.5000395774841309,-57041,-74948,1382010
1736662400,0.4999940395355224,-51735,-1522,1323118
1736662401,0.5000529289245605,-146777,-112084,1323118
1736662403,0.5005614757537842,-1999187,-1422623,1359120
1736662404,0.5001695156097412,-208226,-231418,1091317
1736662406,0.5001387596130371,-360648,-329944,1359120
1736662407,0.5001354217529297,-183988,-261478,1257748
1736662409,0.5001113414764404,-232161,-261093,1309778
1736662410,0.5000431537628174,32514,-66066,1309778
1736662413,0.5002322196960449,-1052484,-630512,945777
1736662414,0.500180721282959,-438623,-332396,945777
1736662415,0.5000743865966797,-102366,-127726,831626
1736662417,0.5001199245452881,-274608,-272975,1027413
1736662419,0.500476598739624,-1483756,-1161342,1235700
1736662420,0.5002546310424805,-321003,-443715,1235700
1736662427,0.500786304473877,-2056327,-1792080,1367791
1736662428,0.5003101825714111,-151937,-504588,1367791
1736662430,0.5000669956207275,-38239,-185421,1368441
1736662431,0.5000872611999512,-11119,-169772,1368441
1736662432,0.5000102519989014,159461,-2528,1368441
1736662437,0.5005247592926025,-2020052,-1355326,914505
1736662438,0.5004143714904785,-833830,-775120,914505
1736662439,0.5001235008239746,-1571,-193010,894403
1736662441,0.5000524520874023,-148961,-152673,914505
1736662442,0.5000970363616943,-146054,-194454,978807
1736662445,0.5000057220458984,-32514,-23921,978038
1736662446,0.5001013278961182,-214731,-215892,1192366
1736662447,0.50002121925354,43679,-21901,1192366
1736662450,0.4999828338623047,-103405,-1720,960631
1736662451,0.500105619430542,-298237,-227574,960631
1736662454,0.5003058910369873,-983418,-739512,999259
1736662455,0.5001349449157715,-170763,-221882,1077119
1736662456,0.5000917911529541,-73748,-176096,1077119
1736662458,0.5000557899475098,-90536,-132156,1106873
1736662461,0.500662088394165,-1953262,-1503278,1191835
1736662462,0.5004017353057861,-599058,-735052,1191835
1736662466,0.4999842643737793,-151633,-3283,1425893
1736662467,0.5002009868621826,-537812,-434952,1425893
1736662468,0.5001022815704346,-121525,-180009,1425893
1736662469,0.5000264644622803,57712,-37229,1484362
1736662473,0.5001459121704102,-412803,-326906,1484362
1736662474,0.5001180171966553,-186010,-223954,1644001
1736662476,0.5002999305725098,-894850,-723517,1684763
1736662477,0.500068187713623,18348,-78774,1531916
1736662478,0.5000123977661133,75352,-16265,1531916
1736662480,0.5000307559967041,-49513,-71412,1736714
1736662484,0.5016164779663086,-4338091,-3707340,1736714
1736662485,0.5007541179656982,-636428,-1307104,1736714
1736662486,0.5001537799835205,647474,-214130,1736714
1736662489,0.5007839202880859,-2119750,-1865251,2848357
1736662491,0.5001053810119629,-30881,-242887,2421259
1736662495,0.5000154972076416,-201268,-50315,1702394
1736662496,0.5000145435333252,-114056,-23484,1702394
1736662501,0.5003883838653564,-1279009,-920407,1298389
1736662502,0.5001795291900635,-277726,-302827,1298389
1736662504,0.5002686977386475,-788759,-648562,1383160
1736662505,0.5001745223999023,-221442,-317872,1473149
1736662508,0.5005645751953125,-1961141,-1420972,1488143
1736662509,0.5003311634063721,-540787,-588960,1488143
1736662510,0.5001182556152344,9986,-200423,1475750
1736662512,0.5000042915344238,132476,-7234,1475750
1736662518,0.5000021457672119,-153890,-15751,854903
1736662520,0.5000126361846924,-114490,-22518,854903
1736662522,0.5002009868621826,-591610,-462207,1013965
1736662525,0.5005123615264893,-1764979,-1270416,1099744
1736662526,0.5002164840698242,-318111,-353041,1099744
1736662527,0.5002610683441162,-403196,-533560,1247381
1736662528,0.5000267028808594,245677,-5645,1247381
1736662529,0.5000064373016357,167974,-9645,1211449
1736662533,0.5000097751617432,-58381,-28491,1270605
1736662535,0.5008599758148193,-2972503,-2120124,1311709
1736662536,0.5003035068511963,-427657,-467028,1170358
1736662537,0.5002198219299316,-265416,-433085,1170358
1736662539,0.5000746250152588,-113173,-188541,1137135
1736662543,0.5000290870666504,-132696,-73169,782482
1736662544,0.5000429153442383,-102668,-82950,782482
1736662548,0.5002732276916504,-657251,-607198,1136174
1736662549,0.5000815391540527,28814,-118308,1033016
1736662550,0.5000269412994385,94692,-43786,1033016
1736662552,0.5004518032073975,-1775155,-1185732,904929
1736662553,0.5003244876861572,-653762,-596885,904929
1736662554,0.5001623630523682,-156025,-295277,1033016
1736662556,0.5001263618469238,-279217,-303164,1033016
1736662559,0.5020101070404053,-6191350,-4702294,1377293
1736662560,0.5009746551513672,-1325946,-1694295,1377293
1736662561,0.5003130435943604,245232,-520901,1866595
1736662565,0.5001466274261475,-685368,-458422,1683053
1736662566,0.5002284049987793,-474350,-453014,1683053
1736662567,0.5002419948577881,-362275,-483244,1883445
1736662572,0.5000789165496826,-286261,-186906,1237266
1736662573,0.5000483989715576,-97975,-84498,1369342
1736662574,0.500108003616333,-208570,-224485,1448270
1736662578,0.5000019073486328,-57150,-8991,1481241
1736662580,0.5000476837158203,-129892,-98878,1448270
1736662582,0.5000782012939453,-320687,-205150,1481241
1736662583,0.5000946521759033,-203359,-184028,1481241
1736662586,0.5009315013885498,-3092287,-2271166,1809079
1736662587,0.5002410411834717,-210865,-317430,1256441
1736662594,0.5008585453033447,-2375594,-1969028,1008897
1736662595,0.5003154277801514,-200463,-506575,944034
1736662598,0.5001134872436523,-29476,-253481,1047496
1736662599,0.5000686645507812,109609,-123239,1077242
1736662607,0.5002844333648682,-789425,-622397,864758
1736662608,0.500028133392334,68617,-1183,725770
1736662611,0.5005819797515869,-1854232,-1405929,1156148
1736662612,0.500190019607544,-176123,-284089,1028169
1736662614,0.5005059242248535,-1478041,-1212549,1156148
1736662615,0.5003104209899902,-386466,-564386,1156148
1736662616,0.5001187324523926,89112,-204748,1239130
1736662622,0.5001957416534424,-759560,-503867,1464134
1736662624,0.5000920295715332,-372675,-233155,1640942
1736662625,0.5002515316009521,-551384,-523666,1442923
1736662628,0.5004615783691406,-1133949,-1055036,1378794
1736662634,0.5001189708709717,-421238,-271911,1349100
1736662639,0.5004477500915527,-1491765,-1066536,899899
1736662640,0.5002555847167969,-435624,-457925,899899
1736662641,0.5000677108764648,50443,-102545,907089
1736662644,0.5000414848327637,-57568,-88439,917917
1736662645,0.50002121925354,13430,-34712,966715
1736662648,0.5001485347747803,-366312,-327339,1205968
1736662649,0.5000731945037842,-55537,-126457,1157170
1736662652,0.5007295608520508,-2862793,-1888689,868697
1736662653,0.5004463195800781,-907882,-792616,868697
1736662654,0.5002248287200928,-258974,-416072,868697
1736662657,0.5001046657562256,-75051,-227465,1179417
1736662658,0.5000758171081543,33486,-141444,1179417
1736662660,0.5001153945922852,-312647,-287347,1302789
1736662663,0.5003530979156494,-1304911,-890602,1187905
1736662665,0.500452995300293,-1253544,-1038479,1360027
1736662666,0.5001821517944336,-141773,-302771,1408203
1736662671,0.5000712871551514,-112359,-163896,1488098
1736662672,0.5000474452972412,-54,-85299,1488098
1736662673,0.5000097751617432,74918,-10343,1488098
1736662676,0.5004088878631592,-1466310,-1009803,1524010
1736662677,0.5003347396850586,-653475,-636861,1541708
1736662681,0.5000746250152588,-208941,-197810,1580317
1736662686,0.5001964569091797,-534749,-427179,1307820
1736662687,0.5001020431518555,-128530,-181384,1312334
1736662691,0.5000042915344238,-125348,-17246,1057097
1736662692,0.5000054836273193,-77120,-6622,993725
1736662693,0.500007152557373,-58914,-11552,993725
1736662695,0.5000085830688477,-43424,-13737,988702
1736662698,0.5000555515289307,-196358,-131863,1010385
1736662701,0.5003209114074707,-895677,-732354,1301627
1736662705,0.5002779960632324,-1020629,-662641,1451324
1736662706,0.5000720024108887,-149551,-97752,1036442
1736662708,0.5011610984802246,-4114586,-2855892,1073158
1736662709,0.5007176399230957,-1338399,-1314081,1073158
1736662710,0.500234842300415,-19583,-396785,1023482
1736662712,0.4999971389770508,180291,-10980,998053
1736662715,0.5000104904174805,-9949,-37800,998053
1736662716,0.5000298023223877,-26916,-57752,998053
1736662720,0.5001370906829834,-307505,-298453,1262515
1736662721,0.5000677108764648,-35413,-118613,1262515
1736662726,0.5004904270172119,-1738766,-1201580,1214469
1736662727,0.5003015995025635,-566229,-550673,1366680
1736662729,0.5007648468017578,-2488798,-1850406,1237647
1736662730,0.5003163814544678,-423211,-531459,1003197
1736662731,0.500044584274292,185262,-49949,935125
1736662733,0.499995470046997,-2661,-16638,939654
1736662735,0.5000755786895752,-152578,-160676,959185
1736662736,0.5000145435333252,39222,-14649,951022
1736662739,0.5004007816314697,-1054494,-909512,951022
1736662740,0.5001859664916992,-154273,-325639,921635
1736662744,0.5000615119934082,-143260,-147320,958610
1736662746,0.5000243186950684,-67090,-59779,958610
1736662751,0.5001425743103027,-437771,-331619,1129836
1736662752,0.500124454498291,-213521,-238700,1238527
1736662754,0.5004293918609619,-1270584,-1008419,1341469
1736662755,0.5002012252807617,-227624,-346635,1341469
1736662757,0.5000450611114502,-117755,-125269,1391034
1736662758,0.5001130104064941,-187651,-230492,1341469
1736662763,0.5005958080291748,-2109418,-1447139,1114248
1736662767,0.5000407695770264,-508432,-124590,888835
1736662772,0.5001602172851562,-516883,-351271,947401
1736662773,0.5000958442687988,-186140,-175593,992179
1736662774,0.5001029968261719,-159050,-204345,991239
1736662777,0.5006279945373535,-2127325,-1508275,991239
1736662778,0.5003261566162109,-561709,-580857,894650
1736662779,0.5000901222229004,42031,-145630,991239
1736662783,0.5001828670501709,-655893,-452551,933230
1736662784,0.5001809597015381,-357795,-351221,957776
1736662786,0.5001266002655029,-228449,-275017,1099915
1736662791,0.500225305557251,-821040,-549876,1267671
1736662794,0.5001626014709473,-584859,-390210,1365554
1736662795,0.5000715255737305,-140027,-120835,1365554
1736662797,0.5000114440917969,-32129,-26340,1267671
1736662799,0.5000886917114258,-294557,-208905,1397327
1736662800,0.5000574588775635,-101536,-104251,1397327
1736662802,0.5000886917114258,-302530,-213935,1216851
1736662803,0.5000321865081787,-47266,-49430,1216851
1736662808,0.500084638595581,-250458,-184271,1035861
1736662811,0.5001654624938965,-423389,-367794,958731
1736662815,0.5000748634338379,-336063,-181693,958731
1736662816,0.5001785755157471,-419723,-366172,1136897
1736662818,0.5000791549682617,-151894,-173611,1136897
1736662822,0.5008687973022461,-2649571,-2017439,1573056
1736662823,0.5004596710205078,-672718,-835458,1573056
1736662827,0.500880241394043,-2167286,-1976611,1521064
1736662828,0.5005507469177246,-575892,-1035403,1748975
1736662829,0.5001091957092285,477173,-155106,1748975
1736662831,0.501004695892334,-3106444,-2407193,2343731
1736662832,0.500338077545166,-307307,-539989,2343731
1736662838,0.500035285949707,-374589,-117385,1323807
1736662840,0.5000705718994141,-267153,-151056,1155405
1736662841,0.500037431716919,-101528,-65577,1155405
1736662843,0.5000123977661133,-123832,-41323,993092
1736662846,0.5005533695220947,-1861243,-1300259,1048890
1736662847,0.5002353191375732,-399173,-396562,979383
1736662848,0.5001022815704346,-70205,-187345,979383
1736662849,0.5000824928283691,-21314,-159516,979383
1736662851,0.5001373291015625,-414661,-333421,1066689
1736662852,0.5000133514404297,41656,-1502,944225
1736662853,0.5000507831573486,-73973,-104635,944225
1736662859,0.5001435279846191,-442479,-323249,872651
1736662861,0.4999995231628418,-32423,-4237,872651
1736662862,0.5001223087310791,-276264,-257804,1029818
1736662863,0.5000247955322266,32670,-31750,1029818
1736662865,0.5001122951507568,-255084,-247434,1029818
1736662868,0.5001339912414551,-298184,-286893,1277832
1736662869,0.500014066696167,71385,-6779,1277832
1736662870,0.5000965595245361,-145706,-202454,1277832
1736662871,0.5000264644622803,61518,-38942,1277832
1736662874,0.5000536441802979,-196754,-116660,1042667
1736662877,0.5001311302185059,-318480,-281768,1273345
1736662878,0.5001113414764404,-156113,-214945,1273345
1736662879,0.500028133392334,64027,-41639,1273345
1736662881,0.5000162124633789,-30533,-42386,1273345
1736662883,0.5009481906890869,-2978716,-2198184,1625917
1736662884,0.5004143714904785,-618443,-731526,1451456
1736662885,0.5001177787780762,100236,-198380,1625917
1736662891,0.4999985694885254,-186640,-7264,838476
1736662893,0.5000123977661133,-145965,-22581,838476
1736662895,0.5000307559967041,-139929,-60335,838476
1736662896,0.5000205039978027,-73623,-36007,838476
1736662898,0.5000228881835938,-73507,-48165,838476
1736662899,0.5000078678131104,-13318,-10028,838476
1736662904,0.5015060901641846,-3597750,-3278563,1452449
1736662905,0.5005152225494385,-117962,-878100,1233230
1736662911,0.5005111694335938,-1069355,-1088998,2000283
1736662912,0.5001378059387207,122388,-218062,2000283
1736662915,0.5000016689300537,-188040,-9460,1051273
1736662917,0.5002832412719727,-770812,-614363,1307705
1736662919,0.5001568794250488,-400943,-352049,1307705
1736662921,0.5001368522644043,-323668,-302966,1252909
1736662925,0.5000903606414795,-326865,-200323,896717
1736662927,0.5000498294830322,-127817,-103846,1252909
1736662928,0.5001940727233887,-388145,-402519,1270012
1736662932,0.5000457763671875,-291058,-106751,869682
1736662934,0.5000443458557129,-328044,-121635,869682
1736662936,0.5000889301300049,-285357,-177361,869682
1736662937,0.500053882598877,-122431,-100042,799568
1736662938,0.5000216960906982,-21482,-35823,904906
1736662940,0.5000545978546143,-89677,-110462,951250
1736662941,0.5000288486480713,-2311,-49999,1079205
1736662945,0.5005190372467041,-1457776,-1159958,982096
1736662946,0.5004119873046875,-659913,-799428,982096
1736662947,0.5001389980316162,97054,-240435,982096
1736662948,0.5000545978546143,210997,-97376,982096
1736662953,0.5000319480895996,-105707,-71672,987221
1736662955,0.5002961158752441,-705662,-638480,1407163
1736662958,0.5000708103179932,-229372,-164108,1040012
1736662960,0.5000569820404053,-155609,-124443,1040012
1736662963,0.5002272129058838,-660044,-505226,1104958
1736662966,0.5002355575561523,-636843,-522307,1104022
1736662967,0.5000839233398438,-66224,-142741,1104022
1736662972,0.5003674030303955,-1161639,-834426,1104022
1736662973,0.5002284049987793,-409487,-430765,1142824
1736662975,0.5000436305999756,-23927,-95129,1103956
1736662980,0.5000336170196533,-98927,-82145,1565162
1736662982,0.500403642654419,-1382180,-942967,1222582
1736662983,0.5001943111419678,-374029,-349470,1222582
1736662985,0.5002772808074951,-699950,-614072,1449730
1736662986,0.5001890659332275,-236536,-360643,1641105
1736662988,0.5000391006469727,8075,-87608,1641105
1736662989,0.5001120567321777,-135502,-228763,1855100
1736662990,0.5000579357147217,28511,-105400,1855100
1736662994,0.5000367164611816,-311916,-95672,1212400
1736662997,0.5000004768371582,-109980,-3820,1050853
1736662998,0.5001070499420166,-296513,-223347,1070047
1736663001,0.5000593662261963,-126329,-124390,1070047
1736663002,0.5000176429748535,9722,-26238,1070047
1736663003,0.5000085830688477,20212,-12832,1070047
1736663005,0.5000293254852295,-123071,-72101,1320566
1736663006,0.5002930164337158,-625850,-611801,1564933
1736663008,0.5002319812774658,-474432,-504289,1740192
1736663016,0.5003378391265869,-1208390,-772219,813534
1736663017,0.5002620220184326,-580181,-506527,813534
1736663019,0.500391960144043,-1025116,-867680,1135395
1736663020,0.500262975692749,-352629,-502727,1348126
1736663021,0.5001094341278076,56272,-199615,1348126
1736663022,0.5002040863037109,-177021,-416027,1751017
1736663032,0.500166654586792,-558648,-352550,1046901
1736663033,0.5001115798950195,-250897,-212394,1046901
1736663040,0.5000779628753662,-258276,-167266,803838
1736663041,0.5000393390655518,-83664,-70137,803838
1736663046,0.5008318424224854,-2612478,-1882140,877030
1736663047,0.50044846534729,-787051,-840456,1010777
1736663048,0.5001540184020996,14857,-274663,1100007
1736663049,0.5000560283660889,185585,-99478,1100007
1736663055,0.5000495910644531,-121015,-103882,1077794
1736663056,0.5000224113464355,-18600,-37772,1077794
1736663058,0.5000824928283691,-315274,-194748,1055571
1736663059,0.5000879764556885,-197000,-171056,1026029
1736663061,0.5006692409515381,-2204382,-1529110,998970
1736663062,0.500396728515625,-764899,-750942,980091
1736663063,0.5000591278076172,134574,-80938,980091
1736663064,0.5000581741333008,60949,-114191,1217203
1736663065,0.5000977516174316,-39311,-196166,1217203
1736663067,0.5002279281616211,-427007,-487288,1725683
1736663069,0.5000112056732178,103769,-21220,1552558
1736663078,0.5002017021179199,-530842,-424048,1062718
1736663081,0.500208854675293,-400705,-435724,1444848
1736663082,0.5000536441802979,68090,-87140,1444848
1736663083,0.5000603199005127,16083,-118720,1444848
1736663084,0.5000073909759521,124536,-5442,1444848
1736663086,0.5002357959747314,-474922,-498618,1907097
1736663087,0.5000667572021484,55104,-111068,1907097
1736663091,0.5000243186950684,-250421,-55813,1049554
1736663092,0.5000357627868652,-188310,-68829,1049554
1736663095,0.5001132488250732,-330626,-241531,1242273
1736663096,0.5001022815704346,-189138,-199231,1264083
1736663100,0.5000298023223877,-123961,-63222,1095379
1736663104,0.5001311302185059,-485147,-295114,900853
1736663106,0.500673770904541,-2137481,-1510736,940670
1736663107,0.5002579689025879,-445060,-459560,797623
1736663108,0.5001106262207031,-57988,-206006,715849
1736663113,0.5001113414764404,-294735,-238855,732835
1736663117,0.5004453659057617,-934712,-932257,1469468
1736663118,0.5000643730163574,193233,-84725,1469468
1736663126,0.5000820159912109,-271269,-175079,1042948
1736663127,0.5000088214874268,-21197,-6388,990141
1736663129,0.5001223087310791,-342017,-263885,1063565
1736663132,0.5015473365783691,-4064134,-3360771,1102351
1736663133,0.5009829998016357,-1379411,-1895289,1071588
1736663134,0.5003085136413574,376958,-552743,1071588
1736663138,0.5002486705780029,-702197,-562609,1166461
1736663139,0.5001215934753418,-154224,-225295,1060763
1736663141,0.5004527568817139,-1485414,-1025977,873313
1736663142,0.5000264644622803,-16694,-2881,873313
1736663143,0.5000400543212891,-88931,-80126,873313
1736663144,0.500058650970459,-97306,-115181,1136069
1736663146,0.5002472400665283,-624209,-533741,892594
1736663147,0.5001232624053955,-132699,-229494,892594
1736663150,0.500067949295044,-143848,-146260,920373
1736663151,0.5000433921813965,-34921,-80487,983238
1736663154,0.5002517700195312,-653631,-536540,1184927
1736663155,0.500098705291748,-99201,-178199,1184927
1736663156,0.5000720024108887,-30299,-139057,1184927
1736663157,0.5000979900360107,-76894,-194742,1383348
1736663158,0.5000209808349609,109889,-31027,1383348
1736663160,0.5002415180206299,-756102,-545720,1340120
1736663161,0.5001487731933594,-265859,-282307,1340120
1736663162,0.5000083446502686,95320,-886,1340120
1736663166,0.5000040531158447,-18157,-7016,1246950
1736663170,0.500014066696167,-152139,-38211,1108798
1736663171,0.5001170635223389,-307877,-239590,1108798
1736663172,0.500044584274292,-54559,-78636,1071622
1736663175,0.5000066757202148,-52035,-15761,1015315
1736663176,0.5000197887420654,-57890,-37226,1015315
1736663178,0.5000083446502686,-53741,-18695,933756
1736663180,0.5001490116119385,-621283,-353332,933756
1736663181,0.5002138614654541,-508965,-427399,933756
1736663186,0.5001802444458008,-452476,-376325,1323992
1736663188,0.5002408027648926,-532900,-509340,1542491
1736663190,0.5000364780426025,-12397,-76588,1389918
1736663191,0.5000097751617432,54481,-13429,1836887
1736663193,0.5002202987670898,-403278,-454844,1828889
1736663196,0.5000200271606445,-250344,-70992,1329262
1736663198,0.5000898838043213,-342257,-195447,1113421
1736663199,0.5001049041748047,-251297,-207164,1235225
1736663200,0.5000481605529785,-56802,-88058,1235225
1736663202,0.5000076293945312,-51344,-20942,1235225
1736663204,0.5005698204040527,-1681476,-1245297,1390442
1736663205,0.5001614093780518,-211311,-279575,1390442
1736663207,0.5009596347808838,-2579501,-2085753,2112324
1736663209,0.5002963542938232,-514595,-624610,1602403
1736663215,0.5002479553222656,-617415,-525815,1186796
1736663216,0.5000801086425781,-46597,-140222,1126501
1736663217,0.5000975131988525,-85793,-193397,1186796
1736663219,0.5000035762786865,86755,-4366,1241192
1736663222,0.5000147819519043,-72063,-33957,1126682
1736663223,0.5000200271606445,-53164,-36677,1111454
1736663227,0.5001447200775146,-371657,-301729,1111454
1736663228,0.5000264644622803,2107,-39462,1017071
1736663231,0.5000700950622559,-153592,-142912,1111617
1736663233,0.5004417896270752,-1388892,-974255,1068466
1736663234,0.5001704692840576,-310605,-312635,1018474
1736663236,0.5001022815704346,-223605,-218721,1170749
1736663237,0.5000660419464111,-62836,-125033,1150236
1736663238,0.500086784362793,-91265,-172313,1150236
1736663242,0.5000953674316406,-344231,-200227,808412
1736663244,0.5001552104949951,-369059,-321415,1025340
1736663246,0.5001311302185059,-341579,-285862,1040556
1736663247,0.5000214576721191,16487,-30270,1040556
1736663248,0.5000159740447998,13433,-28378,866558
1736663249,0.5000042915344238,33482,-4299,866558
1736663252,0.5000522136688232,-95675,-105875,976069
1736663255,0.5000476837158203,-101752,-99225,1119523
1736663261,0.5005292892456055,-1462382,-1096205,1135473
1736663262,0.5003283023834229,-563883,-636420,1135473
1736663264,0.5004944801330566,-1399422,-1082798,1135473
1736663265,0.5001230239868164,-108331,-211534,979049
1736663266,0.5000994205474854,-58924,-194626,979049
1736663269,0.5001182556152344,-228726,-247374,1130224
1736663271,0.5002419948577881,-693968,-525077,1130224
1736663272,0.5001101493835449,-166418,-205718,1130224
1736663274,0.500025749206543,-14577,-52661,1240229
1736663275,0.5000653266906738,-87704,-130161,1240229
1736663276,0.5000169277191162,41663,-27105,1240229
1736663280,0.500112771987915,-344439,-234433,1112231
1736663284,0.5000627040863037,-181952,-126838,880606
1736663285,0.5000240802764893,-42459,-41930,880606
1736663287,0.5000660419464111,-222952,-144218,1004289
1736663288,0.5000877380371094,-184703,-172854,1125543
1736663289,0.5001280307769775,-212069,-255631,1125543
1736663293,0.5000102519989014,-44662,-20861,1104314
1736663295,0.5003600120544434,-1058450,-772770,1104314
1736663296,0.500018835067749,23455,-8400,929029
1736663298,0.5003058910369873,-612684,-628973,1448296
1736663299,0.5000841617584229,50997,-149097,1448296
1736663302,0.500006914138794,-15884,-18171,1448296
1736663307,0.5000741481781006,-282183,-157655,991935
1736663309,0.5000004768371582,-57432,-624,991935
1736663310,0.5000853538513184,-212175,-172597,991935
1736663311,0.5000331401824951,-34915,-58989,1117499
1736663312,0.5001044273376465,-175968,-210517,1177862
1736663314,0.5000331401824951,-71639,-71297,1177862
1736663316,0.5000395774841309,-92673,-81527,1145215
1736663319,0.5000467300415039,-116483,-94628,1122079
1736663324,0.500093936920166,-327401,-197701,824938
1736663325,0.5000369548797607,-98078,-66598,796814
1736663326,0.5000119209289551,-20586,-18529,796814
1736663331,0.5001049041748047,-290282,-216850,796814
1736663332,0.5000629425048828,-105454,-119106,796814
1736663335,0.5002639293670654,-1419136,-1039995,929983
1736663336,0.5004465579986572,-827139,-873739,1104772
1736663342,0.5198400020599365,-323865292,-62499999,58826110
1736663350,0.5312519073486328,-447195103,-62499999,703715686
1736663350,0.5312519073486328,-1136505133,-62499999,703715686
1736663351,0.5312519073486328,-1090328854,-62499999,703715686
1736663352,0.5312519073486328,-1013850299,-62499999,703715686
1736663354,0.5312519073486328,-517021097,-62499999,703715686
1736663354,0.5312519073486328,-851494227,-62499999,703715686
1736663355,0.5312516689300537,-842983062,-62499999,703715686
1736663357,0.5309696197509766,-77467806,-59779602,290435029
1736663357,0.5309696197509766,-164928487,-62499999,176321910
1736663358,0.5312519073486328,-130079793,-62499999,176321910
1736663362,0.5201733112335205,-95705515,-62499999,20291983
1736663363,0.5136258602142334,-17990198,-23542336,20291983
1736663364,0.5166158676147461,-23313653,-34262850,26153662
1736663366,0.5066766738891602,-12437282,-15938245,26153662
1736663370,0.5018117427825928,-21845972,-7350854,12237300
1736663371,0.5162844657897949,-42404388,-34463061,12237300
1736663374,0.5294122695922852,-123357952,-62499999,15488838
1736663375,0.5312519073486328,-60858264,-62499999,15488838
1736663379,0.5207788944244385,-72875745,-57499136,18794983
1736663380,0.5102460384368896,-11802532,-18288646,18293145
1736663384,0.5108497142791748,-77914389,-59276121,21447211
1736663386,0.5104861259460449,-2088489,-6824538,23671701
1736663387,0.516080379486084,-28351198,-33713794,23671701
1736663391,0.500870943069458,-54662853,-33867566,20673205
1736663392,0.5245862007141113,-58283002,-53886571,19557606
1736663393,0.5153193473815918,-9423378,-22511848,13641733
1736663396,0.5020129680633545,-24532672,-21067521,9610529
1736663396,0.5020129680633545,1089639,-2805012,9610529
1736663397,0.5060470104217529,-9307318,-12875077,10268951
1736663400,0.5217728614807129,-119472722,-62499999,16184824
1736663401,0.5251801013946533,-40305358,-46665313,6240289
1736663403,0.5117847919464111,-23433642,-41885204,1960874
1736663406,0.4855308532714844,-43273423,-62499999,1960874
1736663409,0.523012638092041,-167409575,-62499999,25138785
1736663416,0.5178573131561279,-225223784,-62499999,105679276
1736663417,0.5312519073486328,-259785632,-62499999,105679276
1736663419,0.5211691856384277,-21732060,-37156517,7404970
1736663421,0.5066540241241455,-5438360,-17004022,15590857
1736663430,0.5149643421173096,-257258418,-62499999,88107297
1736663432,0.5220808982849121,-363097129,-62499999,92789908
1736663433,0.4998977184295654,-33902305,-18613248,92789908
1736663434,0.5160684585571289,-351005376,-62499999,140348010
1736663436,0.5080788135528564,-296586362,-62499999,133581605
1736663437,0.5312516689300537,-264422384,-62499999,133581605
1736663441,0.5214135646820068,-128794686,-62499999,40459248
1736663447,0.5312516689300537,-68559764,-62499999,104154331
1736663447,0.5312516689300537,-373343899,-62499999,128946756
1736663449,0.5077729225158691,-309628032,-62499999,128946756
1736663450,0.5312519073486328,-178338250,-62499999,128946756
1736663452,0.5193257331848145,-183222172,-62499999,104154331
1736663456,0.4974038600921631,-80464370,-62499999,66222316
1736663457,0.5013842582702637,-23471434,-3989829,12813597
1736663462,0.5125539302825928,-28478371,-25924092,4177288
1736663466,0.5122385025024414,-41359355,-34334346,4177288
1736663467,0.5111324787139893,-15419829,-20802626,4177288
1736663469,0.5095424652099609,-31854674,-41863420,9400153
1736663470,0.5205960273742676,-21608466,-41173614,9859909
1736663474,0.5269246101379395,-70026871,-62499999,15370316
1736663475,0.5178558826446533,-20260750,-32077062,11482832
1736663479,0.5304374694824219,-136643724,-62499999,38640721
1736663480,0.5126934051513672,-13067058,-4606857,38640721
1736663482,0.5194029808044434,-44968695,-40428611,31764738
1736663483,0.5093579292297363,-8518789,-17469314,31764738
1736663485,0.5119657516479492,-29677625,-41183787,31764738
1736663489,0.5202693939208984,-144703647,-62499999,41274850
1736663491,0.5204112529754639,-94936736,-62499999,30264074
1736663495,0.5039088726043701,-19910626,-16619788,20421750
1736663498,0.5163373947143555,-43350298,-40310593,22780400
1736663500,0.504098653793335,-6592409,-16557793,19570666
1736663506,0.5094373226165771,-6928098,-18871205,16192294
1736663507,0.5188877582550049,-169406897,-62499999,22146179
1736663509,0.529015302658081,-131514424,-62499999,11333228
1736663510,0.5098469257354736,-4814319,-6811104,5016560
1736663511,0.5254230499267578,-72912795,-62499999,26387069
1736663517,0.5240564346313477,-64261017,-62475127,4557140
1736663519,0.5253345966339111,-60287991,-62499999,15679104
1736663523,0.5098469257354736,-63435050,-59603150,30936047
1736663524,0.519540548324585,-22883545,-38082160,30936047
1736663525,0.503878116607666,15611490,-6452188,30936047
1736663528,0.5003480911254883,-131650,-1187733,18609336
1736663529,0.5001485347747803,853731,-241847,18609336
1736663532,0.5088770389556885,-32079509,-18784011,10726133
1736663534,0.5111916065216064,-30612906,-26941261,2979530
1736663535,0.5055313110351562,-5210455,-10722681,2979530
1736663537,0.514509916305542,-38641796,-32074311,10637374
1736663538,0.5067062377929688,-7527874,-12552928,10637374
1736663541,0.5002143383026123,397644,-2504855,1411328
1736663542,0.500917911529541,1195693,-1587513,1998411
1736663545,0.524630069732666,-60381526,-52768149,4994817
1736663546,0.5115928649902344,-8360734,-18861815,4994817
1736663547,0.500995397567749,12280020,-729281,4994817
1736663552,0.4999985694885254,-5000137,-3174490,2831725
1736663553,0.501392126083374,-3100665,-2775059,2831725
1736663554,0.5005977153778076,-564176,-1168769,2831725
1736663556,0.5000457763671875,340847,-94810,2764293
1736663558,0.5001578330993652,-383476,-331202,2764293
1736663563,0.5001120567321777,-647829,-236780,1564179
1736663564,0.5002219676971436,-660033,-443333,1564179
1736663566,0.5004003047943115,-1123997,-821960,1484918
1736663569,0.5004312992095947,-1185624,-882442,1232641
1736663570,0.5001411437988281,-218090,-270595,1232641
1736663573,0.5002589225769043,-929360,-542827,934616
1736663574,0.5000500679016113,-198227,-90502,988224
1736663575,0.500187873840332,-424013,-375757,988224
1736663578,0.5001060962677002,-251827,-214414,913988
1736663580,0.5004215240478516,-1216345,-866980,913988
1736663582,0.5009357929229736,-2492543,-1918011,1296693
1736663583,0.5004842281341553,-779247,-952478,1296693
1736663584,0.5000917911529541,236692,-170313,1296693
1736663592,0.5001530647277832,-467711,-307813,1057623
1736663593,0.5000400543212891,-93485,-73900,1057623
1736663594,0.5000379085540771,-63980,-72440,1088624
1736663596,0.500042200088501,-112031,-83855,1088624
1736663597,0.5000717639923096,-135581,-141014,1088624
1736663598,0.5000264644622803,-2402,-48509,1088624
1736663599,0.5000050067901611,40724,-6104,1088624
1736663601,0.5003433227539062,-993066,-702414,1088624
1736663602,0.5001175403594971,-219332,-226600,1088624
1736663604,0.5002236366271973,-717407,-459631,739295
1736663605,0.5001387596130371,-314132,-271579,926781
1736663606,0.5000581741333008,-59110,-110796,803656
1736663608,0.5000202655792236,11032,-37288,908079
1736663609,0.5000193119049072,9593,-35417,908079
1736663610,0.5000581741333008,-71612,-113744,1010796
1736663614,0.5010113716125488,-3108815,-2123440,926077
1736663615,0.500338077545166,-708451,-655720,926077
1736663616,0.5001528263092041,-138366,-298171,951613
1736663617,0.5001633167266846,-122436,-323750,951613
1736663620,0.5000522136688232,25398,-104323,944228
1736663622,0.500255823135376,-549974,-517828,1126523
1736663623,0.5000793933868408,-18792,-151638,1126523
1736663627,0.5002632141113281,-844046,-538048,917146
1736663628,0.500166654586792,-380304,-327520,917146
1736663629,0.500054121017456,-41304,-102611,987774
1736663630,0.5000617504119873,-46604,-120303,987774
1736663632,0.5004880428314209,-1375708,-996318,987774
1736663635,0.5000271797180176,-246053,-57497,1154728
1736663636,0.5000450611114502,-201626,-86886,1240859
1736663637,0.5000743865966797,-199914,-145662,1241391
1736663639,0.5001358985900879,-318328,-271984,1355123
1736663640,0.5000579357147217,-61771,-110925,1355123
1736663641,0.5000925064086914,-114635,-182321,1495910
1736663642,0.5000040531158447,99270,-2806,1613024
1736663646,0.5004770755767822,-1355815,-969268,1613024
1736663647,0.5001566410064697,-283939,-304137,1613024
1736663652,0.5001013278961182,-361205,-203700,1230146
1736663654,0.500086784362793,-224162,-171756,1230146
1736663655,0.5000395774841309,-59930,-74773,1357438
1736663657,0.5001959800720215,-505321,-394526,1357438
1736663658,0.5000035762786865,40692,-109,1357438
1736663659,0.5001044273376465,-178574,-207168,1423782
1736663661,0.500194787979126,-428721,-391415,1554634
1736663667,0.500946044921875,-2284363,-1908531,1765367
1736663668,0.5001130104064941,97769,-211708,1445907
1736663670,0.5000073909759521,163872,-12225,1245752
1736663673,0.5000035762786865,-41275,-5646,1269948
1736663677,0.5003712177276611,-1171484,-751222,1234684
1736663678,0.5001940727233887,-451369,-382552,1168262
1736663679,0.500051736831665,-30501,-97095,1168262
1736663680,0.5000627040863037,-46144,-121888,1168262
1736663686,0.5002098083496094,-647624,-421021,826441
1736663689,0.5009481906890869,-2870570,-1917662,845225
1736663690,0.5005083084106445,-1100885,-1009148,1008524
1736663694,0.5004961490631104,-1358553,-1026616,1248444
1736663695,0.5007603168487549,-1443730,-1519359,1248444
1736663696,0.5003249645233154,-134242,-642990,1248444
1736663704,0.5001437664031982,-359347,-285212,1125735
1736663707,0.5003907680511475,-1057195,-784058,1125735
1736663708,0.5001611709594727,-273193,-317214,1125735
1736663711,0.5001668930053711,-373289,-332287,1305287
1736663712,0.5000741481781006,-73138,-144123,1305287
1736663714,0.5000650882720947,-107876,-128020,1278959
1736663715,0.500016450881958,23671,-28835,1278959
1736663721,0.5000753402709961,-341231,-151966,836850
1736663723,0.5005295276641846,-1576442,-1062907,781996
1736663727,0.5000059604644775,-131832,-8520,847353
1736663728,0.5000033378601074,-86757,-2995,927713
1736663730,0.5002353191375732,-696986,-469650,1052272
1736663731,0.5001997947692871,-414493,-396252,1052272
1736663733,0.5005247592926025,-1357892,-1051130,1074760
1736663734,0.5001704692840576,-235743,-336349,1115142
1736663735,0.500053882598877,67463,-103866,1115142
1736663742,0.5001199245452881,-338900,-236259,762933
1736663743,0.5000362396240234,-69805,-68834,749504
1736663744,0.5000629425048828,-102251,-122221,749504
1736663747,0.5000796318054199,-157298,-155719,846139
1736663749,0.501307487487793,-3672506,-2618967,927279
1736663753,0.5001354217529297,-798679,-267960,1025563
1736663754,0.5002808570861816,-849252,-558137,1311192
1736663755,0.500053882598877,-140548,-104208,1038147
1736663759,0.5000171661376953,-90516,-30624,1038147
1736663761,0.5000872611999512,-267864,-170611,945220
1736663762,0.5000350475311279,-83978,-67084,945220
1736663765,0.5010037422180176,-2588342,-2004028,1483115
1736663766,0.5001404285430908,-85188,-277376,975685
1736663767,0.5000176429748535,185685,-32060,976709
1736663768,0.5000407695770264,83972,-78067,1147430
1736663769,0.5001096725463867,-79315,-216162,1390844
1736663773,0.5000171661376953,-96353,-30823,1037606
1736663774,0.5000410079956055,-115427,-78803,1147430
1736663778,0.5001659393310547,-537935,-328808,980290
1736663779,0.5001747608184814,-393652,-345905,980290
1736663781,0.5000331401824951,-52158,-62708,856669
1736663782,0.5000059604644775,18024,-8174,856669
1736663786,0.5004787445068359,-1357325,-954480,972680
1736663787,0.5003461837768555,-684527,-688880,1145456
1736663788,0.5001020431518555,9175,-200536,1145456
1736663792,0.5000941753387451,-231901,-185961,1256709
1736663793,0.5000712871551514,-115645,-139275,1256709
1736663794,0.500023603439331,14889,-43435,1256709
1736663797,0.5001776218414307,-483034,-352078,1271929
1736663798,0.5001094341278076,-201407,-215361,1337832
1736663799,0.500011682510376,54199,-20177,1337832
1736663800,0.500032901763916,-4257,-62374,1413349
1736663802,0.5000076293945312,23511,-11942,1437067
1736663804,0.5000441074371338,-151538,-85110,1495169
1736663805,0.5000994205474854,-216145,-195178,1495169
1736663809,0.500664472579956,-1896349,-1325592,1332528
1736663810,0.5002186298370361,-435489,-433636,1186368
1736663811,0.5000462532043457,39894,-88900,1186368
1736663814,0.5000894069671631,-261736,-175392,1019558
1736663815,0.5000021457672119,-8684,-861,962585
1736663819,0.5001316070556641,-335177,-259645,887246
1736663820,0.5000522136688232,-75999,-101021,887246
1736663822,0.5000207424163818,-36184,-38052,903909
1736663823,0.500037670135498,-59126,-71849,903909
1736663824,0.5000104904174805,12631,-17830,903909
1736663829,0.5005600452423096,-1476926,-1116262,1264135
1736663830,0.5002799034118652,-474080,-556494,1264135
1736663831,0.5001077651977539,12714,-211924,1264135
1736663834,0.5000689029693604,-77864,-134403,1333375
1736663835,0.500002384185791,78372,-1526,1333375
1736663841,0.5000102519989014,-107359,-17088,963370
1736663842,0.5000874996185303,-229551,-171487,1076876
1736663846,0.5002753734588623,-870298,-548805,784473
1736663847,0.5000882148742676,-233311,-172907,784473
1736663848,0.5000419616699219,-71130,-80719,874409
1736663849,0.5001101493835449,-186000,-216928,874409
1736663850,0.5000360012054443,18433,-68295,871592
1736663853,0.5000021457672119,12739,-1065,981708
1736663854,0.500077486038208,-141501,-151484,1025704
1736663859,0.5000536441802979,-130240,-104006,941257
1736663862,0.5001981258392334,-449328,-392702,938578
1736663865,0.5000691413879395,-272114,-136142,874887
1736663866,0.5001306533813477,-312927,-258589,938578
1736663867,0.5002200603485107,-397274,-436814,1060808
1736663869,0.5013151168823242,-3497703,-2626450,1150436
1736663870,0.50046706199646,-752138,-930196,1150436
1736663871,0.5001223087310791,162186,-241513,1238615
1736663872,0.5000126361846924,333288,-21755,1238615
1736663873,0.5000503063201904,157713,-97344,1379576
1736663877,0.5004787445068359,-1332693,-954116,1379576
1736663878,0.5002090930938721,-393489,-414720,1308857
1736663880,0.5001101493835449,-305776,-216977,1054356
1736663882,0.5001194477081299,-278010,-235507,1063476
1736663885,0.5004661083221436,-1139416,-928884,1306672
1736663886,0.5001509189605713,-166821,-298113,1234327
1736663888,0.5000455379486084,-5176,-87935,1234327
1736663890,0.5000298023223877,-35145,-56331,1234327
1736663891,0.5000133514404297,8492,-23238,1305917
1736663893,0.5000264644622803,-33875,-49821,1332164
1736663895,0.5000457763671875,-109195,-88029,1332164
1736663899,0.5001471042633057,-485620,-291036,879799
1736663900,0.5000815391540527,-208321,-159423,924652
1736663901,0.500063419342041,-109998,-123596,1090110
1736663902,0.50002121925354,7704,-38894,1098846
1736663903,0.500058650970459,-69548,-113834,1098846
1736663905,0.5005106925964355,-1332726,-1018295,1308772
1736663906,0.5001523494720459,-216137,-301524,1308772
1736663908,0.5001065731048584,-132680,-209249,1308772
1736663909,0.5000138282775879,92285,-24088,1308772
1736663913,0.5005593299865723,-1526682,-1115091,1308772
1736663914,0.5002291202545166,-408192,-454606,1308772
1736663916,0.5002410411834717,-680535,-478561,953152
1736663917,0.5000708103179932,-134780,-136966,896981
1736663919,0.5007472038269043,-1828926,-1491175,1484805
1736663921,0.5006492137908936,-1840058,-1300021,2044951
1736663922,0.5004432201385498,-870960,-882940,1070564
1736663923,0.5000624656677246,152089,-121179,1070564
1736663926,0.5000696182250977,-14409,-135586,1056190
1736663927,0.5000345706939697,59924,-65575,1056190
1736663930,0.5000929832458496,-174711,-182567,939038
1736663932,0.5005931854248047,-1582735,-1182898,1033222
1736663938,0.5001325607299805,-749033,-261621,787722
1736663939,0.5001852512359619,-629588,-366886,991995
1736663941,0.5000693798065186,-203733,-135520,760183
1736663942,0.5000557899475098,-115315,-108222,826004
1736663945,0.5004563331604004,-1053195,-909356,991995
1736663946,0.5002713203430176,-367243,-539363,991995
1736663947,0.5000431537628174,199362,-82931,991995
1736663954,0.5000605583190918,-142400,-117964,993154
1736663956,0.5000176429748535,-54305,-31657,923671
1736663959,0.5000514984130859,-181931,-99392,993154
1736663960,0.5002145767211914,-454008,-426049,1176384
1736663961,0.5001423358917236,-173012,-281255,1377895
1736663964,0.5000288486480713,-16676,-53868,1306178
1736663968,0.5000700950622559,-168055,-136548,1324244
1736663970,0.5000338554382324,-59393,-64369,1324244
1736663973,0.5000507831573486,-166712,-97743,1299207
1736663975,0.5000593662261963,-214072,-115161,1263840
1736663976,0.5000514984130859,-134506,-99817,1263840
1736663978,0.5000832080841064,-262113,-162832,1027710
1736663980,0.50071120262146,-2171391,-1419084,770440
1736663981,0.5002491474151611,-595471,-494581,770440
1736663983,0.5010290145874023,-2732611,-2054436,905513
1736663984,0.500514030456543,-883000,-1024608,905513
1736663986,0.5003938674926758,-886288,-784602,868280
1736663988,0.5015280246734619,-3553506,-3052548,2118366
1736663989,0.5002164840698242,135516,-429578,1445036
1736663993,0.5006082057952881,-1640380,-1212884,1568742
1736663994,0.5001509189605713,-233536,-298154,1349919
1736663997,0.500328540802002,-900550,-653622,1331558
1736663998,0.5002305507659912,-434377,-457614,1455265
1736663999,0.5000412464141846,74424,-79126,1455265
1736664002,0.5000550746917725,-151448,-106780,1330557
1736664006,0.5000159740447998,-107040,-28127,1156145
1736664007,0.5000898838043213,-222933,-176132,1071102
1736664008,0.5000278949737549,-32318,-52397,1071102
1736664011,0.5000455379486084,-177491,-87873,1025693
1736664013,0.500129222869873,-313840,-255025,1014611
1736664015,0.5001006126403809,-290877,-197540,1022096
1736664016,0.5000755786895752,-153420,-147346,1062139
1736664017,0.5001866817474365,-329972,-369924,1254171
1736664018,0.5000548362731934,32318,-106626,1254171
1736664021,0.500044584274292,-135453,-85798,1153889
1736664022,0.5000803470611572,-166420,-157401,1230877
1736664023,0.5000190734863281,6354,-34553,1230877
1736664027,0.5000307559967041,-149532,-58232,947099
1736664030,0.5001440048217773,-448827,-284406,826204
1736664034,0.5000114440917969,-141646,-19527,726265
1736664035,0.5000741481781006,-224737,-145112,726265
1736664037,0.5003476142883301,-951357,-691752,767343
1736664038,0.500145673751831,-262181,-287983,767343
1736664043,0.5000526905059814,-206613,-101855,788744
1736664045,0.5001735687255859,-449402,-343795,788744
1736664047,0.5004825592041016,-1031933,-961999,1463621
1736664048,0.5001823902130127,-121972,-361618,1463621
1736664050,0.5000150203704834,-86910,-26651,954071
1736664051,0.5000462532043457,-123247,-89061,1131589
1736664052,0.500025749206543,-45308,-48096,1131589
1736664054,0.5000567436218262,-114621,-110037,1131589
1736664056,0.5001847743988037,-513641,-366054,1045732
1736664061,0.5000114440917969,-88973,-19695,693571
1736664065,0.5007073879241943,-1634668,-1411081,846954
1736664066,0.5000882148742676,93720,-173093,846954
1736664067,0.5001363754272461,-30420,-269117,846954
1736664069,0.5003962516784668,-899536,-789070,1033981
1736664070,0.500128984451294,-95337,-254732,1033981
1736664071,0.500009298324585,173137,-14859,1033981
1736664077,0.5000660419464111,-213332,-128339,933006
1736664079,0.5000696182250977,-162342,-135599,941517
1736664080,0.5000128746032715,-478,-22438,998904
1736664082,0.5001933574676514,-507125,-383179,998904
1736664083,0.5000810623168945,-130546,-158738,1136151
1736664087,0.5005273818969727,-1399629,-1050959,1172306
1736664088,0.5002107620239258,-346727,-417946,1172306
1736664090,0.500373363494873,-920745,-743490,1172306
1736664091,0.5000333786010742,35672,-63297,1091764
1736664093,0.5000553131103516,-76356,-107407,1091764
1736664095,0.500049352645874,-89429,-95265,1091764
1736664096,0.5000090599060059,18205,-14460,1091764
1736664100,0.5000481605529785,-109693,-92654,867627
1736664102,0.500049352645874,-112411,-95171,867627
1736664104,0.5000860691070557,-240734,-168469,867627
1736664105,0.5000302791595459,-56937,-56892,836822
1736664108,0.5000455379486084,-173125,-87712,791675
1736664111,0.5019803047180176,-4605809,-3957402,1052173
1736664114,0.5001161098480225,-1067969,-228980,1133610
1736664115,0.5002202987670898,-955508,-436910,1133610
1736664116,0.5000946521759033,-417480,-185534,1133610
1736664120,0.5000197887420654,-213266,-36488,704824
1736664121,0.500009298324585,-128247,-15449,704824
1736664124,0.5000839233398438,-230085,-164046,871065
1736664125,0.5000667572021484,-127247,-130233,769790
1736664127,0.5006465911865234,-1699074,-1289490,1068526
1736664128,0.5002768039703369,-449674,-549812,1068526
1736664131,0.5000364780426025,-19972,-69606,928060
1736664132,0.5000050067901611,49078,-6547,967251
1736664133,0.5000042915344238,36101,-4801,967251
1736664134,0.5000500679016113,-66310,-96382,1062816
1736664137,0.5000286102294922,-73400,-53745,1000103
1736664138,0.5000801086425781,-154075,-156440,1125709
1736664139,0.5001034736633301,-155103,-203690,1292098
1736664148,0.5003881454467773,-1167590,-772851,839504
1736664149,0.5001680850982666,-377195,-332733,839504
1736664151,0.5009639263153076,-2605111,-1924333,839504
1736664152,0.5003986358642578,-693299,-794054,839504
1736664157,0.5000886917114258,-174707,-173845,1160860
1736664159,0.5000863075256348,-137226,-169276,1337234
1736664160,0.5000166893005371,43328,-29890,1337234
1736664166,0.5000402927398682,-147811,-77061,1079812
1736664171,0.50014328956604,-388373,-283154,952225
1736664173,0.5000708103179932,-170974,-138524,952225
1736664174,0.5000119209289551,-1518,-20360,952225
1736664176,0.5005073547363281,-1377660,-1010998,1111386
1736664177,0.5002365112304688,-423055,-469691,1111386
1736664178,0.5000259876251221,124890,-48663,973932
1736664180,0.5000872611999512,-111209,-171328,1167830
1736664183,0.500164270401001,-363416,-324647,1327912
1736664184,0.5000970363616943,-120329,-190585,1327912
1736664188,0.5002946853637695,-784732,-585649,1316445
1736664190,0.5003297328948975,-756753,-655885,1316445
1736664196,0.5000321865081787,-109927,-60775,866968
1736664198,0.5000255107879639,-124808,-47240,767447
1736664200,0.5000035762786865,-68846,-3707,767447
1736664201,0.5000762939453125,-193524,-149039,866968
1736664203,0.5002186298370361,-430173,-433949,1233661
1736664204,0.5003259181976318,-515458,-648286,1665032
1736664206,0.5000412464141846,99539,-79233,1700385
1736664207,0.50003981590271,72465,-76445,1700385
1736664217,0.5000741481781006,-259016,-144736,821851
1736664218,0.5000720024108887,-177080,-140505,821851
1736664219,0.5000166893005371,-13494,-30043,821851
1736664222,0.5000898838043213,-205119,-176357,911308
1736664223,0.5000133514404297,9781,-22993,911308
1736664224,0.5000121593475342,9209,-20630,913882
1736664226,0.5000109672546387,-7723,-18859,913882
1736664227,0.5000178813934326,-19051,-32504,954400
1736664229,0.5000669956207275,-182599,-130540,942484
1736664231,0.5000958442687988,-288063,-187935,874979
1736664232,0.5000588893890381,-127984,-114275,874979
1736664237,0.5001394748687744,-333055,-275376,911770
1736664239,0.500192403793335,-409276,-381419,1057464
1736664241,0.5003218650817871,-848510,-639950,969158
1736664242,0.5000753402709961,-101323,-147316,969158
1736664244,0.5001688003540039,-311007,-334216,1106257
1736664245,0.5000364780426025,46725,-69786,1106257
1736664248,0.5005133152008057,-1125635,-1023040,1171258
1736664249,0.5000345706939697,169393,-65703,1044976
1736664250,0.5000851154327393,17456,-166822,1171258
1736664251,0.5000114440917969,159703,-19338,1171258
1736664255,0.5000498294830322,-172933,-96387,1087720
1736664256,0.5000441074371338,-109281,-84615,1087720
1736664257,0.5000190734863281,-26503,-34621,1087720
1736664259,0.5000782012939453,-136822,-152891,1266891
1736664261,0.5001037120819092,-288007,-204154,1275736
1736664263,0.5000460147857666,-112926,-88276,1147027
1736664266,0.5009009838104248,-2689358,-1798808,1216122
1736664267,0.500568151473999,-1216486,-1132743,1216122
1736664268,0.5003149509429932,-344934,-626137,1393643
1736664270,0.5001840591430664,-289738,-364584,1419883
1736664274,0.5000400543212891,-121866,-77021,1216122
1736664275,0.500063419342041,-131811,-123526,1144568
1736664278,0.5000605583190918,-168647,-117674,1185632
1736664279,0.5001795291900635,-355775,-355396,1185632
1736664281,0.5001072883605957,-160047,-211097,1487031
1736664282,0.5000088214874268,84739,-14325,1487031
1736664287,0.5000510215759277,-109053,-98396,1241033
1736664289,0.5000560283660889,-310057,-108777,1252749
1736664290,0.5003042221069336,-713608,-605345,1252749
1736664291,0.500089168548584,-68957,-174777,1239256
1736664294,0.5001773834228516,-379890,-351748,1298839
1736664295,0.5000050067901611,79532,-6293,1298839
1736664296,0.5000021457672119,60931,-1034,1298839
1736664301,0.5001177787780762,-298928,-232257,1244239
1736664302,0.5001134872436523,-200590,-223597,1415985
1736664304,0.500145435333252,-282361,-287491,1437720
1736664305,0.5000181198120117,57030,-32808,1437720
1736664307,0.5000483989715576,-129001,-93168,1521511
1736664308,0.5000784397125244,-150386,-153253,1521511
1736664310,0.5001370906829834,-355838,-270659,1481740
1736664311,0.5000216960906982,-18571,-40144,1397949
1736664312,0.5000135898590088,3519,-23625,1456249
1736664317,0.5000104904174805,-114864,-17462,968768
1736664320,0.5000407695770264,-161265,-78070,848839
1736664321,0.5000050067901611,-41257,-6441,916402
1736664322,0.5000133514404297,-45658,-23219,916402
1736664323,0.5000472068786621,-99498,-90757,916402
1736664324,0.5001459121704102,-267258,-288366,1146022
1736664325,0.5000286102294922,47548,-53737,1146022
1736664327,0.5000143051147461,-6422,-25453,1146022
1736664328,0.5000312328338623,-37794,-58752,1179198
1736664331,0.5000121593475342,-50918,-20956,1319209
1736664333,0.5000081062316895,-27440,-12754,1075080
1736664335,0.5003199577331543,-1023079,-636279,969139
1736664336,0.5002195835113525,-515136,-435260,969139
1736664337,0.5001397132873535,-201289,-275954,1123949
1736664342,0.5001275539398193,-627315,-251546,899842
1736664343,0.5003454685211182,-875337,-687763,922367
1736664344,0.5001728534698486,-267264,-342291,922367
1736664345,0.5000059604644775,146913,-8293,922367
1736664348,0.5000684261322021,-22183,-133315,991759
1736664349,0.5000410079956055,39539,-78248,1063531
1736664352,0.5003159046173096,-876995,-628332,1063531
1736664354,0.5001070499420166,-277521,-210440,924989
1736664355,0.5000216960906982,-23587,-39762,1193228
1736664356,0.5001468658447266,-266944,-290195,1193228
1736664357,0.5001301765441895,-153727,-257061,1282489
1736664359,0.500645637512207,-1651443,-1287940,1544498
1736664360,0.5001614093780518,-187519,-319449,1544498
1736664361,0.5001163482666016,-40934,-229120,1544498
1736664362,0.5000488758087158,106388,-94078,1544498
1736664363,0.5000865459442139,-941,-169490,1783582
1736664366,0.5008354187011719,-2272885,-1667341,1899643
1736664367,0.5003197193145752,-559821,-636143,1899643
1736664368,0.5001037120819092,40232,-204036,1899643
1736664375,0.5021820068359375,-5504640,-4360361,1086376
1736664376,0.5009241104125977,-1337265,-1844378,1086376
1736664377,0.500828742980957,-745447,-1653740,1086376
1736664378,0.5000791549682617,976756,-155171,1013789
1736664384,0.5002498626708984,-402168,-496371,1274600
1736664388,0.5003795623779297,-1122589,-755592,1128122
1736664391,0.5004222393035889,-1392466,-841097,1058199
1736664392,0.5002195835113525,-569416,-435786,1058199
1736664393,0.5002806186676025,-520417,-557612,1563834
1736664397,0.5000736713409424,-260747,-143876,883036
1736664399,0.5000441074371338,-205635,-85060,731911
1736664400,0.5000550746917725,-165909,-107025,883036
1736664401,0.500032901763916,-71496,-62384,883036
1736664402,0.5001952648162842,-374897,-387234,1098907
1736664404,0.5002012252807617,-320812,-399152,1414751
1736664406,0.5000193119049072,27368,-35378,1250763
1736664408,0.5000262260437012,-50420,-48930,1250763
1736664413,0.5007936954498291,-2185490,-1583882,1411595
1736664414,0.5000946521759033,-131877,-185916,819992
1736664419,0.5000641345977783,-182237,-124650,665120
1736664421,0.5004479885101318,-1042679,-892277,1151756
1736664423,0.5000114440917969,49375,-19125,808682
1736664425,0.5005452632904053,-1480488,-1087432,945163
1736664426,0.5001239776611328,-193352,-244442,945163
1736664427,0.5001730918884277,-233765,-342861,1151756
1736664430,0.5000472068786621,-145011,-90680,991035
1736664431,0.5000166893005371,-40792,-29964,991035
1736664433,0.5003025531768799,-746349,-601340,1085896
1736664434,0.5001003742218018,-118090,-196986,1085896
1736664435,0.5000231266021729,71259,-43064,1053136
1736664439,0.5001728534698486,-399329,-342030,1240060
1736664441,0.5009708404541016,-2608834,-1938213,1374326
1736664442,0.5003049373626709,-494497,-606526,1374326
1736664443,0.5000414848327637,180936,-79442,1374326
1736664445,0.5001676082611084,-196232,-331851,1725420
1736664446,0.500054121017456,89703,-104785,1725420
1736664447,0.5000340938568115,102906,-64671,1725420
1736664449,0.5000250339508057,-9084,-46503,1725420
1736664456,0.5000796318054199,-274219,-155552,1155996
1736664457,0.5000529289245605,-138783,-102382,1155996
1736664464,0.5001609325408936,-430239,-318692,925448
1736664466,0.5005197525024414,-1353680,-1036169,925448
1736664467,0.500227689743042,-363352,-451945,925448
1736664468,0.5000264644622803,148523,-49075,925448
1736664472,0.5004537105560303,-1176322,-903966,1194833
1736664473,0.5001113414764404,-138498,-219039,1194833
1736664474,0.500159740447998,-194136,-316226,1318873
1736664477,0.5002868175506592,-707335,-569886,1318873
1736664478,0.5000295639038086,18676,-56076,1318873
1736664480,0.5000650882720947,-80159,-126791,1277986
1736664483,0.5001306533813477,-384665,-257873,1069671
1736664486,0.5014317035675049,-3241159,-2859771,1987477
1736664487,0.5006752014160156,-755872,-1346832,1987477
1736664488,0.5001113414764404,598761,-218960,1987477
1736664490,0.5005195140838623,-1145545,-1035708,2089765
1736664496,0.5002813339233398,-970142,-559390,1204635
1736664497,0.5001640319824219,-444060,-324351,1204635
1736664501,0.5000081062316895,-131214,-12641,1100193
1736664504,0.5000972747802734,-277252,-191222,968835
1736664506,0.5002899169921875,-747577,-576604,1087442
1736664507,0.5000345706939697,-12765,-66065,1072505
1736664508,0.5000107288360596,39101,-18029,1072505
1736664509,0.5000803470611572,-111886,-157286,1087442
1736664510,0.5000119209289551,58668,-20297,1087442
1736664513,0.5000922679901123,-302228,-181183,1053154
1736664514,0.5000920295715332,-211228,-180852,1002210
1736664515,0.5000190734863281,-1672,-34664,1002210
1736664519,0.5000767707824707,-200960,-150051,939798
1736664520,0.5000288486480713,-44833,-54212,939798
1736664523,0.500025749206543,-92860,-48251,864304
1736664526,0.5001211166381836,-290539,-238492,898599
1736664527,0.500025749206543,-12782,-47897,898599
1736664530,0.5000674724578857,-149481,-131476,898599
1736664533,0.5000560283660889,-138903,-108549,988659
1736664534,0.5001223087310791,-229690,-241007,1059244
1736664536,0.5008413791656494,-2309320,-1679640,1106266
1736664537,0.5001988410949707,-331154,-394270,1059244
1736664538,0.5000224113464355,120944,-41519,899426
1736664539,0.5000519752502441,25561,-100618,1059244
1736664541,0.500281572341919,-691476,-559785,1139204
1736664542,0.5000972747802734,-115229,-190981,1139204
1736664544,0.5002286434173584,-434961,-453584,1313853
1736664546,0.5001330375671387,-270703,-262767,1405780
1736664547,0.5001044273376465,-131741,-205016,1405780
1736664549,0.5001492500305176,-320246,-294810,1443951
1736664551,0.5000133514404297,-71830,-23089,1443951
1736664552,0.5001530647277832,-329726,-302534,1443951
1736664557,0.5001740455627441,-503263,-344574,1302209
1736664561,0.5003476142883301,-987064,-691979,1058257
1736664562,0.5001828670501709,-361338,-362372,979866
1736664563,0.5000500679016113,12635,-96800,979866
1736664566,0.5002186298370361,-620641,-434205,1031408
1736664567,0.5002262592315674,-449155,-448912,1189422
1736664568,0.5000267028808594,84424,-50079,1119150
1736664570,0.5000085830688477,55051,-13580,1138670
1736664572,0.5005817413330078,-1781303,-1159821,1138670
1736664573,0.5004663467407227,-1016030,-928939,1264866
1736664574,0.5001552104949951,-89382,-307100,1264866
1736664578,0.5011606216430664,-3290826,-2317761,1347997
1736664585,0.5000162124633789,-339527,-28956,865138
1736664587,0.5002236366271973,-647144,-443453,917076
1736664588,0.5001070499420166,-220110,-210563,939134
1736664591,0.5002491474151611,-568368,-494816,1050974
1736664592,0.5000760555267334,-51688,-148647,939134
1736664595,0.5003716945648193,-742640,-740021,1252873
1736664597,0.5010626316070557,-2746075,-2121708,1413496
1736664598,0.5003585815429688,-514489,-713945,1413496
1736664600,0.5007109642028809,-1722650,-1418696,1413496
1736664601,0.5000536441802979,109179,-103662,1115409
1736664602,0.5000648498535156,53744,-126343,1329123
1736664603,0.5000715255737305,24343,-139621,1329123
1736664605,0.5017008781433105,-4920359,-3398146,1032154
1736664606,0.500662088394165,-1366765,-1320660,818439
1736664608,0.5016753673553467,-4337656,-3347159,1032154
1736664609,0.5003361701965332,-358342,-669142,1032154
1736664611,0.500260591506958,-656168,-517574,1634818
1736664612,0.5011329650878906,-2204233,-2262489,2314828
1736664613,0.5003955364227295,-67874,-787400,2210088
1736664614,0.5000119209289551,719174,-20714,2210088
1736664625,0.5000050067901611,-246666,-6558,1008960
1736664626,0.5000383853912354,-239333,-73225,1008960
1736664627,0.500037670135498,-166095,-71787,908619
1736664629,0.5000126361846924,-74859,-22016,908619
1736664631,0.500023603439331,-74150,-43765,963536
1736664632,0.5000135898590088,-31988,-23848,989587
1736664633,0.5000104904174805,-16126,-17582,989587
1736664635,0.5000772476196289,-198315,-150830,889246
1736664636,0.5000154972076416,-15122,-27132,885526
1736664638,0.5000491142272949,-109576,-94746,1029618
1736664639,0.5000755786895752,-129645,-147687,1029618
1736664642,0.5000572204589844,-163474,-111059,976458
1736664645,0.5002486705780029,-617920,-493928,1133107
1736664646,0.5000922679901123,-119671,-181055,1133107
1736664648,0.5000038146972656,36615,-4018,1360613
1736664649,0.5001287460327148,-224606,-254254,1360613
1736664651,0.5004868507385254,-1246078,-970383,1622367
1736664655,0.5004594326019287,-1136879,-914961,1266467
1736664656,0.5001444816589355,-166544,-285690,1266467
1736664658,0.5008444786071777,-2320735,-1685845,1191011
1736664659,0.5002038478851318,-342985,-404316,808574
1736664661,0.5002284049987793,-348976,-453385,1191011
1736664663,0.5000779628753662,-28482,-152147,1282252
1736664666,0.5002250671386719,-638483,-446810,1191826
1736664667,0.500084400177002,-165602,-165474,1134334
1736664671,0.5000698566436768,-273761,-136222,873081
1736664673,0.50006103515625,-167814,-118864,880833
1736664674,0.5000150203704834,-25162,-26556,875529
1736664677,0.5004181861877441,-1141543,-832869,940651
1736664678,0.5000636577606201,-90192,-123981,940651
1736664681,0.5003414154052734,-792820,-679228,992870
1736664682,0.5001180171966553,-108571,-232825,992870
1736664683,0.5000178813934326,124444,-32381,1129323
1736664684,0.5000557899475098,11205,-108287,1129323
1736664685,0.5000729560852051,-26263,-142394,1319127
1736664686,0.5000336170196533,60178,-63832,1439210
1736664688,0.500014066696167,-2015,-24519,1360822
1736664690,0.5017361640930176,-4929675,-3468969,1360822
1736664691,0.5003416538238525,-661674,-679871,1398153
1736664692,0.5005092620849609,-798464,-1015163,1509625
1736664698,0.5011558532714844,-3533985,-2308344,1354209
1736664699,0.5005640983581543,-1290338,-1124893,1354209
1736664704,0.5004136562347412,-1096258,-823811,956643
1736664705,0.500046968460083,-34352,-90783,872199
1736664706,0.5000669956207275,-63877,-130613,872199
1736664707,0.5000166893005371,55914,-29985,872199
1736664708,0.5000362396240234,-14,-69139,956643
1736664711,0.500051736831665,-118433,-99949,956643
1736664712,0.500067949295044,-115309,-132355,1020926
1736664715,0.5002565383911133,-604660,-509891,1218099
1736664716,0.5000901222229004,-90037,-176666,1218099
1736664720,0.5002055168151855,-845157,-407876,901214
1736664721,0.5003926753997803,-965634,-781900,1154464
1736664723,0.500469446182251,-1146875,-935644,1262587
1736664733,0.5001864433288574,-537940,-369492,976020
1736664734,0.5000207424163818,-45051,-37985,1022173
1736664735,0.5001134872436523,-217163,-223613,1022173
1736664736,0.5001382827758789,-201757,-273356,1220404
1736664738,0.5009100437164307,-2499262,-1816695,1220404
1736664739,0.5002744197845459,-478225,-545437,1220404
1736664740,0.5002577304840088,-301083,-511762,1389398
1736664741,0.5000412464141846,222200,-78804,1389398
1736664745,0.5003907680511475,-723669,-778489,2249248
1736664750,0.5004291534423828,-1243517,-854902,1970665
1736664751,0.5000905990600586,-193162,-177602,1774305
1736664756,0.5004947185516357,-1489892,-985776,1570059
1736664757,0.5002412796020508,-536560,-479412,1425276
1736664758,0.5001006126403809,-93801,-197621,1425276
1736664761,0.5005753040313721,-1504429,-1147219,1425276
1736664762,0.5002217292785645,-346224,-440343,1301255
1736664763,0.5000460147857666,109490,-88496,1301255
1736664767,0.5004851818084717,-1007181,-966880,1497637
1736664768,0.5001530647277832,-40646,-302499,1497637
1736664770,0.5000143051147461,127170,-25361,1497637
1736664772,0.5001366138458252,-329917,-269843,1642492
1736664773,0.5000231266021729,-3857,-42758,1642492
1736664774,0.5000145435333252,14462,-25596,1497637
1736664779,0.5000710487365723,-309263,-138544,956688
1736664780,0.5001065731048584,-287745,-209804,956688
1736664782,0.5009336471557617,-2681640,-1863883,956688
1736664783,0.5004611015319824,-932314,-919049,956688
1736664784,0.5001318454742432,6356,-260073,940640
1736664787,0.5007896423339844,-2222187,-1576100,917930
1736664788,0.5003602504730225,-696738,-717308,905454
1736664789,0.5001034736633301,26116,-203475,876064
1736664793,0.5001540184020996,-396827,-304651,882142
1736664794,0.5001299381256104,-229517,-256390,983498
1736664796,0.5005526542663574,-1525243,-1102058,929230
1736664797,0.5001194477081299,-200814,-235202,1003310
1736664798,0.500129222869873,-159994,-254626,1003310
1736664799,0.5000545978546143,36608,-106023,1003310
1736664800,0.5000030994415283,128672,-2976,929230
1736664806,0.5012736320495605,-2934347,-2543569,1356049
1736664807,0.5004639625549316,-434606,-924133,1356049
1736664808,0.5000536441802979,515729,-104179,1356049
1736664810,0.5007011890411377,-1716001,-1398970,1857794
1736664811,0.5001170635223389,-32773,-230543,1280222
1736664814,0.5000927448272705,-85893,-181874,1280222
1736664816,0.5009446144104004,-2563024,-1885788,1380456
1736664817,0.5003080368041992,-520843,-612515,1306812
1736664821,0.5038514137268066,-8367536,-7699354,1306812
1736664822,0.5011191368103027,-392824,-2234903,1146960
1736664827,0.5015089511871338,-3508220,-3014617,2332810
1736664828,0.5005302429199219,-498553,-1057416,2332810
1736664830,0.5004103183746338,-977159,-817213,1681811
1736664832,0.5002264976501465,-641568,-449270,1223516
1736664833,0.5001111030578613,-218767,-218939,1223516
1736664834,0.5001308917999268,-192698,-258500,1444644
1736664838,0.5002555847167969,-660200,-507908,957349
1736664840,0.5000336170196533,-41275,-63881,957349
1736664842,0.5000870227813721,-158719,-170634,957349
1736664846,0.5002307891845703,-574171,-458161,826968
1736664847,0.5001683235168457,-276877,-333118,868678
1736664848,0.5000357627868652,71258,-68046,909489
1736664850,0.500016450881958,-4281,-29396,909489
1736664852,0.5000894069671631,-188418,-175511,1007826
1736664855,0.5105807781219482,-30607257,-21157980,995756
1736664856,0.5045261383056641,-9315657,-9048557,784622
1736664857,0.5013446807861328,-158272,-2685869,668866
1736664863,0.5000483989715576,-38771,-93313,1031875
1736664864,0.5000267028808594,16404,-49769,1012908
1736664868,0.5000035762786865,-67747,-3794,883908
1736664869,0.5000131130218506,-66164,-22535,883908
1736664870,0.5001084804534912,-237332,-213552,1085107
1736664872,0.5001280307769775,-270584,-252711,1267230
1736664873,0.5000839233398438,-100782,-164084,1267230
1736664876,0.5006756782531738,-1990875,-1347614,1144011
1736664877,0.5003921985626221,-826751,-780752,1144011
1736664878,0.5000879764556885,29488,-172538,1144011
1736664881,0.5000360012054443,-39106,-68313,1090560
1736664886,0.500110387802124,-338972,-217448,867915
1736664888,0.5000312328338623,-73889,-59296,864228
1736664891,0.5003283023834229,-1129419,-653452,1095649
1736664892,0.5006556510925293,-1444866,-1307725,1095649
1736664893,0.5001463890075684,7248,-289070,1095649
1736664895,0.5000202655792236,161560,-37063,1095649
1736664897,0.5000700950622559,-146085,-137042,1116766
1736664898,0.5000500679016113,-61582,-96365,1116766
1736664899,0.5000088214874268,39036,-14221,1116766
1736664900,0.5000026226043701,39403,-2143,1116766
1736664903,0.5000171661376953,-89789,-30701,1009136
1736664906,0.5000319480895996,-172333,-60587,1009136
1736664908,0.5001983642578125,-453254,-393208,1110840
1736664911,0.5004532337188721,-1266518,-903075,1110840
1736664912,0.5001866817474365,-353489,-370001,1110840
1736664913,0.5001482963562012,-170631,-293190,1184148
1736664914,0.5000038146972656,169420,-4328,1110840
1736664917,0.5000193119049072,-99620,-34951,1110840
1736664918,0.5000467300415039,-124562,-89779,1055210
1736664919,0.5000472068786621,-88058,-90643,1128518
1736664922,0.5000174045562744,-60914,-31405,977823
1736664926,0.5000119209289551,-75509,-20188,977823
1736664928,0.5001404285430908,-448520,-277072,977823
1736664929,0.5000951290130615,-223587,-186695,912890
1736664931,0.5001130104064941,-276682,-222324,948199
1736664932,0.5001327991485596,-233521,-262167,970245
1736664934,0.500253438949585,-625232,-503574,1204914
1736664935,0.5001802444458008,-291056,-356967,1204914
1736664939,0.5003466606140137,-1012022,-689923,1129033
1736664940,0.5001399517059326,-294960,-276468,1129033
1736664942,0.5006067752838135,-1601021,-1210108,1418240
1736664943,0.5001857280731201,-278488,-367881,1418240
1736664944,0.500103235244751,-30191,-203130,1205487
1736664945,0.5000441074371338,97213,-84784,1205487
1736664947,0.5002090930938721,-552889,-414399,1269606
1736664948,0.5001606941223145,-290965,-318342,1258291
1736664951,0.5001752376556396,-370110,-346945,990106
1736664953,0.500042200088501,-20500,-81213,990106
1736664958,0.5005314350128174,-1260531,-1059351,1303791
1736664959,0.5003395080566406,-498777,-675757,1398294
1736664960,0.5000722408294678,185650,-140963,1398294
1736664965,0.5000674724578857,-346828,-131556,1305388
1736664967,0.5012824535369873,-3641210,-2561804,1249826
1736664968,0.5007045269012451,-1392343,-1405300,1364282
1736664972,0.5005102157592773,-1689716,-1016633,1364282
1736664974,0.5003292560577393,-854231,-654871,1364282
1736664975,0.5001082420349121,-156055,-212964,1279102
1736664976,0.500079870223999,-52615,-156340,1364282
1736664980,0.5000309944152832,-61282,-58363,1340193
1736664981,0.5000114440917969,-4074,-19540,1241039
1736664983,0.5002338886260986,-624593,-464098,1303724
1736664984,0.5000112056732178,7731,-19152,1303724
1736664985,0.5000734329223633,-118643,-143207,1303724
1736664990,0.5007100105285645,-1990816,-1416597,1242189
1736664991,0.5002801418304443,-533998,-557024,1242189
1736664992,0.5000712871551514,43913,-139312,1242189
1736665000,0.5000085830688477,-47989,-13797,929476
1736665001,0.5001368522644043,-289993,-270198,1155132
1736665003,0.5000302791595459,-113998,-57152,1035249
1736665004,0.5000791549682617,-177493,-154846,1090792
1736665008,0.500028133392334,-123664,-52691,989196
1736665009,0.5000944137573242,-219407,-185533,962288
1736665011,0.5007932186126709,-2288917,-1582807,916953
1736665012,0.5003604888916016,-736770,-717335,874364
1736665013,0.5000736713409424,57723,-143873,874364
1736665014,0.5001170635223389,-46125,-230405,999404
1736665017,0.5007102489471436,-1845715,-1417095,1266928
1736665018,0.5003437995910645,-558721,-683815,1426466
1736665019,0.5000426769256592,210682,-82029,1426466
1736665022,0.5000271797180176,1274,-50706,1366086
1736665023,0.5000128746032715,29208,-22390,1366086
1736665025,0.5000636577606201,-212852,-123814,1366086
1736665028,0.5010054111480713,-2828831,-2007265,1366086
1736665029,0.5002865791320801,-542648,-569731,1106402
1736665031,0.500542402267456,-1324913,-1081150,1106402
1736665034,0.5005180835723877,-1292929,-1032401,1096502
1736665035,0.5000309944152832,68689,-58661,733626
1736665036,0.5001232624053955,-136476,-243220,1116580
1736665037,0.5000982284545898,-45024,-192710,1116580
1736665038,0.5000560283660889,52336,-108858,1738462
1736665039,0.5001387596130371,-128684,-274177,1492774
1736665041,0.5004067420959473,-1173315,-809909,1223244
1736665042,0.5001201629638672,-248563,-237152,1223244
1736665043,0.5000607967376709,-54650,-117808,1223244
1736665046,0.5012199878692627,-2735706,-2436676,1803306
1736665050,0.50083327293396,-1960968,-1663273,1224863
1736665051,0.5002293586730957,-164618,-455213,1248578
1736665052,0.5000803470611572,182415,-157566,1248578
1736665054,0.5006482601165771,-1461241,-1293336,1947086
1736665055,0.5002756118774414,-277307,-547775,1947086
1736665062,0.5009315013885498,-2746656,-1859366,1325333
1736665063,0.5004055500030518,-871218,-807925,1325333
1736665065,0.5001702308654785,-345976,-336910,1024804
1736665066,0.5000503063201904,-2370,-97097,957729
1736665067,0.5000100135803223,78611,-16827,979447
1736665070,0.5000557899475098,-132348,-108262,979447
1736665071,0.5000057220458984,7653,-7965,979447
1736665076,0.5003390312194824,-898012,-674592,919684
1736665077,0.5000710487365723,-92653,-138637,919684
1736665078,0.5000550746917725,-33148,-106928,865333
1736665082,0.5001142024993896,-278225,-225178,865333
1736665083,0.500091552734375,-149349,-179770,906818
1736665084,0.5001287460327148,-178593,-253818,1104327
1736665088,0.5003361701965332,-691366,-669027,1243076
1736665089,0.5000813007354736,26231,-158839,1243076
1736665093,0.5000336170196533,-143477,-64033,950447
1736665096,0.5000770092010498,-262620,-150464,953782
1736665097,0.5001125335693359,-254890,-221520,953782
1736665098,0.500006914138794,32592,-10505,953782
1736665101,0.5000171661376953,-68408,-30919,908835
1736665102,0.5000627040863037,-138920,-121953,908835
1736665108,0.5000169277191162,-48549,-30030,908835
1736665109,0.5000083446502686,-17457,-13503,939059
1736665110,0.5001373291015625,-270308,-271591,1057130
1736665112,0.5000667572021484,-101271,-129912,1057130
1736665115,0.5000827312469482,-214928,-162413,1033277
1736665116,0.500023365020752,-31110,-43073,1033277
1736665117,0.500032901763916,-41194,-62490,1033277
1736665119,0.5000522136688232,-168017,-100800,936295
1736665120,0.5000386238098145,-90384,-73572,1039444
1736665121,0.5000495910644531,-85731,-96035,1039444
1736665122,0.5000154972076416,8685,-27338,1039444
1736665127,0.5001635551452637,-615116,-323875,871579
1736665128,0.5001969337463379,-497327,-390620,871579
1736665129,0.5000903606414795,-134634,-177125,922156
1736665133,0.5000491142272949,-109192,-94746,860794
1736665135,0.5002202987670898,-614235,-437271,860794
1736665136,0.5000386238098145,-66885,-74192,860794
1736665137,0.5000441074371338,-57192,-84564,884884
1736665138,0.5000693798065186,-90829,-135359,946246
1736665139,0.5000240802764893,26896,-44883,946246
1736665142,0.5000588893890381,-129553,-114501,964258
1736665145,0.5000886917114258,-245936,-174050,971165
1736665148,0.5002298355102539,-598965,-456318,1115880
1736665149,0.5000665187835693,-92283,-129326,1115880
1736665150,0.5000019073486328,64205,-523,1115880
1736665153,0.5000765323638916,-198049,-149557,1185345
1736665154,0.500037431716919,-60517,-71440,1185345
1736665155,0.5000584125518799,-84251,-113329,1185345
1736665156,0.5000343322753906,-11101,-65454,1224752
1736665161,0.5000064373016357,-63354,-9294,1001952
1736665162,0.5000221729278564,-75826,-40773,1001952
1736665164,0.5000455379486084,-108724,-87466,1083063
1736665166,0.5000133514404297,-58274,-23084,939647
1736665167,0.5000298023223877,-73452,-55744,1017051
1736665170,0.5003061294555664,-841833,-608732,1023994
1736665175,0.5000040531158447,-71737,-4740,1065683
1736665178,0.5005738735198975,-1555780,-1144053,1189013
1736665179,0.5001659393310547,-273370,-328377,1316463
1736665182,0.5003786087036133,-991273,-753571,1380279
1736665183,0.5001211166381836,-179198,-238878,1316463
1736665185,0.5005950927734375,-1607119,-1186728,1563214
1736665186,0.5002386569976807,-411868,-473613,1298574
1736665187,0.5000576972961426,73360,-111945,1298574
1736665191,0.5002017021179199,-464352,-400220,1178477
1736665193,0.5000743865966797,-94264,-145108,1178477
1736665194,0.5000388622283936,4843,-74280,1178477
1736665196,0.5000793933868408,-222370,-155337,1178477
1736665197,0.5001482963562012,-293782,-293460,1297812
1736665198,0.5000770092010498,-62833,-150646,1414883
1736665201,0.5005967617034912,-1617161,-1190168,1488143
1736665206,0.500499963760376,-1198524,-996855,1661339
1736665207,0.5002195835113525,-278142,-436030,1305113
1736665212,0.500758171081543,-2239962,-1512917,1213059
1736665213,0.5003056526184082,-662666,-607609,1173077
1736665214,0.5001895427703857,-231694,-375437,1173077
1736665217,0.5000216960906982,-193918,-39725,763853
1736665218,0.5001230239868164,-338527,-242509,838987
1736665219,0.5000548362731934,-100883,-106423,838987
1736665222,0.5000143051147461,-88972,-25529,801622
1736665223,0.5001261234283447,-285537,-248786,886158
1736665224,0.5000908374786377,-129563,-178473,947488
1736665227,0.5000448226928711,-69995,-86011,979390
1736665230,0.5002532005310059,-783753,-502929,979390
1736665232,0.5003173351287842,-726770,-630986,1079848
1736665235,0.5001914501190186,-600903,-379729,659126
1736665238,0.5003321170806885,-870818,-660918,659126
1736665239,0.5001368522644043,-219175,-270520,779300
1736665241,0.5000560283660889,8721,-108377,903395
1736665244,0.5005021095275879,-1262387,-1000843,1200656
1736665245,0.5001890659332275,-257332,-374504,1200656
1736665246,0.5000276565551758,142632,-51740,1200656
1736665248,0.5001034736633301,-220060,-203839,1200656
1736665256,0.500901460647583,-2185015,-1799097,888275
1736665257,0.5004348754882812,-597059,-866646,902858
1736665258,0.5000903606414795,271803,-176901,832089
1736665261,0.5000488758087158,38694,-94683,1061114
1736665263,0.5004503726959229,-944618,-897207,1676034
1736665264,0.500150203704834,-60835,-296810,1676034
1736665268,0.5001492500305176,-661950,-295094,1220772
1736665270,0.5004701614379883,-1296159,-936942,1329834
1736665271,0.5002758502960205,-518668,-548298,1329834
1736665275,0.5000536441802979,-225414,-103907,1365319
1736665277,0.5000290870666504,-108343,-54460,1412293
1736665280,0.5001366138458252,-317131,-269961,1583580
1736665281,0.500044584274292,-38089,-86058,1583580
1736665288,0.5000848770141602,-277586,-166226,1214591
1736665290,0.5000157356262207,-53956,-27810,1077761
1736665292,0.5000224113464355,-108753,-41450,996465
1736665294,0.500037670135498,-120719,-72096,996465
1736665295,0.5000627040863037,-134374,-121966,996465
1736665296,0.5000267028808594,-21988,-49893,996465
1736665298,0.5000252723693848,-62674,-47037,987273
1736665300,0.5002310276031494,-617431,-458241,1089347
1736665303,0.5003201961517334,-748852,-637077,1164169
1736665304,0.5000762939453125,-36318,-149198,1089347
1736665309,0.5000505447387695,-68840,-98072,1192000
1736665310,0.5000135898590088,26180,-23704,1192000
1736665313,0.5000267028808594,-103052,-49911,1121964
1736665314,0.5000221729278564,-63266,-41040,1121964
1736665316,0.5008916854858398,-2383320,-1779898,1573300
1736665317,0.5004010200500488,-687164,-798738,1573300
1736665318,0.5001153945922852,90182,-227541,1573300
1736665320,0.500316858291626,-704518,-630030,1992951
1736665321,0.5001010894775391,-61838,-198706,1685996
1736665326,0.5001060962677002,-388543,-208468,1039967
1736665327,0.5000076293945312,-75732,-12220,1039967
1736665328,0.5000400543212891,-117466,-76674,1116225
1736665329,0.5000066757202148,-15606,-10053,1039967
1736665330,0.5000207424163818,-39290,-38419,1039967
1736665332,0.5000636577606201,-164367,-123697,1021200
1736665334,0.5000925064086914,-207725,-181574,1100065
1736665338,0.5009832382202148,-2307567,-1963456,1100065
1736665339,0.5001709461212158,9725,-338434,1057344
1736665340,0.500105619430542,137328,-207914,1067113
1736665343,0.5000827312469482,40495,-162021,1206790
1736665348,0.5005066394805908,-1507199,-1009431,1124530
1736665349,0.5001904964447021,-423021,-377413,1124530
1736665350,0.5000569820404053,-29468,-110766,1124530
1736665351,0.500006914138794,79598,-10541,1124530
1736665352,0.5000550746917725,-40462,-106721,1124530
1736665356,0.5000283718109131,-79780,-53619,1085343
1736665358,0.5000171661376953,-53207,-31194,1084788
1736665360,0.5000474452972412,-147332,-91750,1139562
1736665365,0.5014286041259766,-3985581,-2853774,1357068
1736665366,0.5001728534698486,-278305,-342173,1357068
1736665367,0.5004732608795166,-795509,-942868,1357068
1736665369,0.5000872611999512,-17326,-171009,1255646
1736665370,0.5000944137573242,-26474,-185355,1255646
1736665371,0.5001199245452881,-69424,-236247,1674245
1736665373,0.5001771450042725,-269218,-350773,1716477
1736665375,0.5000302791595459,45640,-57490,1716477
1736665380,0.5000529289245605,-321629,-102520,1048757
1736665381,0.5001296997070312,-378500,-255880,1048757
1736665383,0.5007002353668213,-1902897,-1396946,1048757
1736665384,0.5002799034118652,-491234,-556153,1048757
1736665386,0.500356912612915,-816413,-710639,1239930
1736665387,0.5000948905944824,-47239,-186389,1239930
1736665388,0.5000612735748291,34279,-119043,1111463
1736665391,0.5001139640808105,-152811,-224556,1478585
1736665397,0.5000448226928711,-134969,-86651,1118332
1736665399,0.5002341270446777,-731919,-464727,1009761
1736665403,0.500333309173584,-975924,-663129,1118332
1736665404,0.500133752822876,-284284,-264267,1079210
1736665405,0.5000486373901367,-28943,-94211,1079210
1736665407,0.5001697540283203,-433867,-336161,1070929
1736665408,0.5000619888305664,-88026,-120480,1070929
1736665410,0.500180721282959,-407347,-357791,1327740
1736665416,0.5000424385070801,-143081,-81571,1322745
1736665417,0.5000524520874023,-120190,-101605,1322745
1736665418,0.500067949295044,-115021,-132493,1312224
1736665419,0.5000162124633789,22923,-29055,1312224
1736665423,0.5000474452972412,-286263,-91645,961438
1736665425,0.5009732246398926,-2757676,-1942804,961438
1736665426,0.5002415180206299,-466830,-479261,961438
1736665427,0.5003237724304199,-491903,-644383,1169379
1736665428,0.5000741481781006,155059,-144991,1169379
1736665430,0.5005600452423096,-1421939,-1116544,1242533
1736665431,0.5001027584075928,-81192,-202378,1242533
1736665434,0.5005402565002441,-1144047,-1077296,1300789
1736665436,0.5002322196960449,-315755,-460975,1692663
1736665437,0.5002529621124268,-262559,-502505,1692663
1736665438,0.5000452995300293,231760,-86954,1692663
1736665439,0.5001044273376465,43655,-205531,2124893
1736665441,0.5002284049987793,-603303,-453389,1780647
1736665443,0.5001220703125,-281233,-240603,1729451
1736665444,0.5001282691955566,-209460,-253200,1880787
1736665446,0.5009348392486572,-2692221,-1866264,1684909
1736665447,0.500420093536377,-855138,-836847,1684909
1736665450,0.5000195503234863,-12874,-35574,1305491
1736665455,0.5003612041473389,-1018517,-719197,994016
1736665456,0.5001564025878906,-303196,-309431,994016
1736665457,0.500042200088501,16060,-81134,1007690
1736665461,0.5000019073486328,19914,-263,1030320
1736665463,0.5000247955322266,-45420,-46148,1030320
1736665464,0.5000326633453369,-47527,-61881,1165362
1736665465,0.5000226497650146,-13113,-41725,1043373
1736665466,0.5000400543212891,-44519,-77065,1043373
1736665468,0.5000057220458984,-97713,-8000,787444
1736665470,0.500218391418457,-519487,-433329,1085454
1736665471,0.5000746250152588,-76141,-145829,1198940
1736665472,0.5000486373901367,-1337,-93868,1198940
1736665476,0.500070333480835,-156460,-137249,1030113
1736665479,0.5003917217254639,-1270504,-780019,1030113
1736665480,0.5003519058227539,-809848,-700514,1030113
1736665481,0.5001635551452637,-190093,-323714,1030113
1736665483,0.5001239776611328,-173849,-244733,1093444
1736665485,0.5001006126403809,-146368,-197712,1319000
1736665487,0.5000743865966797,-125014,-145211,1418485
1736665488,0.500098466873169,-135755,-193456,1418485
1736665490,0.5004370212554932,-1165289,-870892,1418485
1736665492,0.5000190734863281,-233872,-34846,1418485
1736665493,0.5003900527954102,-905585,-776721,1418485
1736665494,0.5002231597900391,-300260,-443071,1603051
1736665495,0.5001099109649658,16651,-216238,1603051
1736665496,0.5000758171081543,79807,-148087,1770307
1736665504,0.5003128051757812,-959889,-622427,1203797
1736665505,0.5000348091125488,-115853,-66358,1065072
1736665511,0.5002527236938477,-711609,-501896,963007
1736665512,0.5001320838928223,-257224,-260993,999731
1736665513,0.5001049041748047,-125461,-206397,999731
1736665514,0.5000109672546387,100114,-18461,999731
1736665515,0.5000078678131104,76316,-12225,1165129
1736665517,0.5001072883605957,-173043,-211207,1291986
1736665519,0.5000760555267334,-92433,-148976,1396692
1736665521,0.5000319480895996,-22974,-60550,1390557
1736665525,0.5000369548797607,-97393,-70872,1333373
1736665526,0.5000197887420654,-33279,-35975,1333373
1736665527,0.5000193119049072,-22600,-35280,1333373
1736665530,0.5000827312469482,-262885,-162096,1181391
1736665533,0.500018835067749,-130426,-33921,920373
1736665535,0.5000605583190918,-189609,-117849,920373
1736665537,0.50130295753479,-3725344,-2602413,876432
1736665538,0.5005223751068115,-1046441,-1041114,876432
1736665543,0.5023531913757324,-5317221,-4703164,2511908
1736665544,0.5008046627044678,-624942,-1606051,2511908
1736665545,0.50014328956604,885443,-283149,2511908
1736665548,0.5002014636993408,-588082,-399107,2069955
1736665549,0.500075101852417,-159514,-146964,2069955
1736665553,0.5002765655517578,-1264671,-550046,1323330
1736665554,0.5002367496490479,-805511,-470288,1232181
1736665557,0.5000860691070557,-241825,-168790,1163068
1736665559,0.5000886917114258,-237813,-173989,1126261
1736665562,0.5001659393310547,-466792,-328578,1009476
1736665563,0.5000545978546143,-104212,-106036,1009476
1736665564,0.5000381469726562,-40053,-73141,1009476
1736665567,0.5000276565551758,-68357,-51674,1079309
1736665568,0.5000326633453369,-57762,-61586,1079309
1736665570,0.5000121593475342,-34995,-21299,1062714
1736665571,0.5000734329223633,-146426,-143228,1303255
1736665572,0.5001697540283203,-295544,-336274,1495910
1736665577,0.5001423358917236,-556677,-281581,1043853
1736665578,0.5001630783081055,-430871,-322778,1043853
1736665579,0.5000650882720947,-105825,-126993,1043853
1736665581,0.5000400543212891,-64145,-76566,1043853
1736665585,0.5000722408294678,-174331,-141234,1043853
1736665586,0.5000262260437012,-29663,-48865,1043853
1736665588,0.5000491142272949,-116362,-94952,1027770
1736665590,0.5000090599060059,-7337,-14918,1027770
1736665592,0.5000319480895996,-88855,-60421,1136959
1736665594,0.5000667572021484,-217068,-130227,933213
1736665598,0.5009670257568359,-2616567,-1930568,1131110
1736665599,0.500434398651123,-766440,-865412,1197780
1736665600,0.5000536441802979,225069,-103835,1197780
1736665602,0.5000696182250977,20462,-135993,1284352
1736665604,0.5005013942718506,-1391063,-999306,1181932
1736665605,0.5000407695770264,-52269,-77831,848698
1736665607,0.5000672340393066,-231071,-131541,848698
1736665608,0.5000479221343994,-122806,-92597,848698
1736665609,0.5001816749572754,-353421,-360054,1022551
1736665611,0.5000545978546143,-97215,-105621,1022551
1736665612,0.5000081062316895,24907,-12664,1022551
1736665613,0.5000772476196289,-121125,-151224,1063238
1736665615,0.5000932216644287,-116623,-183059,1321304
1736665617,0.5001168251037598,-190094,-230272,1527272
1736665619,0.5006449222564697,-1776002,-1286629,1622089
1736665620,0.5003209114074707,-594942,-638369,1622089
1736665621,0.50008225440979,60497,-161413,1622089
1736665624,0.5001282691955566,-385444,-253398,1527272
1736665627,0.5001461505889893,-433579,-289002,1300697
1736665628,0.5002264976501465,-464269,-449765,1808816
1736665630,0.500070333480835,-95890,-137036,1516985
1736665634,0.5000879764556885,-297577,-172899,1144969
1736665635,0.5001194477081299,-271182,-235777,1303293
1736665638,0.5001890659332275,-483013,-374743,1303293
1736665644,0.5003128051757812,-865838,-622183,977179
1736665646,0.5002288818359375,-566072,-454625,1027114
1736665647,0.5000934600830078,-124952,-183327,1027114
1736665651,0.5002279281616211,-443808,-452693,1041598
1736665652,0.5001192092895508,-92863,-234890,1041598
1736665653,0.5001649856567383,-156647,-326533,1269779
1736665654,0.5000131130218506,193894,-22986,1269779
1736665656,0.5000884532928467,-114121,-173554,1547195
1736665657,0.5000278949737549,41615,-52055,1547195
1736665660,0.5002055168151855,-436432,-407733,1531509
1736665662,0.500138521194458,-222314,-273457,1531509
1736665665,0.5001997947692871,-462323,-396186,1284482
1736665667,0.5003407001495361,-703119,-678347,1457197
1736665672,0.500030517578125,-160052,-57433,1284482
1736665674,0.5000481605529785,-210873,-93011,1148362
1736665677,0.5017790794372559,-4275960,-3554372,1148362
1736665678,0.500678539276123,-792804,-1354004,853307
1736665679,0.500115156173706,572298,-226743,853307
1736665686,0.5000128746032715,-21111,-22498,891049
1736665688,0.5000495910644531,-155245,-95989,891049
1736665690,0.5001392364501953,-294114,-274897,1123360
1736665692,0.5000815391540527,-118360,-159483,1180991
1736665694,0.5000052452087402,16606,-7161,1116841
1736665697,0.5000536441802979,-134071,-103976,1119242
1736665698,0.5000450611114502,-76674,-86800,1209721
1736665701,0.5000147819519043,-103437,-26153,1119242
1736665703,0.5002202987670898,-521377,-436825,1297625
1736665706,0.5000526905059814,-139017,-102113,1051136
1736665711,0.5001428127288818,-331274,-282343,993893
1736665713,0.5016529560089111,-4705299,-3302453,1063637
1736665714,0.5007500648498535,-1487869,-1496613,1063637
1736665715,0.5002517700195312,-44930,-500035,1063637
1736665721,0.5007309913635254,-1903271,-1458701,1433775
1736665722,0.5002305507659912,-331135,-457547,1433775
1736665723,0.5000734329223633,82172,-143580,1281432
1736665726,0.5001101493835449,-245456,-216557,1142728
1736665727,0.5000283718109131,-8344,-53082,1142728
1736665731,0.5000972747802734,-317997,-191102,890761
1736665733,0.5000576972961426,-134860,-112025,927961
1736665734,0.5000970363616943,-173157,-190780,1151595
1736665735,0.5000178813934326,36944,-32626,1151595
1736665737,0.5000293254852295,-46267,-55168,1040943
1736665739,0.5000448226928711,-107051,-86258,1046848
1736665741,0.5000705718994141,-187833,-138062,1021974
1736665742,0.500006914138794,-3613,-10191,998861
1736665744,0.5000112056732178,-17264,-19064,998861
1736665746,0.5000386238098145,-115090,-74148,998861
1736665748,0.500002384185791,-8329,-1200,945891
1736665750,0.5001623630523682,-483922,-321188,998861
1736665751,0.5001106262207031,-235400,-217843,945891
1736665755,0.5001258850097656,-397916,-248462,1255874
1736665756,0.500232458114624,-491553,-461474,1255874
1736665757,0.500044584274292,31833,-85553,1255874
1736665760,0.5000224113464355,-70652,-41189,1248984
1736665761,0.5000705718994141,-146328,-138060,1768805
1736665763,0.5009732246398926,-2549225,-1943151,1803979
1736665764,0.5003185272216797,-474615,-633308,1541423
1736665765,0.5000700950622559,164460,-136618,1541423
1736665768,0.5002884864807129,-765689,-573473,1541423
1736665771,0.500131368637085,-405557,-259429,1183742
1736665774,0.5007326602935791,-2186238,-1461861,1183742
1736665779,0.5006504058837891,-1874901,-1297681,1464713
1736665780,0.5000259876251221,-63007,-48257,1440596
1736665782,0.5001466274261475,-298050,-290116,1192345
1736665784,0.5001175403594971,-201599,-231531,1192345
1736665785,0.5000972747802734,-100434,-190845,1440596
1736665786,0.5000183582305908,87170,-33372,1440596
1736665788,0.5001955032348633,-474208,-387872,1411820
1736665791,0.500892162322998,-2580867,-1780930,1108207
1736665792,0.5003671646118164,-756834,-731157,1108207
1736665794,0.500032901763916,65102,-62559,928014
1736665796,0.5000584125518799,-57968,-113225,1047678
1736665798,0.5000901222229004,-153767,-176836,1172647
1736665799,0.5000133514404297,46191,-23008,1172647
1736665802,0.5000686645507812,-128372,-133845,1283566
1736665804,0.5000529289245605,-84983,-102884,1383014
1736665807,0.5004048347473145,-1263643,-806627,1303142
1736665809,0.5004618167877197,-1129368,-920096,1303142
1736665814,0.5002882480621338,-788527,-573137,1299692
1736665817,0.5004947185516357,-1522741,-985861,754142
1736665820,0.5003378391265869,-1353715,-671966,754142
1736665822,0.5004065036773682,-1132054,-809827,754142
1736665823,0.5002856254577637,-550074,-567463,754142
1736665824,0.5000872611999512,11356,-171055,850158
1736665826,0.5000042915344238,110865,-4913,850158
1736665827,0.5000107288360596,64330,-18188,850158
1736665831,0.500006914138794,-90227,-10326,675238
1736665833,0.5000951290130615,-235212,-186673,839287
1736665836,0.5002279281616211,-549703,-452744,902288
1736665837,0.5001237392425537,-175988,-243940,972650
1736665839,0.5000402927398682,-7400,-77303,1007038
1736665840,0.5000851154327393,-94535,-166658,1155229
1736665842,0.5000104904174805,35141,-17656,1261867
1736665844,0.5003910064697266,-970016,-778976,1532370
1736665845,0.5000584125518799,-13443,-113408,1261867
1736665847,0.5010814666748047,-3030010,-2159532,1367815
1736665849,0.50069260597229,-1556751,-1381730,1253189
1736665850,0.5003881454467773,-481253,-773257,1604637
1736665854,0.500028133392334,-109731,-52716,1083771
1736665855,0.5000061988830566,-33150,-9054,1199874
1736665857,0.5000655651092529,-154455,-127517,1199874
1736665867,0.5001075267791748,-315679,-211489,906603
1736665868,0.5000314712524414,-68702,-59216,940404
1736665870,0.5001115798950195,-208559,-219683,1029174
1736665871,0.5000252723693848,26283,-47409,1029174
1736665872,0.5000426769256592,-15867,-81674,1117819
1736665877,0.5093352794647217,-21938737,-18667303,1460937
1736665878,0.5032942295074463,-3274861,-6585048,1460937
1736665879,0.5002386569976807,3818559,-474086,1237405
1736665884,0.5000147819519043,149820,-26297,1581716
1736665885,0.5000059604644775,122731,-8440,1581716
1736665889,0.5000214576721191,-178451,-39365,1082245
1736665891,0.5000858306884766,-272736,-168645,967441
1736665892,0.5000457763671875,-110559,-88289,967441
1736665894,0.5000214576721191,-39911,-39744,967441
1736665895,0.5000088214874268,-2097,-13903,967441
1736665898,0.5001912117004395,-545954,-379141,967441
1736665899,0.5000967979431152,-193687,-190661,967441
1736665901,0.5000028610229492,23389,-1930,967441
1736665902,0.5000371932983398,-53140,-71442,967441
1736665904,0.5000209808349609,-81490,-39002,856573
1736665906,0.5002052783966064,-543957,-407270,939005
1736665907,0.5001120567321777,-194079,-220579,1012002
1736665911,0.5000433921813965,-109016,-83762,1048914
1736665912,0.500072717666626,-134778,-142229,1048914
1736665914,0.5000081062316895,16542,-13144,1048914
1736665915,0.5000052452087402,17894,-6829,1048358
1736665918,0.5003528594970703,-925926,-702405,1164466
1736665919,0.5000133514404297,30915,-23342,1111526
1736665920,0.5001790523529053,-309999,-354981,1280713
1736665921,0.5000340938568115,72907,-65075,1280713
1736665923,0.500136137008667,-377512,-269116,1280713
1736665924,0.5001165866851807,-224890,-229748,1280713
1736665927,0.5000793933868408,-178136,-155003,984023
1736665930,0.5000460147857666,-98042,-88597,975413
1736665931,0.5000269412994385,-30763,-50731,975413
1736665933,0.5003676414489746,-1010106,-731823,1020431
1736665934,0.5001521110534668,-276184,-300933,1020431
1736665938,0.5000231266021729,-96588,-43170,805238
1736665940,0.500011682510376,-49329,-19607,805238
1736665941,0.500054121017456,-119767,-104844,805238
1736665942,0.5000770092010498,-130036,-151043,903185
1736665944,0.5002305507659912,-675528,-457836,877723
1736665945,0.500154972076416,-321527,-306493,877723
1736665947,0.5000185966491699,22804,-34151,877723
1736665948,0.5000944137573242,-135414,-185528,1019307
1736665951,0.500246524810791,-502026,-489797,1478532
1736665953,0.5001697540283203,-292638,-336292,1494131
1736665956,0.5000195503234863,-147347,-36061,1010502
1736665957,0.5001068115234375,-277467,-210385,1187844
1736665960,0.5000853538513184,-270466,-167235,1000765
1736665961,0.5000567436218262,-131906,-109814,1119218
1736665963,0.5001327991485596,-283435,-262235,1187844
1736665964,0.5000872611999512,-107255,-171085,1388391
1736665965,0.5000758171081543,-52173,-148180,1388391
1736665968,0.5000431537628174,-153650,-83036,1257674
1736665969,0.5002105236053467,-442406,-417887,1479282
1736665970,0.5000510215759277,9653,-98550,1479282
1736665972,0.5000228881835938,-67680,-42553,1479282
1736665974,0.5002944469451904,-884038,-585472,1291865
1736665975,0.5001840591430664,-398436,-365082,1291865
1736665980,0.5006821155548096,-1883680,-1360705,1225798
1736665982,0.5005793571472168,-1353585,-1155169,1292261
1736665985,0.5003666877746582,-919052,-730220,1068400
1736665986,0.5000500679016113,-9714,-96598,851149
1736665988,0.5000972747802734,-284738,-191402,767283
1736665989,0.5000295639038086,-63382,-55467,767283
1736665991,0.5004873275756836,-1179678,-971468,1071734
1736665992,0.5003924369812012,-635816,-781510,1574465
1736665994,0.5002491474151611,-355096,-495061,1830624
1736665996,0.5002157688140869,-367898,-428215,1830624
1736665997,0.5000503063201904,73390,-97297,1830624
1736666002,0.5000333786010742,-253295,-63748,1255060
1736666003,0.500002384185791,-115072,-1514,1205668
1736666006,0.5001609325408936,-373626,-318688,1392367
1736666010,0.5000197887420654,-121550,-36082,920492
1736666012,0.5000705718994141,-208129,-137700,1046762
1736666014,0.5000591278076172,-126495,-114825,1033080
1736666017,0.500077486038208,-178299,-151659,895509
1736666018,0.5000221729278564,-13987,-40836,895509
1736666020,0.5000646114349365,-122870,-125953,983890
1736666022,0.5000183582305908,-50104,-33115,896213
1736666025,0.5000169277191162,-92070,-30606,896213
1736666026,0.5002002716064453,-430904,-397061,1208932
1736666027,0.5001006126403809,-102495,-197924,1208932
1736666028,0.5001950263977051,-260435,-386612,1567592
1736666032,0.5000314712524414,-154190,-59239,1085309
1736666034,0.5002956390380859,-813880,-587805,1279861
1736666036,0.5004510879516602,-1119427,-898962,1279861
1736666037,0.5001664161682129,-213823,-329187,1279861
1736666038,0.5000197887420654,143402,-36108,1279861
1736666039,0.5000944137573242,-49103,-185593,1621133
1736666043,0.5007596015930176,-1577699,-1515674,1621133
1736666044,0.5002298355102539,-44629,-455914,1621133
1736666046,0.5000970363616943,22718,-190726,1621133
1736666052,0.5000357627868652,-212630,-68279,914271
1736666054,0.5001668930053711,-543449,-330063,914271
1736666056,0.5003132820129395,-1000995,-622841,1055081
1736666058,0.5010066032409668,-2561649,-2009851,1149590
1736666062,0.5000584125518799,-451481,-113311,1149590
1736666063,0.5000371932983398,-273595,-70870,1149590
1736666064,0.500114917755127,-347087,-226440,1176275
1736666065,0.5000789165496826,-170806,-154285,1176275
1736666069,0.5000855922698975,-228173,-167970,1109712
1736666070,0.5001630783081055,-314711,-322960,1465083
1736666072,0.5000340938568115,-68786,-64687,1173454
1736666074,0.5001850128173828,-702374,-366689,851018
1736666075,0.5000853538513184,-291952,-166979,970894
1736666076,0.5003178119659424,-669713,-632326,1231067
1736666077,0.5000870227813721,-7134,-170660,1231067
1736666082,0.5003020763397217,-881665,-600692,1089757
1736666085,0.5003595352172852,-1089807,-715898,1273362
1736666086,0.5002284049987793,-500346,-453379,1273362
1736666087,0.5000872611999512,-68259,-171395,1273362
1736666090,0.5000333786010742,-100737,-63435,1234163
1736666091,0.5000078678131104,-19476,-12395,1234163
1736666095,0.5006973743438721,-1655574,-1391282,1164679
1736666096,0.5001020431518555,31411,-200969,866967
1736666103,0.5000677108764648,-120626,-131846,1067947
1736666107,0.5000534057617188,-150576,-103517,996985
1736666111,0.5000932216644287,-284765,-182955,1084823
1736666112,0.5001368522644043,-286847,-270467,1084823
1736666113,0.5001010894775391,-128979,-198653,1165658
1736666116,0.5000491142272949,-265490,-94624,1025674
1736666120,0.5002186298370361,-512621,-434134,1145092
1736666121,0.5000240802764893,30760,-44540,1145092
1736666122,0.5000693798065186,-69351,-135423,1145092
1736666123,0.5000131130218506,64201,-22676,1178098
1736666125,0.5000059604644775,-14460,-8759,1178098
1736666126,0.5000319480895996,-61879,-60516,1178098
1736666127,0.5000829696655273,-145202,-162403,1390662
1736666130,0.5002169609069824,-504571,-430401,1066599
1736666131,0.5000829696655273,-85181,-162383,1066599
1736666134,0.5000088214874268,-30699,-14206,930914
1736666136,0.5000507831573486,-151989,-97844,930914
1736666137,0.5000090599060059,-23222,-14674,911698
1736666140,0.5000722408294678,-173274,-141440,950489
1736666142,0.500727653503418,-2061416,-1452038,1035518
1736666143,0.5002350807189941,-457431,-466478,982106
1736666149,0.5001997947692871,-570967,-396407,986257
1736666150,0.5000503063201904,-100319,-97049,895260
1736666152,0.5000371932983398,-108554,-70913,834439
1736666154,0.5000324249267578,-66584,-61510,945376
1736666157,0.500269889831543,-793278,-536778,883947
1736666158,0.5001220703125,-259405,-240889,883947
1736666160,0.5005638599395752,-1679093,-1124432,716930
1736666161,0.5002403259277344,-528363,-477430,657524
1736666162,0.5000338554382324,43588,-63988,724633
1736666163,0.5002217292785645,-345524,-440024,891650
1736666166,0.5000464916229248,-30071,-89409,891650
1736666170,0.5000090599060059,-81514,-14652,854145
1736666171,0.5000205039978027,-80409,-38001,854145
1736666173,0.5004181861877441,-1031357,-832942,1107291
1736666174,0.5000903606414795,-66598,-177591,1107291
1736666175,0.5000596046447754,15111,-115861,1148407
1736666176,0.5000386238098145,52439,-74000,1148407
1736666177,0.5000495910644531,14688,-96019,1290317
1736666183,0.5000348091125488,-196054,-65826,896792
1736666184,0.5000171661376953,-102278,-30866,896792
1736666185,0.5001294612884521,-296083,-255355,1050849
1736666187,0.5002365112304688,-652593,-469802,1050849
1736666188,0.500067949295044,-119315,-132301,1050849
1736666189,0.5000977516174316,-143330,-192111,1131571
1736666193,0.5000276565551758,-32882,-51692,1079090
1736666196,0.5000452995300293,-117422,-87187,1175278
1736666198,0.5000720024108887,-181195,-140469,1204003
1736666199,0.5000133514404297,-9705,-23337,1204003
1736666201,0.5001330375671387,-296143,-262541,1204003
1736666205,0.5000104904174805,-16380,-17970,1204003
1736666206,0.5000598430633545,-109898,-116402,1204003
1736666209,0.5000989437103271,-337252,-194693,1187032
1736666210,0.5000159740447998,-70325,-28941,1116431
1736666212,0.5001556873321533,-420706,-307718,1006166
1736666213,0.5000748634338379,-133016,-146239,1158767
1736666215,0.5007305145263672,-2046034,-1457512,1151795
1736666221,0.5006494522094727,-1661934,-1295409,1182232
1736666222,0.5002994537353516,-463330,-595385,1371152
1736666254,0.5025386810302734,-5158737,-5150816,947835
1736666255,0.5007791519165039,-47705,-1587405,947835
1736666262,0.5009276866912842,-2717151,-1872407,797548
1736666263,0.500462532043457,-968657,-939058,853989
1736666264,0.500063419342041,134184,-126814,762550
1736666268,0.500295877456665,-825770,-590678,746959
1736666269,0.5001223087310791,-230774,-243413,746959
1736666270,0.5000777244567871,-72444,-154316,818990
1736666271,0.500030517578125,37303,-66302,860594
1736666274,0.5,-89243,-44344,746959
1736666276,0.5013101100921631,-3796540,-2650214,823562
1736666277,0.5004944801330566,-997846,-990482,903285
1736666278,0.5003726482391357,-463232,-755221,1012644
1736666279,0.5000722408294678,289685,-141274,1012644
1736666284,0.5001473426818848,-240416,-300620,1200808
1736666289,0.5011138916015625,-3101698,-2224132,1125647
1736666294,0.5000743865966797,-421577,-144812,1007456
1736666295,0.5000805854797363,-313148,-162856,1134906
1736666297,0.5000290870666504,-116020,-54054,981176
1736666298,0.5000414848327637,-106798,-79638,981176
1736666304,0.5001833438873291,-417633,-368387,1151116
1736666305,0.5000429153442383,-53383,-129427,1151116
1736666307,0.5011136531829834,-3021890,-2250474,1480335
1736666308,0.5004148483276367,-702585,-837736,1480335
1736666309,0.5001637935638428,15365,-330561,1480335
1736666310,0.5000228881835938,290213,-51104,1468338
1736666314,0.5000107288360596,-125645,-18031,1038624
1736666315,0.5000081062316895,-84976,-15056,1038624
1736666317,0.500067949295044,-196727,-138823,1107419
1736666320,0.5008232593536377,-2364412,-1664583,1057018
1736666321,0.5003054141998291,-603760,-613255,1057018
1736666322,0.5001425743103027,-128611,-319234,1057018
1736666324,0.5004241466522217,-1270375,-844182,1057018
1736666325,0.5004310607910156,-919072,-873992,1057018
1736666326,0.5000722408294678,85508,-145134,952301
1736666329,0.5012125968933105,-3491985,-2422181,1012376
1736666333,0.5002627372741699,-1062130,-557895,1001048
1736666335,0.5006518363952637,-1908206,-1332132,1001048
1736666337,0.5008246898651123,-1870794,-1673738,1649015
1736666338,0.5001404285430908,85887,-278295,1649015
1736666339,0.500108003616333,89436,-248980,1806812
1736666341,0.5006198883056641,-1640388,-1257373,1806812
1736666342,0.5001423358917236,-177448,-286549,1806812
1736666343,0.5000154972076416,109448,-52887,1336725
1736666345,0.5000803470611572,-434601,-184017,949693
1736666347,0.5004317760467529,-1336793,-880910,707680
1736666349,0.5002298355102539,-598618,-511650,707680
1736666351,0.5011205673217773,-3120618,-2269456,665523
1736666352,0.5003809928894043,-681597,-766620,665523
1736666353,0.5001800060272217,-72945,-362447,828874
1736666354,0.5000388622283936,240903,-70483,954399
1736666355,0.5001211166381836,-16053,-255168,1045101
1736666357,0.500185489654541,-433632,-429155,1125258
1736666359,0.5020077228546143,-5714124,-4068855,1125258
1736666360,0.5007293224334717,-1396296,-1465265,1443846
1736666361,0.5004732608795166,-501321,-989178,1443846
1736666363,0.5002772808074951,-569606,-615008,1298348
1736666366,0.5055756568908691,-13130512,-11233186,1877481
1736666367,0.5025444030761719,-3043821,-5085648,1877481
1736666373,0.500403642654419,-2118139,-818414,2309797
1736666374,0.5000698566436768,-788733,-124450,2309797
1736666375,0.5002918243408203,-1064646,-636983,2211740
1736666377,0.500830888748169,-2486312,-1701747,1898452
1736666379,0.5003299713134766,-817615,-675297,1546749
1736666383,0.5001530647277832,-470168,-359916,1352500
1736666385,0.5010538101196289,-2997075,-2157392,1352500
1736666387,0.5007123947143555,-1594020,-1470975,1546749
1736666389,0.5004372596740723,-908582,-911979,1546749
1736666391,0.5003266334533691,-789821,-685590,1352500
1736666394,0.5004827976226807,-1139027,-961558,1347116
1736666395,0.5004730224609375,-813100,-977340,1347116
1736666397,0.5004134178161621,-753879,-839492,1491617
1736666398,0.5000894069671631,124209,-187568,1491617
1736666401,0.500286340713501,-734739,-587726,1456927
1736666406,0.501230001449585,-2902372,-2456631,1789066
1736666411,0.5002150535583496,-814534,-445998,1821673
1736666413,0.5000450611114502,-295737,-86111,1515171
1736666414,0.500044584274292,-224294,-103389,1286555
1736666416,0.5000548362731934,-329791,-104994,1288257
1736666417,0.5001416206359863,-405272,-279412,1288257
1736666418,0.5001513957977295,-309723,-305445,1288257
1736666419,0.5000240802764893,27049,-61590,1288257
1736666422,0.5001225471496582,-358393,-247244,1121046
1736666423,0.5000088214874268,-25732,-22101,1063431
1736666425,0.5001778602600098,-459520,-361875,1100537
1736666427,0.5000593662261963,-153969,-153060,1134446
1736666429,0.5007922649383545,-2110010,-1621459,1467515
1736666432,0.5007617473602295,-1913462,-1528458,1862727
1736666433,0.500540018081665,-908289,-1097323,1862727
1736666437,0.500152587890625,-407196,-303730,1501308
1736666438,0.5001177787780762,-216816,-235508,1587158
1736666439,0.500037431716919,-5520,-89257,1587158
1736666442,0.5000693798065186,-334535,-131175,1133876
1736666443,0.5001316070556641,-392450,-289450,1166070
1736666445,0.50042724609375,-1161885,-870252,1257849
1736666446,0.500037670135498,-16275,-73208,1154985
1736666447,0.5000159740447998,40735,-21080,1257849
1736666448,0.5001652240753174,-277296,-326891,1257849
1736666454,0.501347541809082,-3179374,-2737965,1787287
1736666455,0.5003676414489746,-240734,-753138,1787287
1736666457,0.5000090599060059,355061,-16681,1636695
1736666464,0.5001616477966309,-439653,-325600,1223583
1736666465,0.5000379085540771,-57201,-75044,1223583
1736666468,0.5000853538513184,-216465,-170697,1223583
1736666469,0.5000154972076416,-10121,-29292,1223583
1736666472,0.5000338554382324,-187352,-112697,1138900
1736666474,0.5008866786956787,-2602280,-1829579,1209439
1736666476,0.5010466575622559,-2468655,-2122991,1736594
1736666477,0.5003635883331299,-348745,-743677,1736594
1736666482,0.5002515316009521,-502162,-508285,2000665
1736666483,0.50006103515625,18331,-138440,2000665
1736666486,0.5002167224884033,-825055,-431541,1350533
1736666487,0.5001804828643799,-515453,-369456,1350533
1736666490,0.5007715225219727,-2204808,-1539910,1167392
1736666494,0.5003783702850342,-1327158,-763441,1167392
1736666495,0.500180721282959,-534633,-369064,1167392
1736666498,0.5003492832183838,-919356,-712187,1228474
1736666499,0.500007152557373,21488,-47150,992809
1736666501,0.5006611347198486,-1803163,-1336402,1228474
1736666502,0.5003154277801514,-583291,-657479,1228474
1736666504,0.5003716945648193,-781508,-758853,1555611
1736666507,0.5011038780212402,-3033928,-2243470,1555611
1736666508,0.5003361701965332,-572287,-692007,1261893
1736666510,0.5001180171966553,-118817,-249118,1261893
1736666513,0.5000030994415283,-30307,-2600,1042735
1736666514,0.4999909400939941,-29536,-10921,965540
1736666516,0.5004973411560059,-1478221,-1010299,882241
1736666517,0.5001208782196045,-262628,-238172,882241
1736666518,0.5001220703125,-186490,-240822,882241
1736666525,0.5000591278076172,-170889,-124789,745462
1736666528,0.5002775192260742,-636666,-559735,745462
1736666529,0.5001180171966553,-122077,-236145,803127
1736666530,0.5000460147857666,58527,-92165,848895
1736666533,0.4999897480010986,-27571,-24492,860858
1736666535,0.5007665157318115,-2236649,-1575365,860858
1736666537,0.5007240772247314,-1985671,-1454824,851333
1736666538,0.5005066394805908,-972191,-1037045,856559
1736666540,0.5002002716064453,-239416,-401557,856559
1736666541,0.5001182556152344,-3484,-237450,1057244
1736666542,0.5000274181365967,172315,-62696,1077434
1736666544,0.5000410079956055,-75269,-83236,988655
1736666546,0.5000529289245605,-128641,-123459,1016697
1736666548,0.500237226486206,-708282,-478463,1016697
1736666549,0.5000882148742676,-191955,-174620,943605
1736666550,0.5000557899475098,-72143,-112395,915563
1736666554,0.5001227855682373,-359538,-247439,834749
1736666555,0.5000133514404297,-30124,-25886,801921
1736666560,0.5003502368927002,-825365,-711606,834749
1736666561,0.5000874996185303,-38208,-172059,829898
1736666562,0.5000746250152588,-6156,-151469,903508
1736666565,0.5008256435394287,-2319870,-1675724,1032614
1736666566,0.5003008842468262,-555082,-606897,1032614
1736666567,0.5001301765441895,-51739,-270079,1063775
1736666572,0.5000777244567871,-152766,-152208,999700
1736666577,0.5008828639984131,-2676498,-1781708,1066751
1736666578,0.5005006790161133,-1120379,-1028538,967912
1736666583,0.5000982284545898,-221441,-157069,1116292
1736666584,0.5007808208465576,-1590965,-1593025,1116292
1736666585,0.5000300407409668,435289,-44061,1200076
1736666586,0.5002553462982178,-177417,-526180,1200076
1736666590,0.5002408027648926,-846928,-471653,1352743
1736666591,0.5004081726074219,-934173,-812976,1352743
1736666598,0.5000457763671875,-161882,-92123,1135916
1736666602,0.5000410079956055,-168209,-94404,1021346
1736666604,0.500234842300415,-658069,-477984,1021346
1736666605,0.500011682510376,-2725,-20061,1021346
1736666607,0.5000360012054443,-55952,-74105,1054372
1736666610,0.5001299381256104,-299019,-259770,1150388
1736666611,0.5000660419464111,-83178,-133634,1150388
1736666613,0.5000119209289551,5685,-23654,1116070
1736666616,0.5000617504119873,-141858,-131094,1118625
1736666618,0.500035285949707,-133567,-67373,1118625
1736666620,0.5000026226043701,-27969,-1845,1054833
1736666621,0.5000076293945312,-28537,-10804,1054833
1736666622,0.5000288486480713,-69193,-60021,1054833
1736666624,0.5000052452087402,-47152,-3961,1074852
1736666625,0.5000600814819336,-143138,-114093,1121448
1736666626,0.5001006126403809,-190587,-204483,1207762
1736666628,0.5000851154327393,-159722,-174254,1273680
1736666630,0.5000905990600586,-205927,-217687,1391798
1736666632,0.5007328987121582,-1904504,-1480981,1890929
1736666633,0.5003712177276611,-600598,-748426,2116660
1736666634,0.5001862049102783,-52412,-380419,2116660
1736666639,0.5001165866851807,-457188,-231167,1783728
1736666640,0.5000779628753662,-257679,-168815,1783728
1736666644,0.5000035762786865,-164862,-7286,1004654
1736666647,0.5000205039978027,-170925,-35741,795656
1736666648,0.500051736831665,-187342,-103436,795656
1736666650,0.5000474452972412,-121182,-93956,832640
1736666652,0.5000224113464355,-33795,-38455,832640
1736666653,0.5000748634338379,-135654,-150453,1014058
1736666657,0.5000956058502197,-312111,-180632,1014058
1736666658,0.5002219676971436,-488681,-450836,1151702
1736666659,0.5000064373016357,46751,-62008,1151702
1736666661,0.5010561943054199,-2928758,-2142340,1257799
1736666662,0.5004425048828125,-808421,-900631,1257799
1736666663,0.5000975131988525,135576,-199160,1257799
1736666667,0.5001657009124756,-247034,-333991,1550314
1736666668,0.5000436305999756,60825,-100243,1550314
1736666670,0.5005800724029541,-1441124,-1180059,1849695
1736666671,0.5001535415649414,-140721,-311993,1837680
1736666672,0.5000078678131104,196587,-16902,1837680
1736666674,0.5000584125518799,-53582,-117889,1837680
1736666678,0.5002603530883789,-832123,-551019,1782281
1736666680,0.5003776550292969,-1084894,-795853,1671271
1736666682,0.5005652904510498,-1476255,-1153136,1671271
1736666683,0.5000967979431152,-66693,-186451,1671271
1736666684,0.5001559257507324,-181855,-321621,1671271
1736666693,0.5000433921813965,-289485,-72678,1229839
1736666694,0.5002331733703613,-622903,-492942,1181250
1736666696,0.5002939701080322,-796648,-595941,1181250
1736666697,0.5000905990600586,-139726,-178014,1130804
1736666698,0.5000813007354736,-88620,-168825,1130804
1736666701,0.500075101852417,-174548,-148240,1130804
1736666702,0.5000450611114502,-73390,-99447,1130804
1736666705,0.5004062652587891,-910199,-828709,1363062
1736666706,0.5000486373901367,98029,-93541,1279677
1736666710,0.500037670135498,-94420,-84352,1223240
1736666712,0.5001564025878906,-422971,-316932,1229817
1736666713,0.500018835067749,-13329,-34181,1313202
1736666718,0.5003266334533691,-916981,-663607,1031197
1736666719,0.5000560283660889,-116897,-138618,1031197
1736666721,0.5001227855682373,-525065,-221274,1280959
1736666722,0.5004873275756836,-1135513,-989241,1261176
1736666723,0.5001716613769531,-153048,-347430,1261176
1736666724,0.5000360012054443,172707,-67590,1427081
1736666725,0.5000503063201904,89222,-99263,1427081
1736666726,0.5000059604644775,135593,-26125,1427081
1736666730,0.5000202655792236,-122446,-43618,975473
1736666732,0.5000433921813965,-171538,-84667,887838
1736666733,0.5000185966491699,-67970,-32560,887838
1736666734,0.5000295639038086,-82044,-67025,887838
1736666737,0.5004689693450928,-1069142,-953457,1194952
1736666738,0.5001301765441895,-57165,-262222,1295048
1736666739,0.5000319480895996,163763,-58444,1295048
1736666740,0.5000588893890381,46529,-126549,1295048
1736666742,0.5000157356262207,-16280,-28135,1156529
1736666743,0.5000190734863281,-17950,-34689,1295048
1736666750,0.5001027584075928,-305772,-208328,959836
1736666753,0.5000054836273193,-15646,-4929,1030295
1736666754,0.5000534057617188,-118033,-112010,1030295
1736666757,0.5005214214324951,-1523734,-1104680,1166131
1736666759,0.500460147857666,-1395114,-905060,1114470
1736666760,0.5006601810455322,-1419469,-1347949,1173758
1736666761,0.5001108646392822,129838,-224483,1007604
1736666762,0.4999988079071045,314700,-670,1007604
1736666764,0.5000133514404297,70438,-16754,1037999
1736666765,0.5001308917999268,-199000,-265060,1350832
1736666766,0.500014066696167,101004,-24756,1348807
1736666771,0.5003173351287842,-798542,-648634,1230876
1736666773,0.5000908374786377,-121566,-179588,1200209
1736666774,0.5000650882720947,-40966,-135458,1200209
1736666777,0.5002117156982422,-570770,-432125,1419260
1736666778,0.5000061988830566,13759,-18827,1169490
1736666780,0.5002226829528809,-532123,-448260,1419260
1736666781,0.5001132488250732,-154608,-230382,1419260
1736666784,0.5008509159088135,-2510541,-1730340,1169490
1736666785,0.5002949237823486,-622414,-595376,1169490
1736666786,0.5000729560852051,17621,-142065,1169490
1736666787,0.5000820159912109,-5280,-159680,1169490
1736666788,0.5000951290130615,-49419,-205403,1430752
1736666790,0.5001366138458252,-316310,-280505,1430752
1736666792,0.5001509189605713,-357391,-302060,1426437
1736666793,0.5000898838043213,-124409,-176295,1426437
1736666794,0.5000870227813721,-97337,-186546,1544884
1736666797,0.5006580352783203,-1913046,-1335668,1383756
1736666798,0.5002422332763672,-503016,-499551,1383756
1736666802,0.5000171661376953,-23860,-37542,1062138
1736666805,0.500129222869873,-310803,-267735,1062138
1736666807,0.5000393390655518,-108109,-75146,939029
1736666810,0.5000061988830566,-74201,-7395,756435
1736666811,0.5000314712524414,-109631,-65085,876607
1736666814,0.5002899169921875,-838813,-585987,773247
1736666815,0.5001242160797119,-253351,-252169,860954
1736666818,0.5003070831298828,-800544,-621785,860954
1736666819,0.5001027584075928,-146013,-207417,876607
1736666820,0.5000109672546387,91842,-13366,930168
1736666821,0.5000977516174316,-122375,-200031,1145757
1736666825,0.5005176067352295,-1219797,-1053949,1356539
1736666826,0.5001115798950195,-70439,-270530,1356539
1736666828,0.5006425380706787,-1689338,-1314557,1356539
1736666830,0.500396728515625,-922599,-822848,1433116
1736666832,0.5003712177276611,-761242,-761120,1696268
1736666836,0.5014088153839111,-3747497,-2871699,2016017
1736666837,0.5003829002380371,-539376,-787827,1741783
1736666844,0.5000238418579102,-190770,-44391,801453
1736666847,0.5006787776947021,-2140602,-1374470,692901
1736666848,0.5003063678741455,-741177,-617225,692901
1736666849,0.5001668930053711,-237989,-336390,692901
1736666850,0.5000619888305664,40170,-129628,687681
1736666852,0.5000629425048828,-70146,-122840,869198
1736666853,0.5000483989715576,-44314,-118052,973558
1736666855,0.5003519058227539,-947275,-717327,973558
1736666856,0.5000660419464111,-70831,-125066,869198
1736666857,0.5001304149627686,-184762,-260246,1148167
1736666858,0.5000801086425781,-28557,-159470,1148167
1736666859,0.5000054836273193,133819,-5661,1148167
1736666860,0.5000412464141846,28250,-71084,1363026
1736666861,0.5001833438873291,-279227,-370086,1645495
1736666862,0.5000448226928711,84316,-90311,1645495
1736666866,0.5000550746917725,-151152,-112928,1702302
1736666868,0.5000660419464111,-168435,-139577,1607141
1736666874,0.5000722408294678,-285762,-150000,955911
1736666876,0.500035285949707,-154563,-67468,944201
1736666877,0.5000207424163818,-90089,-49363,897824
1736666879,0.5002219676971436,-630125,-451348,905630
1736666880,0.5000300407409668,-44694,-54954,869704
1736666881,0.5000572204589844,-89737,-113405,869704
1736666882,0.5000138282775879,15172,-35417,869704
1736666884,0.5000207424163818,-106928,-24060,869704
1736666885,0.5002458095550537,-548145,-497355,1143321
1736666886,0.5000908374786377,-74049,-187703,1143321
1736666888,0.5001490116119385,-249658,-302771,1482787
1736666889,0.5000162124633789,99829,-28181,1482787
1736666890,0.500030517578125,41671,-56390,1539493
1736666891,0.5000534057617188,-23368,-108928,1539493
1736666895,0.5000872611999512,-141226,-174920,1539493
1736666896,0.5000143051147461,42114,-33947,1439364
1736666898,0.5000121593475342,-84229,-49689,1355544
1736666900,0.5002903938293457,-896358,-592578,1224302
1736666901,0.5000326633453369,-100366,-65494,1224302
1736666903,0.5001294612884521,-338565,-263294,1146159
1736666907,0.5001614093780518,-381965,-323077,1224496
1736666908,0.5000901222229004,-128781,-184482,1224496
1736666913,0.5000450611114502,-155265,-90056,1195565
1736666916,0.5000038146972656,-15476,-572,1110236
1736666917,0.5000565052032471,-132554,-122293,1110236
1736666920,0.5006372928619385,-1863623,-1292697,983993
1736666921,0.500258207321167,-537039,-525200,974791
1736666922,0.5000576972961426,29086,-120187,804859
1736666924,0.5000033378601074,42274,-7936,749109
1736666926,0.5000040531158447,-23019,-4304,804859
1736666927,0.5000200271606445,-46888,-35079,804859
1736666928,0.5000419616699219,-86323,-88580,804859
1736666931,0.500140905380249,-299793,-273943,950134
1736666932,0.5002081394195557,-366654,-430742,1225860
1736666934,0.5000414848327637,-27304,-84243,1225860
1736666936,0.5001735687255859,-325815,-349067,1534426
1736666937,0.5000760555267334,-29799,-150795,1534426
1736666938,0.500037670135498,51280,-78656,1555720
1736666943,0.5001723766326904,-467894,-341688,1471351
1736666948,0.5001003742218018,-417982,-205412,819413
1736666952,0.5001575946807861,-383212,-319529,906713
1736666953,0.5000143051147461,19886,-31395,846715
1736666956,0.5001604557037354,-410421,-316139,906713
1736666957,0.5001769065856934,-331402,-360246,1090637
1736666959,0.5000319480895996,8531,-57708,1121858
1736666960,0.5000705718994141,-87551,-151230,1121858
1736666964,0.5001344680786133,-354386,-271149,966227
1736666965,0.5000383853912354,-61034,-84112,1031030
1736666968,0.500091552734375,-223061,-181752,1010625
1736666969,0.5000479221343994,-67140,-92750,1010625
1736666970,0.500042200088501,-39024,-84776,1010625
1736666972,0.499993085861206,7870,-18721,1010625
1736666974,0.5003364086151123,-1090954,-711081,1010625
1736666976,0.5005640983581543,-1469699,-1148423,1031030
1736666977,0.500159740447998,-200616,-320250,1031030
1736666978,0.5000848770141602,5407,-174412,1010625
1736666980,0.5000927448272705,-99525,-187475,1135096
1736666984,0.5000195503234863,-171339,-34815,996132
1736666985,0.5000278949737549,-143720,-58598,951660
1736666987,0.5001728534698486,-420206,-341965,999105
1736666992,0.500006914138794,-80563,-3138,790260
1736666993,0.5001275539398193,-305073,-251817,1018878
1736666998,0.5007109642028809,-1961984,-1445095,1226582
1736666999,0.5001249313354492,-174608,-246315,1226582
1736667003,0.5000588893890381,-223728,-118533,829788
1736667007,0.5001804828643799,-486261,-356181,846812
1736667008,0.5001943111419678,-379553,-395352,1023686
1736667009,0.5000226497650146,76817,-52848,1023686
1736667011,0.5000989437103271,-229375,-198938,1023686
1736667012,0.5000174045562744,-14972,-53347,1023686
1736667014,0.5003166198730469,-981071,-629737,875196
1736667023,0.5001873970031738,-514707,-369298,1126162
1736667024,0.5002212524414062,-436098,-445101,1159803
1736667025,0.5001215934753418,-104543,-244375,1195849
1736667026,0.5000290870666504,83835,-87360,1195849
1736667029,0.500645637512207,-1554738,-1278043,1195849
1736667030,0.5007772445678711,-1444759,-1634485,1578933
1736667032,0.5005414485931396,-1152682,-1097499,1388133
1736667033,0.5002377033233643,-196102,-486724,1388133
1736667034,0.4999935626983642,343473,-5979,1388133
1736667037,0.5005207061767578,-1151322,-1088342,1277114
1736667039,0.5002899169921875,-665076,-586657,961244
1736667040,0.5001242160797119,-142479,-263582,996056
1736667042,0.5000841617584229,-175596,-189779,961244
1736667044,0.5001158714294434,-396346,-246058,961244
1736667046,0.5003030300140381,-745198,-612341,1060739
1736667047,0.5001177787780762,-197844,-288546,1060739
1736667049,0.5005881786346436,-1628234,-1192045,1142106
1736667050,0.5001974105834961,-341465,-393746,1142106
1736667051,0.500154972076416,-161987,-316708,1142106
1736667054,0.500089168548584,-251542,-176523,1036677
1736667055,0.5000669956207275,-137887,-138330,1031661
1736667057,0.5000526905059814,-124376,-117944,1031661
1736667059,0.5001518726348877,-444940,-302233,1031661
1736667060,0.5001163482666016,-243091,-233866,1031661
1736667061,0.5000379085540771,-12533,-76235,1031661
1736667064,0.5003616809844971,-1048033,-727290,1182051
1736667065,0.5002195835113525,-491644,-485310,1182051
1736667067,0.5008459091186523,-2292879,-1723147,1224289
1736667068,0.5002834796905518,-465687,-583819,1182051
1736667072,0.5010981559753418,-3105875,-2234989,1007433
1736667073,0.5004010200500488,-759290,-820166,989115
1736667074,0.5000574588775635,175025,-113638,846176
1736667075,0.500009298324585,198026,-38130,846176
1736667079,0.5007412433624268,-1855425,-1479071,1090385
1736667083,0.5000138282775879,-293425,-35251,1114768
1736667085,0.50018310546875,-596816,-362559,1151084
1736667086,0.5001757144927979,-426587,-371374,1151084
1736667088,0.5001945495605469,-474233,-395469,1151084
1736667092,0.5001537799835205,-395464,-316888,1086154
1736667094,0.5000102519989014,-54237,-51726,1083044
1736667097,0.5005342960357666,-1350994,-1094385,1134062
1736667098,0.5000805854797363,-11110,-159799,1057274
1736667099,0.5000491142272949,57498,-94524,1057274
1736667100,0.5000543594360352,23738,-111034,1134062
1736667103,0.5001294612884521,-411274,-254295,1057274
1736667104,0.5001401901245117,-326217,-292621,1057274
1736667109,0.5001664161682129,-372589,-333983,1219141
1736667110,0.5000927448272705,-116545,-189715,1219141
1736667112,0.5000436305999756,-37793,-100146,1358615
1736667114,0.50018310546875,-459709,-374932,1320516
1736667115,0.4999887943267822,52867,-268,1156285
1736667117,0.5004229545593262,-1105918,-842471,1386415
1736667122,0.5004382133483887,-1473503,-892735,1121637
1736667123,0.5001232624053955,-405171,-266454,1030074
1736667125,0.5003011226654053,-774199,-598666,1121637
1736667129,0.500359296798706,-888414,-738506,1047727
1736667131,0.5000579357147217,-73131,-115000,1047727
1736667132,0.5000214576721191,24449,-39360,809455
1736667136,0.5002255439758301,-519709,-486024,1154745
1736667139,0.5007812976837158,-1787454,-1593135,1244366
1736667140,0.500206470489502,-102191,-444108,1201905
1736667142,0.5003921985626221,-770809,-800072,1401134
1736667143,0.5000770092010498,107028,-153478,1401134
1736667144,0.5000109672546387,170093,-58305,1401134
1736667146,0.5004215240478516,-1138085,-857802,1401134
1736667147,0.500140905380249,-220147,-281289,1401134
1736667148,0.5000817775726318,-43234,-170420,1456951
1736667152,0.5001235008239746,-379676,-249871,1289023
1736667153,0.500025749206543,-62310,-46408,1300481
1736667154,0.5000488758087158,-114536,-117327,1185032
1736667156,0.5001959800720215,-558689,-388405,1144042
1736667161,0.5000448226928711,-196981,-82480,1144042
1736667162,0.5000884532928467,-256620,-201213,1144042
1736667164,0.5004916191101074,-1296511,-1003638,1376624
1736667165,0.5001287460327148,-168311,-264391,1407247
1736667167,0.500016450881958,55494,-25266,1407247
1736667168,0.5000724792480469,-90619,-154731,1407247
1736667172,0.5003824234008789,-1192242,-781346,1056178
1736667173,0.5000107288360596,-75292,-22069,744682
1736667175,0.5002784729003906,-643234,-589752,1324422
1736667177,0.5006263256072998,-1395040,-1280200,1845082
1736667178,0.5000343322753906,216046,-87626,1525473
1736667180,0.5002963542938232,-645514,-606354,1943544
1736667182,0.5001742839813232,-294094,-388329,1978941
1736667185,0.5009105205535889,-2644954,-1849812,1531247
1736667186,0.5004048347473145,-836946,-835290,1531247
1736667188,0.5000784397125244,-51229,-170615,1531247
1736667191,0.5004889965057373,-1355665,-1016632,1434969
1736667193,0.5002467632293701,-595110,-494542,1434969
1736667194,0.5001800060272217,-278487,-356452,1434969
1736667198,0.500056266784668,-287932,-110875,1077432
1736667199,0.5000247955322266,-135549,-44871,1077432
1736667200,0.5000386238098145,-143383,-93370,1122720
1736667203,0.5004122257232666,-1040142,-821011,1266028
1736667208,0.5001418590545654,-397989,-288696,1368834
1736667209,0.5000085830688477,-7128,-17231,1294103
1736667212,0.5001096725463867,-255925,-228787,1290096
1736667217,0.500044584274292,-161479,-85950,953636
1736667218,0.5000383853912354,-105863,-78778,927532
1736667220,0.5001335144042969,-287921,-263912,1138451
1736667223,0.5000367164611816,-39234,-77444,1445921
1736667230,0.500049352645874,-243520,-97000,916570
1736667231,0.5000159740447998,-126965,-53501,916570
1736667233,0.5004262924194336,-1132770,-866847,1232618
1736667234,0.5001177787780762,-236225,-310133,1232618
1736667236,0.5010843276977539,-2914363,-2208545,1424400
1736667237,0.5004048347473145,-659478,-827969,1424400
1736667238,0.5000598430633545,237796,-128538,1340915
1736667243,0.500354528427124,-976206,-730270,1381918
1736667245,0.5000848770141602,-160846,-173375,1294372
1736667249,0.5000073909759521,-31209,-5234,1294372
1736667250,0.5000982284545898,-215532,-198919,1300764
1736667251,0.5000064373016357,38452,-9595,1300764
1736667252,0.500006914138794,24902,-11609,1300764
1736667258,0.5001051425933838,-312105,-219176,1101209
1736667260,0.5000579357147217,-166703,-116322,1007454
1736667261,0.5000033378601074,-2039,-1669,1007454
1736667262,0.5000226497650146,-46315,-46557,1007454
1736667267,0.5000052452087402,-34140,-2601,966314
1736667268,0.5000762939453125,-169135,-147838,987810
1736667269,0.500098705291748,-164984,-194428,1146890
1736667273,0.501011848449707,-2972599,-2061956,1291254
1736667274,0.5003809928894043,-802689,-783826,1153653
1736667276,0.5000724792480469,-2690,-156163,933739
1736667280,0.5004208087921143,-1110359,-856752,1000780
1736667281,0.500124454498291,-166840,-246341,1000780
1736667282,0.5000982284545898,-68458,-198011,1088710
1736667283,0.5000252723693848,97377,-52713,1199900
1736667285,0.5000166893005371,13161,-35196,1191262
1736667289,0.5004193782806396,-1152955,-851040,1245523
1736667290,0.5001873970031738,-333994,-377966,1245523
1736667291,0.5000865459442139,-24329,-168499,1482936
1736667292,0.5000886917114258,-45352,-196821,1482936
1736667295,0.5000951290130615,-279127,-188982,1381879
1736667296,0.5000748634338379,-118322,-111916,2169489
1736667297,0.500572919845581,-1136393,-1165483,2467325
1736667298,0.5002012252807617,-61609,-431617,2467325
1736667301,0.500030517578125,-451683,-54494,1324490
1736667302,0.500067949295044,-403547,-141863,1324490
1736667304,0.5000905990600586,-325619,-177615,1355012
1736667307,0.5000467300415039,-265216,-93940,988792
1736667310,0.5000870227813721,-319489,-170785,874036
1736667312,0.5000190734863281,-181555,-128698,941815
1736667314,0.5021200180053711,-5427215,-4322609,2658080
1736667315,0.5007748603820801,-1063559,-1587117,2658080
1736667316,0.5001602172851562,507638,-334988,2658080
1736667322,0.5002079010009766,-837853,-419723,1582536
1736667323,0.5000877380371094,-356140,-189366,1582536
1736667325,0.5000216960906982,-211619,-46846,1217845
1736667327,0.5000114440917969,-181887,-65717,1099779
1736667329,0.5005092620849609,-1526081,-1017913,1013059
1736667330,0.5004544258117676,-986594,-936250,1423117
1736667333,0.5001976490020752,-615660,-400805,892719
1736667334,0.5000565052032471,-155429,-125272,809465
1736667336,0.5001266002655029,-357504,-260580,913671
1736667338,0.5001585483551025,-353980,-336411,965049
1736667340,0.500171422958374,-394274,-349354,986150
1736667341,0.5000348091125488,6857,-66506,960055
1736667344,0.5000810623168945,-214127,-174659,986150
1736667346,0.5001258850097656,-327822,-252606,1060789
1736667347,0.5000331401824951,-117605,-140736,1137707
1736667349,0.5009675025939941,-2760320,-1972837,1137707
1736667350,0.500370979309082,-716823,-757436,1137707
1736667351,0.5000956058502197,58933,-196727,1137707
1736667354,0.5000512599945068,-69069,-105762,1137707
1736667357,0.500131368637085,-394458,-266250,970826
1736667358,0.5000250339508057,-60141,-50270,970826
1736667360,0.5001099109649658,-234714,-220724,1074434
1736667361,0.5000391006469727,-19548,-75972,1074434
1736667362,0.5000228881835938,15339,-46949,1074434
1736667365,0.5001106262207031,-200880,-217839,1238693
1736667368,0.5004642009735107,-1358683,-944264,1411449
1736667369,0.5001707077026367,-375998,-369184,1238693
1736667371,0.5001060962677002,-315286,-210092,1144770
1736667372,0.5000712871551514,-177938,-167330,1144770
1736667374,0.5002880096435547,-768119,-584548,1098596
1736667375,0.5000557899475098,-65914,-112778,1098596
1736667377,0.5000042915344238,27629,-9414,992218
1736667380,0.5001029968261719,-232395,-208283,1063103
1736667381,0.5000119209289551,19250,-26357,1058725
1736667384,0.5006344318389893,-1872787,-1288455,995563
1736667385,0.5002920627593994,-603156,-580660,1058725
1736667393,0.5001168251037598,-340569,-251631,1094480
1736667395,0.5001704692840576,-456434,-345929,1094480
1736667396,0.5000455379486084,-64931,-91356,1000623
1736667401,0.5000169277191162,-78119,-28993,917436
1736667402,0.5000326633453369,-97596,-71905,921110
1736667404,0.500171422958374,-397648,-330392,1216816
1736667405,0.500302791595459,-563477,-615516,1608740
1736667406,0.5000405311584473,16023,-205059,1608740
1736667408,0.50333571434021,-9704184,-6812120,1608740
1736667409,0.5012080669403076,-2443004,-2462195,1395523
1736667410,0.5005068778991699,-258505,-1010597,1395523
1736667418,0.5000147819519043,-79332,-28921,1269316
1736667423,0.5001327991485596,-428875,-289718,1015872
1736667425,0.5003023147583008,-828391,-612467,1015872
1736667426,0.5001342296600342,-243692,-276286,970166
1736667430,0.500065803527832,-115483,-127694,871102
1736667431,0.5000672340393066,-88647,-135503,1046721
1736667432,0.5000064373016357,67252,-6198,1046721
1736667433,0.5000522136688232,-51310,-104584,1103888
1736667434,0.5000061988830566,64736,-3931,1103888
1736667435,0.5000724792480469,-100775,-150021,1380942
1736667438,0.5001413822174072,-318061,-288093,1326372
1736667439,0.5000100135803223,43740,-21710,1447769
1736667441,0.5001423358917236,-293847,-286291,1518534
1736667442,0.5000550746917725,-59202,-139800,1518534
1736667445,0.501030445098877,-2401167,-2099509,1712623
1736667446,0.5004427433013916,-463495,-882187,1712623
1736667451,0.5002574920654297,-850049,-511330,1321060
1736667456,0.500540018081665,-1694858,-1100395,1023618
1736667457,0.5001871585845947,-464555,-378549,1023618
1736667458,0.5000786781311035,-101420,-154781,1023618
1736667459,0.5000617504119873,-40781,-124568,1023618
1736667462,0.500546932220459,-1564192,-1115124,1007061
1736667463,0.5001728534698486,-364110,-384300,1007061
1736667465,0.5003547668457031,-915532,-724052,954416
1736667466,0.5001046657562256,-129995,-213174,967165
1736667468,0.5000684261322021,-86612,-152587,967165
1736667471,0.5001041889190674,-264188,-204356,967165
1736667472,0.5001101493835449,-207385,-226809,967165
1736667474,0.4999861717224121,9858,-27002,918314
1736667476,0.5006515979766846,-1866491,-1320568,1107790
1736667477,0.5003485679626465,-696148,-710172,1193224
1736667478,0.5001118183135986,-4328,-227197,1193224
1736667479,0.5000128746032715,194407,-29760,1178090
1736667482,0.5002460479736328,-784698,-498253,1002910
1736667483,0.5000722408294678,-197854,-146819,824088
1736667485,0.5000314712524414,-58266,-60077,864943
1736667486,0.500028133392334,-38424,-57714,864943
1736667489,0.5000295639038086,-89863,-54719,824088
1736667490,0.5000436305999756,-91792,-83607,864943
1736667494,0.5001685619354248,-526793,-335843,973885
1736667495,0.5001344680786133,-311082,-278170,973885
1736667497,0.5000379085540771,-53608,-69002,1023972
1736667498,0.5000832080841064,-135353,-166829,973885
1736667499,0.5000276565551758,11157,-60925,1106978
1736667502,0.5000598430633545,-144531,-117624,1081878
1736667503,0.5000457763671875,-72814,-89266,1081878
1736667504,0.5000238418579102,-29556,-67852,1041328
1736667506,0.5001833438873291,-560780,-368544,1041328
1736667507,0.5001082420349121,-246611,-222609,1041328
1736667512,0.5010523796081543,-2477750,-2165719,1247282
1736667514,0.5000550746917725,186637,-111286,841430
1736667517,0.5000231266021729,22456,-42781,921419
1736667519,0.5000350475311279,-19902,-78402,1282217
1736667521,0.5000193119049072,-60178,-27359,900925
1736667522,0.500129222869873,-278984,-264219,1282217
1736667525,0.5000581741333008,-198002,-113303,950636
1736667528,0.5000054836273193,-127716,-11373,876406
1736667530,0.5001184940338135,-324868,-239572,958743
1736667531,0.5000429153442383,-66569,-78733,1053103
1736667532,0.500084400177002,-163194,-195329,1053103
1736667534,0.5002117156982422,-584164,-431987,958743
1736667535,0.5000407695770264,-55297,-78369,958743
1736667541,0.5000033378601074,-95872,-2276,666606
1736667542,0.4999949932098388,-103471,-38637,653535
1736667544,0.5006518363952637,-1837779,-1328208,731602
1736667545,0.5002598762512207,-485921,-527684,731602
1736667546,0.5000395774841309,106874,-80665,731602
1736667548,0.5000653266906738,-32997,-127436,825105
1736667550,0.500133752822876,-172505,-276844,1233859
1736667553,0.5001192092895508,-250601,-259091,1340445
1736667556,0.5002930164337158,-679911,-602574,1122192
1736667557,0.5000128746032715,101017,-25619,946129
1736667560,0.5003302097320557,-938531,-672080,1021305
1736667561,0.5001139640808105,-220101,-235209,946129
1736667565,0.5003805160522461,-1214048,-796123,765876
1736667567,0.500328540802002,-805668,-665813,765876
1736667568,0.5001547336578369,-207074,-308919,842471
1736667569,0.5001051425933838,-66026,-229993,956610
1736667571,0.5001537799835205,-330322,-310186,956610
1736667572,0.5000724792480469,-66468,-145428,956610
1736667575,0.5001819133758545,-464411,-364192,1120463
1736667576,0.5001237392425537,-217209,-256313,1120463
1736667581,0.5010039806365967,-2464420,-2034758,1120463
1736667582,0.5005769729614258,-874658,-1184322,1191118
1736667583,0.5000998973846436,371190,-200871,1191118
1736667584,0.5000298023223877,381176,-79528,1197562
1736667586,0.5000102519989014,34648,-31567,1216030
1736667588,0.5001091957092285,-299308,-221531,1137188
1736667589,0.5000259876251221,-30779,-42794,1137188
1736667590,0.5000994205474854,-184852,-206101,1210767
1736667594,0.5003135204315186,-926367,-637917,1013781
1736667595,0.5001153945922852,-246826,-236286,1013781
1736667602,0.5009331703186035,-2271568,-1908798,1143775
1736667603,0.5002999305725098,-286690,-605390,1131071
1736667604,0.5001697540283203,53401,-351306,1358940
1736667608,0.5004372596740723,-1271020,-886761,1133339
1736667609,0.5002000331878662,-421640,-418687,1265242
1736667611,0.5001780986785889,-389082,-364929,1255465
1736667612,0.5000045299530029,85204,-7367,1326271
1736667615,0.4999957084655761,-16463,-34801,1226727
1736667617,0.500511646270752,-1484057,-1049808,1226727
1736667618,0.5000948905944824,-188234,-199202,1226727
1736667620,0.5000555515289307,-117266,-110620,918019
1736667621,0.500011682510376,5455,-23078,918019
1736667625,0.5000228881835938,-80147,-37704,826864
1736667626,0.5000743865966797,-192275,-173876,918019
1736667628,0.5002419948577881,-664486,-487955,918019
1736667629,0.5000834465026855,-143828,-166643,1025494
1736667630,0.5000414848327637,-14341,-80304,1025494
1736667631,0.5000309944152832,11906,-58360,1025494
1736667635,0.5001397132873535,-395057,-274888,1139610
1736667636,0.5001518726348877,-313346,-311694,1139610
1736667638,0.5000507831573486,-44424,-105503,1179939
1736667643,0.5006134510040283,-1394434,-1257786,1362981
1736667644,0.5001356601715088,5885,-275797,1362981
1736667645,0.5000267028808594,218010,-61907,1297823
1736667651,0.5005412101745605,-1660619,-1095876,1066372
1736667652,0.500309944152832,-698727,-632170,976892
1736667653,0.5000555515289307,29002,-114059,976892
1736667657,0.5002117156982422,-463538,-430027,1195783
1736667658,0.5000748634338379,-48034,-153584,1195783
1736667664,0.5000112056732178,-111903,-31453,1053426
1736667666,0.5001747608184814,-480745,-355616,1124864
1736667667,0.5000209808349609,-12898,-31992,1078393
1736667668,0.500098466873169,-179556,-202520,1078393
1736667671,0.500025749206543,-76493,-46581,1131473
1736667672,0.500044584274292,-97325,-90361,1131473
1736667675,0.5001139640808105,-319643,-241771,1085801
1736667680,0.5008633136749268,-2415875,-1751981,1029897
1736667681,0.5004756450653076,-911298,-972166,1178464
1736667682,0.500138521194458,48517,-285741,1178464
1736667684,0.5001215934753418,-27994,-239835,1496782
1736667691,0.5002219676971436,-562251,-456987,1752385
1736667697,0.5002310276031494,-614605,-481361,1341950
1736667699,0.5000677108764648,-146044,-133998,1314746
1736667700,0.500035285949707,-45483,-77251,1314746
1736667703,0.5000622272491455,-197282,-133568,1152225
1736667705,0.5000910758972168,-254168,-183189,1095969
1736667706,0.5000312328338623,-55875,-61146,1095969
1736667707,0.5000042915344238,12331,-9703,1095969
1736667710,0.5001304149627686,-379337,-261065,1095969
1736667711,0.5000858306884766,-177025,-172554,1095969
1736667712,0.5000300407409668,-7246,-55883,1205923
1736667713,0.5000410079956055,-28860,-79671,1205923
1736667714,0.5000209808349609,11116,-48353,1205923
1736667716,0.5000169277191162,-56549,-33338,1186357
1736667719,0.5010206699371338,-3037147,-2072140,1186357
1736667720,0.5005669593811035,-1210552,-1156689,1186357
1736667721,0.5001571178436279,-17758,-327060,1189464
1736667724,0.5000147819519043,54938,-37035,1189464
1736667726,0.5000123977661133,-51418,-30095,1189464
1736667730,0.5000369548797607,-146819,-82427,884217
1736667732,0.5000584125518799,-204437,-116667,784847
1736667733,0.5000162124633789,-60316,-33877,811156
1736667736,0.5000696182250977,-356668,-160590,923001
1736667738,0.5007717609405518,-1822580,-1589926,1534629
1736667739,0.5001122951507568,90947,-223173,1534629
1736667740,0.500091552734375,102920,-183916,1534629
1736667741,0.5000059604644775,184492,-71468,1534629
1736667743,0.5006678104400635,-1755405,-1367036,1783184
1736667744,0.5002036094665527,-273724,-411976,1783184
1736667745,0.50008225440979,35802,-184568,1783184
1736667749,0.500176191329956,-752433,-350532,1025603
1736667750,0.5001533031463623,-479786,-303615,982068
1736667754,0.5000569820404053,-214663,-113250,982068
1736667755,0.5000202655792236,-75805,-38791,982068
1736667757,0.5000154972076416,-47333,-36036,1030389
1736667759,0.5000827312469482,-218856,-166256,1012103
1736667760,0.5000269412994385,-37920,-50977,1012103
1736667764,0.5000865459442139,-234934,-181844,1021587
1736667766,0.5000526905059814,-150029,-117888,970503
1736667768,0.5000128746032715,-101709,-19767,802713
1736667769,0.5000467300415039,-140715,-89286,890436
1736667770,0.5000603199005127,-126302,-117087,890436
1736667775,0.5000395774841309,-98552,-66408,1015969
1736667776,0.500145673751831,-342574,-339996,1280916
1736667778,0.500805139541626,-1968107,-1647726,1876272
1736667779,0.5000286102294922,211599,-58452,1876272
1736667781,0.5000863075256348,-45045,-168919,1611481
1736667786,0.5000581741333008,-248838,-112911,1310161
1736667789,0.5000977516174316,-605294,-188835,815165
1736667790,0.5001382827758789,-512645,-277774,815165
1736667791,0.5000782012939453,-234879,-153802,815165
1736667792,0.5000662803649902,-143327,-132713,815165
1736667793,0.5000197887420654,-12965,-45349,906028
1736667795,0.5000288486480713,-87399,-49793,826221
1736667796,0.500084638595581,-180888,-169502,906028
1736667797,0.5000386238098145,-33946,-76826,906028
1736667800,0.5000038146972656,-24601,-3204,826221
1736667801,0.5000145435333252,-44004,-29988,906028
1736667804,0.5005605220794678,-1615748,-1139871,892802
1736667805,0.5002396106719971,-482305,-491153,892802
1736667806,0.5000350475311279,76323,-77216,797013
1736667810,0.5000777244567871,-258319,-153705,735688
1736667811,0.5000569820404053,-131124,-104006,793182
1736667812,0.5001366138458252,-266544,-278763,890113
1736667813,0.5000126361846924,49908,-42275,890113
1736667815,0.5001094341278076,-347455,-218116,890113
1736667816,0.5000503063201904,-114515,-89413,922937
1736667817,0.5001511573791504,-295558,-304810,975546
1736667818,0.5000698566436768,-44708,-142627,1013930
1736667823,0.5037665367126465,-11064393,-7702454,986832
1736667824,0.5016040802001953,-3247445,-3204824,986832
1736667830,0.5000040531158447,-176722,-8607,895040
1736667832,0.5001616477966309,-442948,-327231,949088
1736667833,0.5000693798065186,-113163,-130331,949088
1736667834,0.5001230239868164,-203217,-254333,1141768
1736667836,0.5000729560852051,-162612,-131774,1141768
1736667837,0.5002076625823975,-406941,-424886,1720700
1736667838,0.5000162124633789,111214,-28814,1720700
1736667840,0.5001964569091797,-301542,-408206,1755637
1736667843,0.5004763603210449,-1309665,-974386,1755637
1736667844,0.5001494884490967,-247160,-304780,1755637
1736667845,0.5000336170196533,68294,-63474,1755637
1736667846,0.5000278949737549,42899,-68381,1755637
1736667850,0.5002262592315674,-746618,-469277,1468495
1736667853,0.5003719329833984,-1120143,-755475,1104310
1736667854,0.5001778602600098,-392406,-363781,1070748
1736667855,0.5000348091125488,16600,-72496,1070748
1736667859,0.5012862682342529,-3643714,-2608086,1655785
1736667860,0.500751256942749,-1497932,-1555418,1655785
1736667866,0.5005650520324707,-1499877,-1164220,1461851
1736667867,0.5000479221343994,-35755,-150061,1287370
1736667869,0.5004417896270752,-1285312,-918146,1287370
1736667871,0.5000526905059814,-111511,-100930,882684
1736667872,0.5000655651092529,-114822,-137695,882684
1736667875,0.5000278949737549,-52409,-54974,974135
1736667879,0.5002000331878662,-542574,-410346,913810
1736667880,0.5000226497650146,-11138,-41682,913810
1736667882,0.5001585483551025,-292908,-326794,1163798
1736667886,0.5008318424224854,-2363779,-1708702,1122330
1736667887,0.5002155303955078,-389004,-443061,1122330
1736667888,0.5000128746032715,139820,-30938,970370
1736667891,0.500248908996582,-549979,-502541,1079208
1736667892,0.5000908374786377,-74833,-192389,1079208
1736667895,0.5004138946533203,-1246128,-836599,939273
1736667896,0.5002553462982178,-558540,-522849,939273
1736667897,0.5000510215759277,32901,-98970,1103759
1736667900,0.5005989074707031,-1664390,-1234602,1110570
1736667901,0.500070333480835,-66477,-136006,914116
1736667902,0.5000851154327393,-83719,-173191,1056611
1736667903,0.5000088214874268,101030,-13558,1056611
1736667904,0.5000112056732178,59303,-24976,965960
1736667907,0.5000293254852295,-56623,-54501,989760
1736667908,0.50003981590271,-67248,-82113,989760
1736667912,0.5001940727233887,-674790,-377913,1023107
1736667913,0.5002689361572266,-653537,-559097,1023107
1736667916,0.5002870559692383,-616300,-583663,1362178
1736667917,0.5001206398010254,-86922,-239175,1362178
1736667918,0.5001041889190674,-26677,-205007,1462809
1736667922,0.5000903606414795,-290222,-177238,1347086
1736667926,0.5001058578491211,-372393,-237852,1315961
1736667928,0.500241756439209,-694072,-507807,1354153
1736667930,0.500164270401001,-386123,-333193,1354153
1736667933,0.5000412464141846,-60906,-98542,1354153
1736667935,0.5006227493286133,-1433817,-1304691,2141849
1736667938,0.5000314712524414,-46591,-59565,1500988
1736667941,0.5011646747589111,-3636932,-2389218,1186719
1736667942,0.5003674030303955,-889455,-732821,1186719
1736667943,0.5003445148468018,-584183,-694385,1203468
1736667944,0.5001342296600342,9862,-275595,1203468
1736667945,0.5000052452087402,272081,-10417,1375979
1736667947,0.5000038146972656,111748,-5450,1375979
1736667951,0.5000045299530029,-95764,-12040,1192830
1736667954,0.5003211498260498,-873012,-652812,1207704
1736667955,0.5001187324523926,-241003,-282706,1251307
1736667957,0.500483512878418,-1332897,-986253,1207704
1736667958,0.5001838207244873,-367104,-420329,1207704
1736667960,0.5004258155822754,-1105028,-871238,1207704
1736667961,0.5001425743103027,-190901,-288619,1207704
1736667962,0.5000512599945068,48338,-106651,1207704
1736667969,0.5005385875701904,-1360569,-1099841,896140
1736667970,0.5002086162567139,-280456,-427899,778959
1736667971,0.5000262260437012,163132,-68448,778959
1736667973,0.5001208782196045,-286952,-265129,778959
1736667975,0.5003054141998291,-819619,-623564,798378
1736667976,0.5001058578491211,-167252,-217083,724169
1736667981,0.5003609657287598,-940830,-726823,1066467
1736667982,0.5002443790435791,-433642,-501884,1081550
1736667983,0.5000426769256592,116243,-82092,1081550
1736667984,0.4999961853027344,85213,-78249,1193995
1736667986,0.5008382797241211,-2390660,-1703789,1282119
1736667987,0.5001850128173828,-332843,-363170,1299300
1736667988,0.5002193450927734,-314840,-445020,1279363
1736667989,0.5000870227813721,35059,-189573,1279363
1736667991,0.5000596046447754,-89492,-113555,1279363
1736667992,0.5000839233398438,-126132,-177043,1299300
1736667994,0.5000696182250977,-129405,-149907,1299300
1736667996,0.5000665187835693,-157217,-133788,1312352
1736667997,0.5000174045562744,-11140,-34876,1312352
1736668001,0.5001254081726074,-275299,-268907,1576506
1736668003,0.5001277923583984,-389678,-256313,1420732
1736668004,0.5000748634338379,-172597,-156136,1381861
1736668007,0.5002248287200928,-752195,-464174,1168330
1736668008,0.5000050067901611,-70363,-8001,949860
1736668011,0.5001745223999023,-582835,-348922,901654
1736668012,0.5001316070556641,-322468,-263406,797248
1736668013,0.5000841617584229,-127254,-164932,797248
1736668014,0.5000424385070801,-92507,-168361,901654
1736668016,0.5009863376617432,-2769706,-2011482,1027276
1736668017,0.5004630088806152,-873246,-945934,1143937
1736668018,0.5001699924468994,-11675,-346337,1352011
1736668019,0.500054121017456,233727,-104438,1388045
1736668022,0.5000886917114258,-187793,-184450,1344838
1736668025,0.5000271797180176,-86162,-56044,1344838
1736668028,0.5000739097595215,-177482,-151553,1202518
1736668032,0.5001115798950195,-309816,-225705,1087924
1736668033,0.5000364780426025,-69798,-78632,1087924
1736668036,0.5002844333648682,-624716,-599745,1415529
1736668040,0.5002083778381348,-384255,-420379,1087924
1736668041,0.5001206398010254,-93788,-245188,1177411
1736668042,0.5000286102294922,121092,-58445,1177411
1736668047,0.5000348091125488,-177079,-95476,952444
1736668049,0.5002973079681396,-820303,-598695,1124764
1736668050,0.5001921653747559,-378687,-403169,1124764
1736668053,0.5000886917114258,-280573,-164360,952444
1736668054,0.5002036094665527,-442993,-410952,1099169
1736668055,0.5001063346862793,-127980,-228837,1259789
1736668058,0.5001192092895508,-311488,-243089,1099169
1736668059,0.5000231266021729,-11962,-37010,1099169
1736668060,0.5000772476196289,-169019,-197655,1273454
1736668062,0.5003328323364258,-993175,-656288,1099169
1736668063,0.5003824234008789,-847727,-808793,1600987
1736668066,0.5002567768096924,-615623,-603829,1556024
1736668068,0.5006544589996338,-1866442,-1374430,1556024
1736668070,0.5005650520324707,-1436570,-1150072,1414320
1736668071,0.5002830028533936,-436372,-580845,1414320
1736668072,0.5000712871551514,136536,-138849,1414320
1736668076,0.5001342296600342,-374497,-286056,1433678
1736668080,0.5000870227813721,-238560,-177471,1230079
1736668081,0.5000014305114746,8243,-2236,1230079
1736668086,0.500145435333252,-429243,-296015,1032137
1736668087,0.5000424385070801,-90094,-85639,1032137
1736668091,0.5000336170196533,-110930,-78369,1127139
1736668093,0.5001978874206543,-509595,-401037,1231208
1736668094,0.5000960826873779,-147554,-191874,1231208
1736668095,0.5000579357147217,-31586,-120172,1231208
1736668097,0.5000216960906982,-24487,-71554,1291301
1736668099,0.5001769065856934,-559670,-378364,1291301
1736668101,0.5001816749572754,-496245,-376526,1125123
1736668104,0.5010011196136475,-2887197,-2052470,1027751
1736668105,0.500338077545166,-660145,-691577,876251
1736668106,0.50010085105896,4812,-224663,876251
1736668109,0.5003957748413086,-1162925,-811393,626484
1736668110,0.5000863075256348,-219507,-216852,626484
1736668113,0.5012824535369873,-3050558,-2561996,1454077
1736668118,0.5010507106781006,-3155492,-2151249,1730107
1736668119,0.5004088878631592,-889050,-831455,1730107
1736668120,0.5002050399780273,-197908,-407028,1730107
1736668126,0.5000636577606201,-601714,-226492,1158268
1736668128,0.5011711120605469,-3360606,-2338833,1344972
1736668134,0.500281810760498,-1446175,-614978,1316102
1736668136,0.5007379055023193,-2143244,-1510104,1472058
1736668137,0.5002524852752686,-560690,-570523,1472058
1736668139,0.5007648468017578,-2023043,-1596729,1659469
1736668141,0.5006098747253418,-1386050,-1258896,1794264
1736668142,0.50008225440979,102392,-186269,1657085
1736668144,0.5000450611114502,-157183,-90184,1296161
1736668145,0.500006914138794,-30630,-10786,1248646
1736668146,0.5000026226043701,-14107,-3452,1248646
1736668149,0.5000016689300537,-21965,-6442,1149849
1736668152,0.5000581741333008,-178018,-129647,1044896
1736668154,0.5000498294830322,-184021,-103631,941247
1736668156,0.5000371932983398,-126118,-82898,941247
1736668158,0.5000920295715332,-256110,-185453,941247
1736668159,0.500037431716919,-65534,-71710,941247
1736668162,0.5000474452972412,-119885,-85807,941247
1736668163,0.500117301940918,-236145,-238032,1144876
1736668164,0.5000326633453369,3747,-68984,1144876
1736668167,0.5001764297485352,-327732,-344933,1796546
1736668168,0.5001611709594727,-338752,-454273,1796546
1736668170,0.5018949508666992,-5205523,-3873915,2180341
1736668171,0.5007548332214355,-1307237,-1537286,2180341
1736668172,0.5002329349517822,132397,-489823,2180341
1736668178,0.5015394687652588,-4499143,-3161717,1244725
1736668179,0.5004768371582031,-967593,-979910,1030815
1736668180,0.5001323223114014,45368,-257227,1030815
1736668181,0.5001800060272217,-67763,-356748,1244725
1736668186,0.5000183582305908,-52779,-48846,1290595
1736668188,0.5000326633453369,-193746,-62118,1156849
1736668192,0.500077486038208,-245957,-158726,1142184
1736668194,0.5000929832458496,-197320,-182937,1142184
1736668195,0.5000884532928467,-133342,-178155,1287021
1736668196,0.5000319480895996,22745,-62070,1287021
1736668197,0.5000166893005371,47841,-30151,1467153
1736668199,0.5000016689300537,59188,-4451,1467153
1736668203,0.5000383853912354,-119858,-103351,1370885
1736668205,0.5001084804534912,-401839,-217803,1218029
1736668206,0.5000600814819336,-184462,-120977,1218029
1736668207,0.5000104904174805,-25400,-17254,1090914
1736668208,0.5000126361846924,-29693,-29167,1090914
1736668211,0.5001678466796875,-503738,-342362,1028703
1736668212,0.5000464916229248,-110883,-100628,1026264
1736668214,0.5001060962677002,-258418,-222116,1032693
1736668217,0.5000402927398682,-102833,-82368,978147
1736668220,0.5001661777496338,-338889,-334896,1278833
1736668221,0.5000994205474854,-87666,-185340,1278833
1736668222,0.5002031326293945,-309457,-433431,1790838
1736668225,0.5003869533538818,-1133979,-809816,1437321
1736668227,0.5000078678131104,-60984,-16864,1003332
1736668229,0.5000426769256592,-135505,-87770,1003332
1736668232,0.5002858638763428,-836376,-577747,1035368
1736668233,0.5001749992370605,-361183,-353467,1035368
1736668234,0.5000965595245361,-94916,-195555,1144726
1736668235,0.5000267028808594,81007,-48107,1144726
1736668236,0.5000455379486084,3705,-101107,1299767
1736668242,0.5004732608795166,-1360530,-972257,1024876
1736668243,0.5001423358917236,-265971,-285857,1024876
1736668244,0.5000858306884766,-80725,-180402,1129356
1736668246,0.499997615814209,50355,-1605,970512
1736668248,0.500046968460083,-131866,-89144,1224324
1736668249,0.5000612735748291,-133230,-130068,1051959
1736668251,0.5001401901245117,-298686,-284421,1224324
1736668252,0.5000522136688232,-33278,-108619,1224324
1736668255,0.5002610683441162,-857520,-523415,1051959
1736668256,0.5001559257507324,-486903,-410054,1051959
1736668258,0.500866174697876,-2445923,-1767514,1148968
1736668259,0.5004050731658936,-791835,-847203,1148968
1736668263,0.5002620220184326,-706500,-537086,1065543
1736668264,0.5000717639923096,-99585,-142121,1065543
1736668265,0.5000565052032471,-18012,-90423,1065543
1736668266,0.5002889633178711,-497125,-574940,1423711
1736668270,0.5001144409179688,-462237,-225816,1223943
1736668271,0.5001077651977539,-318231,-220481,1223943
1736668272,0.5000150203704834,-31770,-29489,1141917
1736668276,0.5018336772918701,-5131351,-3751065,1515730
1736668277,0.5007996559143066,-1487295,-1646415,1623008
1736668278,0.5002188682556152,142516,-462792,1613231
1736668283,0.5000231266021729,4839,-43382,1141180
1736668284,0.5000102519989014,5514,-41255,1141180
1736668286,0.5001840591430664,-520741,-379286,1191038
1736668287,0.5000238418579102,-24471,-39238,1191038
1736668288,0.5000770092010498,-135033,-157142,1203539
1736668294,0.5000243186950684,-122070,-50320,826885
1736668296,0.5000417232513428,-136334,-89454,826885
1736668298,0.5000569820404053,-160247,-114259,804387
1736668299,0.5000176429748535,-28113,-30199,829027
1736668300,0.5000317096710205,-53946,-64466,851524
1736668302,0.5000574588775635,-111412,-116600,938797
1736668305,0.5000078678131104,-49615,-4979,938797
1736668306,0.5000905990600586,-218124,-188373,1028124
1736668310,0.5004048347473145,-1184183,-831211,900526
1736668311,0.5001075267791748,-213160,-215443,783243
1736668312,0.5000560283660889,-53806,-120037,783243
1736668314,0.5000243186950684,-37202,-50387,720795
1736668316,0.5001804828643799,-392447,-385626,1129585
1736668319,0.5003349781036377,-890965,-684987,1147269
1736668320,0.5001199245452881,-189892,-251204,1147269
1736668323,0.5001251697540283,-258721,-281562,1231581
1736668326,0.5003852844238281,-904389,-785436,1102320
1736668327,0.5001735687255859,-203056,-355420,1102320
1736668328,0.5000410079956055,133041,-80240,1102320
1736668329,0.5000214576721191,131989,-41379,1102320
1736668330,0.4999985694885254,130828,-2944,1102320
1736668334,0.5000259876251221,-67695,-48415,1027382
1736668341,0.5001204013824463,-387550,-267857,841693
1736668343,0.5002541542053223,-682185,-517112,859294
1736668344,0.5001189708709717,-196676,-236259,859294
1736668345,0.5001039505004883,-98438,-197023,1204383
1736668346,0.5001695156097412,-245739,-373856,1528533
1736668348,0.5001339912414551,-298164,-274586,1350667
1736668349,0.5000221729278564,34149,-31723,1350667
1736668350,0.5001266002655029,-201285,-256912,1528533
1736668351,0.5000391006469727,25288,-90724,1555528
1736668353,0.5000972747802734,-211956,-198388,1555528
1736668354,0.5000162124633789,20094,-29925,1555528
1736668355,0.5000083446502686,24097,-19894,1555528
1736668360,0.4999964237213135,-78536,-2251,1240838
1736668364,0.5001087188720703,-371137,-231539,976825
1736668366,0.5001423358917236,-355950,-281330,998162
1736668372,0.5001246929168701,-326402,-261466,1044034
1736668374,0.500042200088501,-96645,-88481,958845
1736668377,0.5000126361846924,-26939,-13507,849540
1736668378,0.500108003616333,-218189,-212839,1008696
1736668383,0.5001645088195801,-546675,-337366,847018
1736668384,0.5000240802764893,-101765,-56458,915900
1736668386,0.5002315044403076,-550194,-472205,915900
1736668387,0.5000524520874023,-94623,-181693,915900
1736668389,0.5005574226379395,-1617208,-1133627,915900
1736668390,0.5003023147583008,-613294,-614875,915900
1736668391,0.5001389980316162,-102883,-288452,1003136
1736668394,0.5001978874206543,-557693,-393074,976077
1736668395,0.5001637935638428,-375782,-378471,1079701
1736668397,0.5004427433013916,-1117493,-905934,1387022
1736668398,0.5001676082611084,-222851,-346540,1387022
1736668399,0.4999980926513672,177318,-13226,1166693
1736668401,0.5001158714294434,-424153,-375831,1331463
1736668403,0.5012912750244141,-3689080,-2620012,1331463
1736668404,0.5004942417144775,-1003462,-1041118,1112497
1736668407,0.5002303123474121,-610398,-464363,877753
1736668408,0.5001392364501953,-270578,-307663,877753
1736668410,0.5003266334533691,-738661,-676947,1129226
1736668413,0.5003707408905029,-777705,-826739,1483738
1736668415,0.5008139610290527,-1916175,-1661068,2036031
1736668416,0.5000734329223633,182824,-136921,1874076
1736668417,0.5001440048217773,-31512,-296410,1874076
1736668418,0.5000030994415283,247721,-26631,1874076
1736668422,0.5001354217529297,-585730,-276171,1104082
1736668423,0.500032901763916,-199202,-65362,1004824
1736668424,0.4999992847442627,-74577,-497,909455
1736668426,0.5000383853912354,-183967,-112915,909455
1736668429,0.5058190822601318,-17185506,-11919108,787794
1736668430,0.5026299953460693,-5535052,-5424306,736850
1736668431,0.5007286071777344,44178,-1505591,736850
1736668432,0.5001091957092285,1287166,-249350,727995
1736668437,0.5003063678741455,-1003326,-719182,773829
1736668439,0.5010535717010498,-2833013,-2104043,884371
1736668444,0.5006225109100342,-1998906,-1285420,884371
1736668445,0.5001296997070312,-383294,-269480,528406
1736668447,0.5000059604644775,-44053,-8960,528406
1736668448,0.5000066757202148,-28336,-6459,528406
1736668449,0.5000038146972656,-108445,-95068,528406
1736668451,0.5009009838104248,-2529330,-1798653,672900
1736668456,0.5000796318054199,-259234,-150282,1250239
1736668457,0.5001564025878906,-340494,-309312,1490573
1736668463,0.5000410079956055,-261413,-121051,999479
1736668465,0.5003070831298828,-930138,-611194,999479
1736668468,0.5000107288360596,-160127,-18494,924629
1736668469,0.5000076293945312,-99115,-5520,924629
1736668470,0.5000741481781006,-213283,-149423,1014774
1736668471,0.5000193119049072,-38436,-38561,1014774
1736668473,0.5000014305114746,-9518,-5986,961382
1736668477,0.5003972053527832,-1111345,-814633,1051721
1736668478,0.5001320838928223,-238179,-274870,1051721
1736668480,0.5000095367431641,47240,-14217,1051721
1736668481,0.5000267028808594,-4749,-52034,1051721
1736668482,0.5000030994415283,47178,-1532,1106113
1736668483,0.5000231266021729,-1954,-36511,1106113
1736668484,0.5000910758972168,-151665,-186808,1230054
1736668487,0.5000483989715576,-70037,-93562,1444543
1736668490,0.5000965595245361,-305480,-218350,1336185
1736668493,0.5000228881835938,-165725,-41128,943907
1736668494,0.5000343322753906,-139819,-64939,943907
1736668495,0.5000383853912354,-109902,-76968,943907
1736668499,0.5000619888305664,-167641,-124933,876463
1736668500,0.5000131130218506,-14899,-22483,857757
1736668501,0.5000178813934326,-21494,-33548,1022358
1736668502,0.5000007152557373,8297,-10205,1022358
1736668504,0.5001366138458252,-348150,-279988,999975
1736668505,0.5000302791595459,-22413,-58696,999975
1736668506,0.5000109672546387,23044,-19963,969214
1736668509,0.5000922679901123,-342389,-186847,969214
1736668510,0.5000309944152832,-111741,-58916,892651
1736668511,0.5000262260437012,-69267,-49964,892651
1736668512,0.500016450881958,-28586,-30063,797383
1736668513,0.5000104904174805,-14567,-24620,797383
1736668516,0.4999845027923584,-84930,-53862,772428
1736668518,0.500769853591919,-2215040,-1574928,843320
1736668519,0.5003325939178467,-697476,-721876,907485
1736668521,0.500251054763794,-671672,-623723,907485
1736668523,0.5009458065032959,-2625281,-1935812,845994
1736668524,0.5004205703735352,-774786,-872901,898193
1736668525,0.5000464916229248,246045,-84506,795419
1736668526,0.5000960826873779,56978,-199760,1036490
1736668530,0.5000641345977783,-80857,-131155,1253425
1736668532,0.5000901222229004,-165530,-215577,1416481
1736668536,0.5012671947479248,-3095322,-2619295,1435449
1736668537,0.500298261642456,-168924,-621494,1086770
1736668541,0.5003745555877686,-1104331,-764349,1024586
1736668542,0.5001521110534668,-370174,-361492,937185
1736668544,0.5004079341888428,-1079506,-836170,937185
1736668545,0.5001518726348877,-219687,-300203,929571
1736668549,0.500176191329956,-560468,-350616,838966
1736668550,0.5001537799835205,-359090,-317379,953506
1736668551,0.4999840259552002,55716,-10300,953506
1736668555,0.5013563632965088,-3147060,-2847287,1121004
1736668559,0.5008876323699951,-1485696,-1800048,1294754
1736668560,0.5005125999450684,-286875,-1046936,1294754
1736668561,0.5002317428588867,360891,-485233,1609540
1736668568,0.500159502029419,-713031,-316973,813715
1736668569,0.5001430511474609,-468799,-286650,813715
1736668570,0.5000956058502197,-238929,-197420,813715
1736668574,0.5013494491577148,-3852405,-2773692,1018059
1736668575,0.5004842281341553,-962872,-1039881,911563
1736668577,0.5003983974456787,-823901,-817151,911563
1736668578,0.500138521194458,-46505,-286926,945445
1736668582,0.500974178314209,-2696937,-1945398,972915
1736668586,0.500009298324585,-396814,-6990,889932
1736668587,0.5001041889190674,-468120,-197340,1067687
1736668588,0.5001773834228516,-493971,-363627,1067687
1736668589,0.500037431716919,-58346,-76193,1067687
1736668593,0.5002548694610596,-592996,-506574,994305
1736668597,0.5005745887756348,-1790831,-1170436,869254
1736668598,0.5002996921539307,-704724,-621578,914462
1736668599,0.500023603439331,84160,-44111,914462
1736668602,0.5000884532928467,-175799,-169841,1027807
1736668603,0.5001201629638672,-206394,-253176,1094078
1736668605,0.5000545978546143,-71506,-114845,1125152
1736668608,0.5000526905059814,-104979,-112562,1125152
1736668610,0.5000417232513428,-90324,-82238,1147051
1736668611,0.5000202655792236,-15866,-34877,1147051
1736668612,0.500037431716919,-62698,-86469,1187769
1736668614,0.5000317096710205,-108749,-60449,1083124
1736668618,0.5001802444458008,-471975,-370631,1165825
1736668619,0.5000336170196533,-23674,-63922,1111430
1736668624,0.5000295639038086,-306505,-55564,1111430
1736668626,0.5002908706665039,-759994,-601005,1165825
1736668627,0.5000414848327637,-13038,-82047,1076675
1736668628,0.5000135898590088,46457,-26463,969566
1736668633,0.5000605583190918,-222113,-129488,875944
1736668635,0.500037431716919,-131497,-70438,919938
1736668636,0.5000531673431396,-123436,-101826,919938
1736668637,0.5000648498535156,-111942,-127363,1012843
1736668638,0.5000553131103516,-62458,-111461,1012843
1736668639,0.5000090599060059,45774,-21967,1012843
1736668642,0.5001139640808105,-229769,-228891,1203627
1736668643,0.5000548362731934,-65626,-133679,1203627
1736668646,0.50028395652771,-843954,-577355,1124358
1736668647,0.5001423358917236,-307162,-293749,1060709
1736668648,0.5000066757202148,65632,-13104,1058022
1736668650,0.500037431716919,-61978,-85855,1058022
1736668652,0.5000112056732178,-61610,-20075,1058022
1736668655,0.5003557205200195,-993289,-725433,1068458
1736668656,0.5001697540283203,-316609,-346740,1068458
1736668657,0.5000569820404053,14603,-110511,1084014
1736668661,0.4999978542327881,-19555,-16375,1228755
1736668663,0.5002486705780029,-672101,-514637,1234381
1736668664,0.5000314712524414,-16321,-60487,1134298
1736668665,0.5000159740447998,12383,-36679,1134298
1736668669,0.500037670135498,-133883,-72100,972855
1736668673,0.5001735687255859,-519183,-355479,923625
1736668674,0.5000481605529785,-106429,-98480,923625
1736668677,0.5001707077026367,-498764,-357653,949298
1736668682,0.5010371208190918,-2841422,-2134157,1075301
1736668683,0.5003435611724854,-580053,-725215,965153
1736668685,0.5000412464141846,85865,-86239,929100
1736668687,0.5000355243682861,12198,-68023,970908
1736668691,0.5000317096710205,-141432,-60163,804365
1736668694,0.5000336170196533,-256633,-171420,804365
1736668696,0.5009171962738037,-2616559,-1865686,876729
1736668697,0.5005025863647461,-1077927,-1112022,1210015
1736668699,0.5008020401000977,-1942924,-1661458,1457353
1736668700,0.5001471042633057,-11762,-313174,1457353
1736668702,0.5001089572906494,-105849,-212638,1457353
1736668703,0.5001225471496582,-113163,-251706,1457353
1736668704,0.500023365020752,128922,-43570,1452093
1736668710,0.5000400543212891,-130623,-83453,1383672
1736668712,0.500070333480835,-158066,-133656,1504529
1736668713,0.5001099109649658,-191689,-214698,1768164
1736668714,0.5001215934753418,-179035,-259551,1768164
1736668718,0.5016281604766846,-4491807,-3343994,2308174
1736668719,0.5006086826324463,-1137744,-1337473,2308174
1736668721,0.5005033016204834,-1195268,-1009132,2340038
1736668722,0.5003776550292969,-708011,-880456,2340038
1736668724,0.5006160736083984,-1864430,-1292360,1632089
1736668727,0.5006937980651855,-2010441,-1420040,1100113
1736668728,0.5002264976501465,-441492,-454223,1397265
1736668729,0.5001087188720703,-209304,-354482,1397265
1736668731,0.5010716915130615,-3015202,-2213724,1232005
1736668732,0.5002765655517578,-472559,-575641,853087
1736668735,0.5001187324523926,-184645,-241448,950879
1736668736,0.5000388622283936,29175,-83021,960396
1736668741,0.5012376308441162,-3358569,-2536285,1736530
1736668742,0.5005791187286377,-969777,-1155063,1736530
1736668746,0.5000896453857422,-417805,-185959,1402540
1736668748,0.500077486038208,-263546,-177865,1402540
1736668752,0.5000884532928467,-325507,-174115,1000581
1736668753,0.5000576972961426,-216320,-162580,1000581
1736668755,0.5004150867462158,-1184093,-851930,1045012
1736668756,0.500014066696167,6012,-17053,1045012
1736668757,0.5000956058502197,-166941,-188203,1013453
1736668758,0.5000522136688232,-106711,-178055,1048031
1736668760,0.5005924701690674,-1647799,-1220994,1095410
1736668761,0.5001771450042725,-278141,-345676,1095410
1736668762,0.5002245903015137,-313015,-463992,1267809
1736668763,0.5000271797180176,176115,-68767,1267809
1736668767,0.500105619430542,-302309,-207131,1101162
1736668768,0.5001115798950195,-232874,-228389,1329182
1736668769,0.5000219345092773,25666,-39711,1329182
1736668770,0.4999842643737793,3211,-54466,1329182
1736668772,0.5006973743438721,-1986477,-1417042,1329182
1736668773,0.5004150867462158,-832573,-859081,1568674
1736668774,0.500042200088501,170795,-105485,1568674
1736668776,0.500248908996582,-646812,-512399,1662348
1736668777,0.5000591278076172,-59234,-118864,1296736
1736668778,0.500009298324585,46048,-31353,1296736
1736668780,0.5000119209289551,-81901,-31648,1207635
1736668784,0.5000219345092773,-157327,-35901,896641
1736668785,0.5000593662261963,-212244,-138017,885167
1736668787,0.5001049041748047,-327319,-211523,885167
1736668788,0.5000536441802979,-123818,-106218,830326
1736668789,0.5000312328338623,-41532,-61077,915515
1736668790,0.4999866485595703,14664,-17341,970356
1736668792,0.500408411026001,-1108527,-813607,970356
1736668797,0.5006318092346191,-1752990,-1295140,1321434
1736668798,0.5002655982971191,-480897,-548944,1321434
1736668799,0.5000491142272949,112886,-99430,1321434
1736668800,0.4999961853027344,175794,-2656,1321434
1736668803,0.5002083778381348,-650360,-424468,1233835
1736668804,0.5000827312469482,-189385,-158601,1233835
1736668805,0.5001132488250732,-202764,-228796,1432112
1736668806,0.5000479221343994,-13504,-100365,1432112
1736668808,0.500068187713623,-116914,-155406,1432112
1736668811,0.5013253688812256,-3923292,-2726867,1233835
1736668812,0.5005061626434326,-1058348,-1038911,1074739
1736668813,0.5000057220458984,282341,-15726,870200
1736668817,0.5000903606414795,-256525,-182037,805513
1736668818,0.500025749206543,-83329,-85799,813592
1736668820,0.500422477722168,-1205129,-864797,847791
1736668821,0.5001728534698486,-332728,-353935,826988
1736668822,0.5000500679016113,18352,-102673,826988
1736668826,0.5004701614379883,-1379327,-964618,917386
1736668827,0.5001740455627441,-370560,-369649,917386
1736668829,0.5001213550567627,-237772,-226632,917386
1736668830,0.5002453327178955,-436634,-496825,1135224
1736668831,0.5001449584960938,-106583,-297765,1326464
1736668832,0.5000197887420654,169688,-53469,1326464
1736668834,0.5000574588775635,-94462,-118521,1326464
1736668837,0.5006847381591797,-1928850,-1401687,1632755
1736668838,0.5003182888031006,-603507,-654999,1612281
1736668839,0.5000998973846436,45479,-187065,1944114
1736668840,0.5001983642578125,-174558,-393458,1944114
1736668845,0.500014066696167,-275671,-4183,1300768
1736668846,0.5002155303955078,-628430,-439643,1632601
1736668847,0.500079870223999,-176663,-176405,1632601
1736668852,0.5014331340789795,-4242745,-2966480,1251847
1736668853,0.5003516674041748,-727099,-723657,842114
1736668854,0.5001072883605957,3364,-211324,676076
1736668860,0.5000388622283936,-146431,-77955,609415
1736668864,0.5000369548797607,-84106,-60030,724974
1736668865,0.5001401901245117,-287585,-288741,863043
1736668866,0.5000176429748535,52013,-35418,863043
1736668869,0.5000636577606201,-132363,-153166,959439
1736668871,0.5001778602600098,-495518,-366439,959439
1736668872,0.5000307559967041,-42181,-61757,959439
1736668874,0.5000030994415283,14027,-4418,976390
1736668877,0.5000166893005371,-96799,-60425,951217
1736668879,0.5003359317779541,-922716,-694506,982404
1736668880,0.5000698566436768,-87949,-136554,951217
1736668883,0.5000481605529785,-87635,-99067,985689
1736668886,0.500593900680542,-1817288,-1253815,984993
1736668888,0.5004978179931641,-1250701,-1018909,939801
1736668889,0.500218391418457,-312592,-456010,939801
1736668895,0.5000975131988525,-216989,-183394,933310
1736668896,0.5001704692840576,-327713,-359215,1208833
1736668898,0.5001747608184814,-321076,-380415,1462063
1736668900,0.5002486705780029,-529058,-493930,1577185
1736668906,0.5003199577331543,-1048203,-655062,1237462
1736668907,0.5001235008239746,-332683,-254003,1237462
1736668908,0.5000200271606445,-15347,-36472,1096525
1736668914,0.5003128051757812,-917475,-639335,1043114
1736668915,0.5001139640808105,-273911,-271013,1043114
1736668917,0.5001416206359863,-588179,-408000,981979
1736668919,0.5002562999725342,-1401892,-394035,975354
1736668920,0.5013585090637207,-3391521,-2804231,1105773
1736668921,0.500408411026001,-414456,-844622,1105773
1736668922,0.5000813007354736,382547,-171956,1105773
1736668925,0.5000464916229248,65833,-103520,1387372
1736668928,0.5000193119049072,-23174,-72375,1151189
1736668930,0.5001227855682373,-425256,-242153,884384
1736668934,0.5000948905944824,-358430,-194698,850955
1736668935,0.5000176429748535,-79617,-23414,850955
1736668936,0.5000643730163574,-229554,-197236,976305
1736668938,0.5004000663757324,-1293361,-800785,976305
1736668939,0.5003385543823242,-818957,-714390,976305
1736668941,0.5002176761627197,-389399,-435873,1009199
1736668942,0.500169038772583,-191465,-354758,1099139
1736668944,0.5000057220458984,117722,-15592,1099139
1736668947,0.5002789497375488,-688285,-601422,1415509
1736668950,0.5001883506774902,-527224,-380493,1092139
1736668951,0.5000815391540527,-159050,-170487,1092139
1736668955,0.5007567405700684,-2259565,-1542164,996470
1736668956,0.5004212856292725,-918726,-879194,996470
1736668957,0.5000216960906982,186147,-49939,963610
1736668960,0.5000081062316895,40562,-14380,865010
1736668963,0.5000262260437012,-74382,-43809,990328
1736668964,0.5000662803649902,-158743,-150485,990328
1736668967,0.5000710487365723,-248808,-140073,912273
1736668968,0.5000557899475098,-145819,-111726,1027534
1736668969,0.5000250339508057,-22745,-32398,1027534
1736668970,0.5001778602600098,-351296,-367772,1144516
1736668971,0.5000231266021729,72047,-49818,1144516
1736668974,0.5006136894226074,-1780703,-1269457,1058741
1736668975,0.5001654624938965,-304915,-327879,1080628
1736668978,0.5000426769256592,-21251,-92848,1211901
1736668981,0.5003557205200195,-1063704,-732555,1187632
1736668982,0.5001199245452881,-237976,-225938,1187632
1736668983,0.5002117156982422,-382295,-441650,1452251
1736668991,0.500150203704834,-408190,-304630,896242
1736668992,0.5000748634338379,-127545,-146442,896242
1736668997,0.500096321105957,-232053,-199644,1011447
1736668999,0.5000443458557129,-65339,-87790,1030323
1736669000,0.5000183582305908,8696,-33357,1030323
1736669001,0.5000207424163818,1573,-37871,1142029
1736669002,0.5000197887420654,-4935,-43907,1142029
1736669004,0.5001351833343506,-273368,-266817,1336228
1736669010,0.5000133514404297,-72696,-36716,1336228
1736669013,0.5000028610229492,-106393,-2510,1064376
1736669015,0.4999785423278808,-129769,-57804,1103186
1736669017,0.500809907913208,-2389752,-1663796,1103186
1736669018,0.5002772808074951,-701935,-692905,1103186
1736669020,0.5010340213775635,-2731702,-2064793,1103186
1736669025,0.5000228881835938,-229756,-35340,1336986
1736669026,0.5000913143157959,-306151,-180662,1369853
1736669027,0.5000786781311035,-183841,-150197,1369853
1736669028,0.5001108646392822,-206252,-227761,1538751
1736669029,0.5000269412994385,50198,-33186,1538751
1736669030,0.5001888275146484,-376655,-444980,2089077
1736669035,0.5002679824829102,-721927,-544583,1330465
1736669036,0.500152587890625,-263770,-303004,1257050
1736669037,0.500126838684082,-157119,-275484,1474108
1736669039,0.5000147819519043,12551,-30803,1474108
1736669042,0.5001907348632812,-621777,-392752,1322662
1736669043,0.5000443458557129,-135174,-92682,1078118
1736669045,0.5000078678131104,-52273,-33853,1078118
1736669048,0.5004589557647705,-1071657,-914319,1401637
1736669052,0.5002005100250244,-803483,-425555,1326899
1736669054,0.5001506805419922,-592277,-444278,1326899
1736669056,0.5008687973022461,-2639222,-1755768,1399604
1736669057,0.5006308555603027,-1396688,-1305001,1399604
1736669058,0.5001652240753174,-12630,-339949,1346618
1736669059,0.500030517578125,261727,-69381,1346618
1736669063,0.5000193119049072,-45000,-35837,1322199
1736669064,0.500011682510376,-24397,-28734,1322199
1736669067,0.5000672340393066,-187915,-134618,1210104
1736669068,0.5000319480895996,-67994,-71071,1196606
1736669072,0.5000567436218262,-166320,-137914,1184282
1736669075,0.5002753734588623,-763268,-563512,1141456
1736669076,0.5001046657562256,-196817,-226041,1113567
1736669078,0.5000684261322021,-147987,-152121,1046654
1736669080,0.5000791549682617,-203600,-162586,1046654
1736669081,0.4999792575836181,14794,-5272,1046654
1736669083,0.5004782676696777,-1377387,-1044726,1381990
1736669085,0.5006630420684814,-1601265,-1367469,1677840
1736669086,0.5002198219299316,-206359,-452943,1593481
1736669087,0.5000476837158203,193988,-114503,1593481
1736669089,0.5000412464141846,-15763,-73939,1677697
1736669090,0.5000905990600586,-123554,-186459,1718360
1736669091,0.5000059604644775,87581,-12390,1718360
1736669100,0.5000708103179932,-259226,-151956,987605
1736669102,0.500164270401001,-457842,-401937,1259640
1736669104,0.5004327297210693,-1262650,-894322,1055226
1736669105,0.5001158714294434,-220464,-230931,1055226
1736669106,0.5000855922698975,-104166,-180772,1069688
1736669108,0.500054121017456,-62212,-112463,1080644
1736669112,0.5000467300415039,-131267,-90304,1025527
1736669117,0.5008270740509033,-2342700,-1704155,1052774
1736669118,0.5003125667572021,-576708,-640973,1050380
1736669119,0.5001158714294434,-10641,-247919,1144945
1736669121,0.5002284049987793,-346857,-469446,1583681
1736669122,0.500049352645874,86800,-139846,1583681
1736669126,0.50028395652771,-856759,-592804,1023644
1736669127,0.5000128746032715,-29247,-22320,1023644
1736669128,0.500014066696167,-20151,-21998,1023644
1736669129,0.5000457763671875,-78602,-86494,1023644
1736669130,0.5000615119934082,-94952,-126425,1034435
1736669134,0.5000383853912354,-115416,-71828,1037928
1736669135,0.5000531673431396,-120343,-111379,1037928
1736669138,0.500032901763916,-77307,-62723,1046100
1736669141,0.5001354217529297,-309082,-269352,1216194
1736669142,0.5001113414764404,-175389,-228384,1461275
1736669143,0.5000176429748535,67857,-37755,1461275
1736669145,0.5000405311584473,-62607,-97733,1534131
1736669148,0.500037431716919,-201129,-142754,1275411
1736669151,0.5006706714630127,-1740351,-1379073,1484684
1736669152,0.5002474784851074,-388426,-549253,1484684
1736669154,0.5001788139343262,-382756,-381750,1272212
1736669156,0.5000076293945312,22776,-1867,1064615
1736669157,0.5000975131988525,-183812,-201622,1299519
1736669158,0.5000016689300537,65230,-7724,1262729
1736669164,0.500309944152832,-959356,-630720,1065099
1736669165,0.5001678466796875,-377693,-336864,1127692
1736669166,0.500119686126709,-175227,-247706,1065099
1736669167,0.5000042915344238,108487,-16560,1065099
1736669172,0.5003342628479004,-916524,-694274,1027220
1736669173,0.5000567436218262,-63133,-115840,1027220
1736669174,0.5000040531158447,71037,-610,1011460
1736669175,0.5000426769256592,-31574,-81910,976462
1736669179,0.5000388622283936,-111442,-77161,977267
1736669180,0.5000052452087402,-18751,-17902,977267
1736669183,0.5004596710205078,-1431663,-943695,749673
1736669184,0.5000224113464355,-291587,-233118,804478
1736669186,0.5016288757324219,-4682474,-3361392,841956
1736669187,0.5005357265472412,-1003196,-1086856,804478
1736669188,0.5003409385681152,-326551,-711170,804478
1736669189,0.5000302791595459,408729,-73855,804478
1736669192,0.5000238418579102,27060,-40488,916514
1736669193,0.5000543594360352,-55859,-115289,945697
1736669197,0.500572681427002,-1689838,-1173829,871880
1736669198,0.5002603530883789,-526496,-517439,829808
1736669201,0.5006742477416992,-2116652,-1386737,871880
1736669202,0.5002338886260986,-629385,-534466,871880
1736669204,0.5005431175231934,-1425532,-1114006,840782
1736669205,0.5002379417419434,-370388,-486522,840639
1736669206,0.5000994205474854,19218,-208032,840639
1736669211,0.5000686645507812,-155969,-136424,881077
1736669212,0.500037670135498,-53969,-81215,881077
1736669215,0.5001542568206787,-416689,-312642,920604
1736669216,0.5000813007354736,-148172,-169132,1092114
1736669222,0.5017526149749756,-4252416,-3625537,1138561
1736669223,0.5005245208740234,-434743,-1083588,956860
1736669225,0.5000059604644775,502856,-29765,956860
1736669228,0.5000269412994385,-30401,-51779,826016
1736669229,0.4999794960021972,8423,-22075,895256
1736669231,0.5004422664642334,-1289651,-881257,895256
1736669235,0.500187873840332,-541361,-387042,859823
1736669236,0.5000548362731934,-99200,-107289,900482
1736669237,0.500042200088501,-45908,-83757,900482
1736669238,0.5000078678131104,27263,-24358,900482
1736669241,0.5000452995300293,-101965,-67929,1045414
1736669242,0.5002140998840332,-450810,-447364,1045414
1736669244,0.5000174045562744,51533,-36187,959398
1736669246,0.5000829696655273,-137831,-170949,1123909
1736669254,0.5000114440917969,-59285,-12766,1009495
1736669255,0.5000550746917725,-169953,-141219,1009495
1736669257,0.5002219676971436,-647331,-459136,1085104
1736669258,0.5000548362731934,-98401,-104405,1010272
1736669259,0.5000684261322021,-107695,-143219,1009524
1736669263,0.4999487400054931,-92223,-50361,1024317
1736669265,0.5012955665588379,-3730967,-2671339,1072363
1736669266,0.5005025863647461,-983812,-1043474,1072363
1736669267,0.5001044273376465,144314,-210492,1072363
1736669268,0.499988317489624,203825,-107686,1072363
1736669270,0.5009369850158691,-2635161,-1935575,1072363
1736669271,0.5002856254577637,-496343,-587305,1012296
1736669272,0.5000996589660645,32055,-207810,1080739
1736669275,0.5009849071502686,-2809567,-2031329,1058889
1736669276,0.5003213882446289,-689911,-754543,1058889
1736669278,0.5007138252258301,-1822109,-1473948,1058889
1736669279,0.5002453327178955,-315777,-514248,1058889
1736669286,0.5000560283660889,-189562,-133351,988433
1736669290,0.5008397102355957,-2035957,-1730133,1208423
1736669291,0.5003116130828857,-341823,-646786,1148814
1736669292,0.5000574588775635,292368,-115142,1148814
1736669293,0.5000238418579102,270029,-49770,1326892
1736669300,0.5000543594360352,-179364,-108162,1012947
1736669301,0.5000307559967041,-76397,-59004,1029302
1736669302,0.5000224113464355,-40104,-45630,1029302
1736669305,0.5000150203704834,-90110,-26770,1012947
1736669308,0.5001893043518066,-533439,-388558,1030343
1736669309,0.5000410079956055,-74802,-89952,961344
1736669313,0.5004599094390869,-1203276,-960192,1256938
1736669314,0.5000622272491455,3787,-114112,1133292
1736669315,0.5001249313354492,-130311,-247074,1299019
1736669316,0.5001132488250732,-82919,-238775,1503380
1736669319,0.5000953674316406,-91672,-199408,1644120
1736669325,0.499997615814209,-134088,-47189,1388375
1736669327,0.5004076957702637,-1195628,-844364,1388375
1736669328,0.5000772476196289,-174869,-182293,1119293
1736669330,0.5000855922698975,-260627,-170824,1105511
1736669331,0.5000543594360352,-122257,-110642,1012303
1736669332,0.5000028610229492,17615,-7447,973657
1736669335,0.5000224113464355,-93902,-38484,973657
1736669336,0.4999663829803467,-120955,-93708,1047944
1736669338,0.5012500286102295,-3652405,-2567601,1047944
1736669339,0.5005760192871094,-1178147,-1189065,1047944
1736669340,0.5001859664916992,-19126,-383488,1047944
1736669341,0.5000138282775879,354533,-15567,1516493
1736669342,0.5000958442687988,75558,-188182,1516493
1736669345,0.5001797676086426,-632622,-382150,1277606
1736669347,0.5002102851867676,-552624,-427649,1249492
1736669348,0.5001084804534912,-188345,-229157,1296984
1736669353,0.5000350475311279,-118902,-64440,1046383
1736669354,0.5000660419464111,-147641,-128850,1097865
1736669358,0.5000588893890381,-189914,-112073,1092747
1736669359,0.5000717639923096,-179171,-158304,1124656
1736669361,0.5000619888305664,-180392,-129892,1091440
1736669363,0.5001192092895508,-255718,-243708,1271555
1736669364,0.500035285949707,-12085,-76791,1254362
1736669368,0.5002198219299316,-688960,-454885,1042843
1736669369,0.5000510215759277,-122839,-95452,1042843
1736669370,0.5000782012939453,-158914,-168379,1194814
1736669372,0.500201940536499,-418852,-419877,1350455
1736669373,0.5000202655792236,78392,-48288,1350455
1736669376,0.5000638961791992,-156065,-135067,1350455
1736669378,0.5000572204589844,-132529,-127645,1350455
1736669383,0.5000066757202148,-93775,-39363,1059712
1736669385,0.5001776218414307,-565882,-353630,1059712
1736669386,0.5001497268676758,-357310,-314823,1059712
1736669390,0.5003681182861328,-846307,-756121,1172092
1736669391,0.5001509189605713,-155336,-319042,1172092
1736669394,0.5003707408905029,-1037688,-770782,1172092
1736669395,0.5000612735748291,-61626,-106026,1145104
1736669396,0.500173807144165,-304233,-367121,1259357
1736669401,0.5000126361846924,-98893,-33905,992700
1736669403,0.5000624656677246,-207685,-123573,946430
1736669404,0.5000448226928711,-112276,-90469,946430
1736669405,0.5000097751617432,-3264,-15140,972529
1736669406,0.5000138282775879,-19835,-32690,972529
1736669408,0.5000479221343994,-116401,-90002,972529
1736669409,0.500072717666626,-137919,-146440,1106136
1736669410,0.5000228881835938,-15174,-65071,1106136
1736669413,0.5002899169921875,-781632,-608462,1204731
1736669417,0.5000975131988525,-215453,-199505,1298069
1736669418,0.5000348091125488,-6540,-55228,1298069
1736669419,0.5001323223114014,-227529,-278179,1509503
1736669422,0.500199556350708,-572630,-508172,1633350
1736669424,0.5006418228149414,-1814535,-1351202,1633350
1736669426,0.5000221729278564,5861,-48039,1147919
1736669428,0.5000021457672119,5771,-3984,1031058
1736669432,0.4999911785125732,-45635,-1467,909764
1736669434,0.500190019607544,-539678,-387595,952474
1736669435,0.5000677108764648,-131683,-141504,952474
1736669440,0.5013349056243896,-3232873,-2777100,1097213
1736669441,0.500291109085083,-98901,-612990,952474
1736669448,0.500943660736084,-2566453,-2239723,1022312
1736669450,0.5052759647369385,-15318766,-10959002,898447
1736669451,0.5012531280517578,-2255924,-2491789,898447
1736669452,0.5013108253479004,-1784403,-2697046,911761
1736669453,0.5005748271942139,231411,-1216553,1334455
1736669460,0.5005431175231934,-1596738,-1131076,1059273
1736669461,0.5000989437103271,-217548,-230907,826891
1736669463,0.5002450942993164,-575337,-486893,944729
1736669467,0.500046968460083,-170498,-120207,1010536
1736669469,0.5000500679016113,-230885,-93709,1010536
1736669470,0.5000767707824707,-218722,-150811,1010536
1736669471,0.5000686645507812,-144409,-142115,941125
1736669473,0.4999806880950928,-46260,-69747,1010536
1736669475,0.5007977485656738,-2294263,-1639959,1018945
1736669476,0.5003516674041748,-695764,-729739,1018945
1736669477,0.5000708103179932,72170,-170534,1018945
1736669479,0.5001308917999268,-241137,-264801,1126764
1736669480,0.5000677108764648,-55509,-151514,1126764
1736669484,0.500868558883667,-2565721,-1823131,1126764
1736669486,0.500502347946167,-1087824,-1056964,1329054
1736669487,0.4999737739562988,282100,-13387,1036021
1736669489,0.500551700592041,-1395776,-1141842,1329054
1736669490,0.5001447200775146,-180957,-345756,1329054
1736669492,0.5001287460327148,-328490,-243277,1140039
1736669493,0.5002400875091553,-478257,-491591,1391791
1736669494,0.5000925064086914,-51881,-208692,1391791
1736669497,0.5007719993591309,-2231928,-1579376,1244880
1736669498,0.5002949237823486,-614381,-631408,1244880
1736669500,0.4999589920043945,-5527,-73016,1100523
1736669502,0.5012094974517822,-3519685,-2558912,1272159
1736669504,0.5006482601165771,-1462631,-1352086,1272159
1736669505,0.5001130104064941,79877,-248367,1100523
1736669508,0.5006215572357178,-1770871,-1440580,1364979
1736669510,0.5014383792877197,-3701572,-2955602,2122226
1736669511,0.5006554126739502,-1039059,-1403561,2122226
1736669515,0.5002250671386719,-764495,-450749,1222980
1736669516,0.5001826286315918,-464401,-380003,1222980
1736669517,0.500018835067749,21576,-33347,1222980
1736669518,0.500028133392334,-4702,-53152,1222980
1736669522,0.5000889301300049,-440470,-163212,1075241
1736669523,0.5001823902130127,-517483,-372366,1075241
1736669524,0.5000693798065186,-162186,-172314,942752
1736669526,0.5002000331878662,-545404,-421059,942752
1736669528,0.5001156330108643,-214369,-232882,1125861
1736669529,0.500070333480835,-59418,-142241,1125861
1736669530,0.500023365020752,45000,-55649,1145950
1736669533,0.5000231266021729,-45932,-49476,1145950
1736669537,0.5001435279846191,-338225,-266614,1221665
1736669538,0.5003089904785156,-615268,-645124,1543770
1736669539,0.5000193119049072,144598,-69839,1424413
1736669542,0.50003981590271,-113601,-75678,1230688
1736669543,0.5000500679016113,-89900,-86058,1230688
1736669544,0.5001285076141357,-262726,-285854,1464556
1736669548,0.5000772476196289,-277681,-159106,1096618
1736669549,0.4999806880950928,-47523,-12252,1096618
1736669551,0.5006616115570068,-1650610,-1320192,1591999
1736669554,0.5006060600280762,-2144539,-1246858,1370331
1736669555,0.5002458095550537,-776087,-521768,1370331
1736669557,0.5003533363342285,-775226,-729550,1690593
1736669558,0.5000994205474854,-52158,-239049,1690593
1736669562,0.5000655651092529,-218525,-137876,1489524
1736669565,0.5005812644958496,-1642061,-1209068,1489524
1736669566,0.5001039505004883,-229088,-288714,1142323
1736669569,0.5005772113800049,-1546170,-1200353,1010757
1736669570,0.5001475811004639,-178217,-296251,821791
1736669571,0.5000936985015869,-48578,-220077,1010757
1736669574,0.5005495548248291,-1597281,-1168715,1010757
1736669576,0.500572919845581,-1242578,-1212523,1555735
1736669578,0.4999992847442627,204052,-4410,1169598
1736669581,0.5000138282775879,-79160,-32494,1259602
1736669584,0.5003290176391602,-955550,-685014,1046086
1736669585,0.5000715255737305,-111064,-127193,1046086
1736669586,0.5001776218414307,-316023,-365471,1254650
1736669587,0.5000534057617188,34649,-109606,1254650
1736669590,0.500197172164917,-399793,-409109,1613241
1736669591,0.5000431537628174,46304,-82950,1613241
1736669596,0.5001707077026367,-665396,-354376,973353
1736669597,0.5000286102294922,-169422,-58021,853110
1736669601,0.5007452964782715,-2233662,-1542055,716958
1736669602,0.5002584457397461,-546606,-525098,677573
1736669603,0.5001394748687744,-149336,-291809,716958
1736669605,0.5000035762786865,123475,-4893,716958
1736669608,0.5000364780426025,-48123,-69318,802796
1736669613,0.500333309173584,-958223,-696738,928579
1736669616,0.500497579574585,-1380868,-1032585,917402
1736669617,0.500105619430542,-152263,-218241,917402
1736669618,0.5000102519989014,94557,-17100,1027396
1736669621,0.5001533031463623,-236747,-320037,1027396
1736669624,0.5000472068786621,-55435,-100563,1027396
1736669630,0.5000007152557373,-123383,-31698,811984
1736669632,0.5003089904785156,-863048,-636536,811984
1736669633,0.5001049041748047,-181476,-213878,811984
1736669634,0.5000407695770264,13923,-72922,907305
1736669635,0.5000729560852051,-84589,-167257,971247
1736669638,0.5001511573791504,-368488,-314116,1060917
1736669639,0.5000183582305908,25817,-30357,1121822
1736669640,0.5000412464141846,-30886,-79315,1121822
1736669643,0.5004894733428955,-1240734,-1119924,1830151
1736669645,0.5007224082946777,-1869869,-1513745,1830151
1736669646,0.5000772476196289,10585,-194251,1451319
1736669648,0.5001952648162842,-452289,-403000,1467689
1736669649,0.500046968460083,-20607,-107005,1467689
1736669654,0.5000395774841309,-210841,-86986,953128
1736669656,0.5000965595245361,-280912,-199629,975716
1736669657,0.5000059604644775,2121,-870,1045053
1736669658,0.5000636577606201,-136249,-138603,1045053
1736669661,0.5001671314239502,-352498,-344949,1428293
1736669662,0.5000452995300293,13187,-85014,1428293
1736669663,0.5000700950622559,-37423,-131667,1428293
1736669664,0.5001087188720703,-124519,-229990,1660394
1736669669,0.5000529289245605,-326012,-115491,1223170
1736669672,0.5001251697540283,-373552,-257180,1004465
1736669673,0.500042200088501,-73223,-68917,1004465
1736669674,0.5001380443572998,-272185,-289845,1246116
1736669676,0.5000004768371582,54564,-7214,1246116
1736669678,0.5000848770141602,-191200,-170764,1490911
1736669679,0.5000498294830322,-55230,-92154,1490911
1736669680,0.5000767707824707,-109435,-162928,1490911
1736669682,0.4999885559082031,-9383,-49126,1528588
1736669685,0.5010638236999512,-3256803,-2256151,1187456
1736669687,0.5005755424499512,-1287589,-1187849,1187456
1736669688,0.5002310276031494,-172280,-458817,1187456
1736669694,0.5015308856964111,-4467454,-3157834,1802479
1736669695,0.5006513595581055,-1333408,-1364025,1785633
1736669696,0.5000903606414795,242247,-188392,1785633
1736669705,0.5000121593475342,-109271,-24699,797591
1736669708,0.5000934600830078,-244555,-193895,859920
1736669709,0.499910831451416,11207,-11500,797591
1736669711,0.5014467239379883,-4218542,-2982376,894298
1736669712,0.5006365776062012,-1298332,-1327729,894298
1736669713,0.5001306533813477,141100,-277796,894298
1736669716,0.5013868808746338,-3990609,-2870450,896994
1736669717,0.5004990100860596,-959365,-1036389,767939
1736669718,0.5001323223114014,76616,-288217,735053
1736669720,0.5000333786010742,102089,-78613,817160
1736669723,0.500016450881958,-12581,-33039,817160
1736669727,0.5000967979431152,-216311,-204891,890778
1736669732,0.5011959075927734,-3007933,-2489337,1368256
1736669733,0.5003161430358887,-245090,-628874,1085903
1736669736,0.500011682510376,134729,-20115,1275571
1736669741,0.5000364780426025,-133466,-75654,1020913
1736669745,0.5004022121429443,-1057971,-826068,1245553
1736669746,0.5001795291900635,-290452,-375940,1280831
1736669747,0.4999992847442627,172611,-13,1280831
1736669749,0.5000290870666504,1823,-56492,1280831
1736669750,0.5000042915344238,32653,-25115,1280831
1736669753,0.5006325244903564,-1981878,-1298287,938634
1736669754,0.5003039836883545,-725796,-636768,938634
1736669755,0.5000264644622803,74218,-54493,928948
1736669758,0.4999208450317383,-64983,-128567,928948
1736669760,0.5023839473724365,-6724442,-4764659,1033252
1736669765,0.5008797645568848,-2734545,-1857401,1203073
1736669766,0.4999771118164062,-73442,-16661,375432
1736669768,0.500403881072998,-1184125,-793143,769759
1736669769,0.5004844665527344,-1031883,-996138,1107525
1736669770,0.5002012252807617,-172421,-446241,1107525
1736669773,0.5000290870666504,-6311,-56219,1027966
1736669774,0.5000231266021729,14176,-37625,1027966
1736669775,0.500065803527832,-85307,-132855,1228761
1736669776,0.5000252723693848,18628,-54512,1228761
1736669779,0.5000953674316406,-186195,-192415,1342822
1736669780,0.500049352645874,-38802,-100880,1342822
1736669781,0.500002384185791,71706,-2013,1342822
1736669785,0.500762939453125,-2222778,-1577685,1474883
1736669786,0.5002970695495605,-571178,-592918,1460050
1736669787,0.500267744064331,-363386,-556480,1716914
1736669788,0.5000593662261963,174670,-127439,1716914
1736669792,0.500267505645752,-715026,-576752,1716914
1736669796,0.5008683204650879,-2663326,-1782498,1100430
1736669797,0.5003952980041504,-998239,-916408,1100430
1736669799,0.5005953311920166,-1624211,-1307504,1100430
1736669801,0.5006387233734131,-1631935,-1329819,1022041
1736669802,0.5001621246337891,-151804,-339269,862094
1736669803,0.5000088214874268,221878,-11128,862094
1736669804,0.5000343322753906,97559,-68884,1022041
1736669805,0.5000076293945312,131873,-5302,1022041
1736669806,0.5000543594360352,-31407,-129020,1179748
1736669810,0.5004513263702393,-1173719,-929834,1346266
1736669811,0.5001926422119141,-274074,-382305,1346266
1736669815,0.5001516342163086,-493656,-308109,1267167
1736669816,0.5000343322753906,-195633,-158183,1267167
1736669818,0.5005342960357666,-1638703,-1121563,1233212
1736669819,0.5000569820404053,-139914,-114385,753790
1736669820,0.500023365020752,-31209,-47654,753790
1736669822,0.5001380443572998,-263342,-272696,1009624
1736669826,0.5000388622283936,-148324,-76134,1023186
1736669827,0.5000088214874268,-65816,-38123,1157795
1736669829,0.5002622604370117,-666319,-540531,1306417
1736669830,0.5000872611999512,-126415,-200523,1306417
1736669833,0.5002760887145996,-768766,-559665,1264877
1736669834,0.5001673698425293,-347449,-368978,1264877
1736669837,0.5000452995300293,-183560,-82667,932404
1736669838,0.5000808238983154,-210522,-164697,969304
1736669839,0.5000088214874268,-32637,-49968,969304
1736669841,0.5001833438873291,-556341,-371402,951666
1736669842,0.5001120567321777,-245829,-227792,951666
1736669843,0.500018835067749,-48088,-103800,981137
1736669845,0.500546932220459,-1450716,-1146248,1334077
1736669846,0.5000910758972168,-38485,-169231,1028932
1736669847,0.5001664161682129,-201438,-343730,1388834
1736669848,0.5000379085540771,112413,-90310,1388834
1736669851,0.5007147789001465,-1977948,-1473785,1537650
1736669852,0.5002479553222656,-463532,-552753,1537650
1736669856,0.5000627040863037,-235055,-127893,916269
1736669857,0.5000057220458984,-57652,-21006,995497
1736669861,0.5002179145812988,-522474,-448288,1014401
1736669862,0.5000832080841064,-89964,-172520,1014401
1736669863,0.5000035762786865,105164,-4382,1014401
1736669868,0.5008413791656494,-2485569,-1729762,1068782
1736669869,0.5004026889801025,-854314,-844177,1002215
1736669870,0.5000457763671875,149348,-96810,988779
1736669877,0.5000438690185547,-109263,-90299,905300
1736669880,0.5002002716064453,-509821,-408447,1092794
1736669881,0.5000944137573242,-159287,-210859,1092794
1736669884,0.5000724792480469,-158883,-148701,804222
1736669885,0.5000073909759521,19171,-18312,804222
1736669887,0.500049352645874,-101556,-92868,854634
1736669888,0.5000646114349365,-121101,-142880,910262
1736669890,0.5000350475311279,-67048,-56353,1016637
1736669891,0.5001165866851807,-228239,-237659,1089748
1736669892,0.5000441074371338,-24221,-102112,1089748
1736669895,0.5000491142272949,-144369,-100311,983899
1736669900,0.5000252723693848,-98266,-44175,901479
1736669901,0.500044584274292,-123354,-98742,901479
1736669903,0.5000391006469727,-113475,-84117,921229
1736669906,0.500450611114502,-1269469,-938979,1006027
1736669907,0.5001034736633301,-164313,-214664,1006027
1736669908,0.5000183582305908,80628,-19017,1006027
1736669909,0.5001404285430908,-195316,-270773,1255747
1736669910,0.5001959800720215,-254624,-388675,1481990
1736669914,0.5000975131988525,-249509,-199734,1662193
1736669915,0.5000159740447998,-31574,-56652,1662193
1736669918,0.5000076293945312,-277702,-22791,1034939
1736669920,0.500032901763916,-251728,-67668,824252
1736669923,0.5000669956207275,-278741,-85129,1009664
1736669924,0.5004258155822754,-996240,-886250,1144363
1736669925,0.5000979900360107,-31390,-220272,1194501
1736669927,0.5001876354217529,-369119,-418009,1338663
1736669929,0.5001509189605713,-358077,-313099,1305025
1736669930,0.5000274181365967,10906,-51539,1305025
1736669937,0.5000977516174316,-348936,-199420,1100247
1736669938,0.5000436305999756,-125193,-80357,1100247
1736669939,0.500067949295044,-148599,-141321,1100247
1736669945,0.5002486705780029,-750632,-498749,1057278
1736669946,0.5001914501190186,-442048,-415355,1106461
1736669948,0.5002319812774658,-505145,-478650,1275063
1736669949,0.5000588893890381,-2571,-127620,1275063
1736669954,0.5001006126403809,-269174,-224209,1071811
1736669956,0.5000448226928711,-134797,-86601,1071811
1736669958,0.4999318122863769,-8783,-1027,1006781
1736669960,0.5009489059448242,-2790223,-1972978,1071811
1736669961,0.5002968311309814,-586095,-605917,1071811
1736669962,0.5001635551452637,-144209,-339860,1006781
1736669963,0.5000269412994385,181128,-57785,1037039
1736669968,0.5001745223999023,-459298,-366799,1003960
1736669970,0.5000345706939697,-34957,-66156,1079577
1736669973,0.50003981590271,-71355,-79346,1084354
1736669974,0.5000138282775879,3128,-26269,1084354
1736669976,0.500016450881958,-20436,-36139,1265135
1736669981,0.5002808570861816,-630622,-590943,1503178
1736669982,0.4999854564666748,124703,-24805,1322249
1736669984,0.5002627372741699,-772510,-545172,1322249
1736669985,0.5000643730163574,-120852,-125267,1322249
1736669988,0.5000336170196533,-79477,-80593,1392445
1736669991,0.5000185966491699,-83737,-34897,938994
1736669992,0.5000083446502686,-37467,-13748,938994
1736669995,0.5006663799285889,-1994379,-1382422,915019
1736669996,0.5001609325408936,-474509,-460866,877334
1736669998,0.5001661777496338,-838078,-242215,797406
1736669999,0.5008533000946045,-2120151,-1775711,877334
1736670000,0.5002403259277344,-212961,-504567,716153
1736670001,0.5000185966491699,324339,-31155,701879
1736670002,0.500035285949707,182082,-76110,890683
1736670004,0.500014066696167,63347,-54859,1002028
1736670006,0.5000989437103271,-273216,-194867,1002028
1736670009,0.5004141330718994,-1276269,-880987,1002028
1736670011,0.50008225440979,-176105,-127841,1284311
1736670012,0.5003407001495361,-715292,-719859,1284311
1736670014,0.5000159740447998,106481,-33339,1324880
1736670016,0.4999511241912842,-8978,-70239,1324880
1736670018,0.5010855197906494,-3191521,-2243183,1324880
1736670019,0.5004324913024902,-921280,-930398,1215026
1736670022,0.5002644062042236,-438108,-555327,1092725
1736670023,0.5000154972076416,203365,-45286,1092725
1736670029,0.5000700950622559,-206328,-142112,827801
1736670030,0.5000274181365967,-51929,-49611,827801
1736670031,0.5000383853912354,-71453,-84714,895289
1736670033,0.5000317096710205,-67451,-60164,1018033
1736670034,0.500030517578125,-46577,-59525,1018033
1736670035,0.5000112056732178,-237,-27158,953157
1736670038,0.5002846717834473,-873722,-590053,907507
1736670039,0.50008225440979,-194550,-172998,825314
1736670041,0.5000748634338379,-221709,-234421,907507
1736670043,0.5004885196685791,-1373626,-1012764,907507
1736670044,0.500169038772583,-283222,-334448,831441
1736670047,0.5000202655792236,-101184,-35138,908571
1736670048,0.5000455379486084,-112294,-76603,908571
1736670049,0.5000863075256348,-270031,-268028,1081475
1736670051,0.5004911422729492,-1427224,-1013233,1081475
1736670052,0.5002000331878662,-401376,-415552,945816
1736670053,0.5000529289245605,35433,-99156,945816
1736670054,0.500077486038208,-26916,-150875,1081475
1736670055,0.5000698566436768,-32479,-164513,1226821
1736670057,0.5000195503234863,-35497,-29139,1113509
1736670058,0.5000689029693604,-139998,-144289,1192409
1736670062,0.5000107288360596,-38366,-22771,1113509
1736670065,0.500816822052002,-2336539,-1689571,1323054
1736670066,0.5003118515014648,-602806,-656799,1323054
1736670067,0.500011682510376,195859,-38976,1116715
1736670069,0.5000009536743164,27195,-6067,1195615
1736670071,0.5001296997070312,-324292,-305543,1273066
1736670073,0.5001237392425537,-360126,-239473,1210277
1736670074,0.5001652240753174,-337672,-325057,1343236
1736670075,0.5001735687255859,-273132,-361818,1517343
1736670076,0.5000245571136475,116800,-53826,1517343
1736670078,0.5000016689300537,67719,-325,1454554
1736670083,0.5003013610839844,-1048215,-605979,1258125
1736670084,0.5002355575561523,-620897,-493126,1202911
1736670085,0.5000269412994385,-1030,-59528,1102464
1736670088,0.5000543594360352,-205720,-101724,1006569
1736670089,0.5000765323638916,-205472,-163192,1006569
1736670092,0.5000042915344238,-18609,-5310,876506
1736670095,0.5000128746032715,-56052,-20605,1006569
1736670096,0.500025749206543,-70863,-52232,1006569
1736670099,0.5000879764556885,-263272,-194032,917794
1736670102,0.5014288425445557,-4079186,-2967402,1145403
1736670103,0.5005030632019043,-929989,-1041961,1073469
1736670104,0.5001728534698486,18085,-372884,1073469
1736670107,0.5002739429473877,-699817,-568778,1059801
1736670108,0.5000400543212891,-13558,-92464,1136617
1736670110,0.5000929832458496,-185815,-191271,1102061
1736670111,0.5000181198120117,16445,-44756,1059801
1736670113,0.5000498294830322,-108754,-99924,1059801
1736670114,0.4999623298645019,-19542,-43338,1059801
1736670116,0.500805139541626,-2349567,-1663164,1102061
1736670117,0.5003352165222168,-684213,-702680,1102061
1736670118,0.5000393390655518,135723,-88008,1102061
1736670120,0.5000507831573486,-17448,-109153,1102061
1736670125,0.5001804828643799,-441890,-375481,1128934
1736670126,0.5000302791595459,-812,-66970,1124139
1736670128,0.5000095367431641,7926,-7307,971215
1736670129,0.5000693798065186,-137698,-150553,1173327
1736670132,0.5000419616699219,-134358,-76855,946303
1736670133,0.5000696182250977,-156493,-139297,1121746
1736670134,0.5000338554382324,-55061,-84813,1121746
1736670137,0.5001270771026611,-365855,-244466,949692
1736670138,0.500164270401001,-363059,-351427,1176716
1736670145,0.500023603439331,-102644,-54144,969456
1736670147,0.500067949295044,-183231,-136126,903538
1736670148,0.5000410079956055,-70689,-78553,903538
1736670149,0.5000388622283936,-50752,-79823,990121
1736670151,0.5000154972076416,-7650,-33545,990121
1736670155,0.5000874996185303,-256983,-171769,968748
1736670156,0.5000860691070557,-180199,-172080,1055736
1736670157,0.500054121017456,-73377,-119318,1055736
1736670162,0.5028150081634521,-6463464,-5856059,1299791
1736670163,0.5009331703186035,-644947,-1976581,1299791
1736670164,0.5000183582305908,1466835,-58283,1295203
1736670169,0.5003221035003662,-870922,-666168,1115694
1736670170,0.5000824928283691,-116608,-173130,1115694
1736670173,0.5000114440917969,15079,-20707,1078058
1736670174,0.500004768371582,27874,-3388,1111509
1736670175,0.5000054836273193,-27806,-50706,1111509
1736670178,0.5004067420959473,-1045616,-842200,1212308
1736670179,0.5001339912414551,-183959,-294228,1212308
1736670183,0.50003981590271,-134009,-95240,986979
1736670187,0.5000174045562744,-113770,-29165,763868
1736670188,0.5000369548797607,-120829,-70355,763868
1736670191,0.5001435279846191,-428765,-283921,813941
1736670192,0.500129222869873,-292321,-276107,813941
1736670194,0.500016450881958,3120,-21852,891304
1736670195,0.5000720024108887,-156558,-180594,994183
1736670197,0.5002889633178711,-697618,-587878,1128406
1736670198,0.5001680850982666,-267013,-366558,1239397
1736670200,0.5000209808349609,21666,-43169,1170104
1736670202,0.4999997615814209,31405,-1640,1170104
1736670204,0.5000128746032715,-35774,-25273,1170104
1736670208,0.5001049041748047,-293829,-211840,1133465
1736670209,0.5000569820404053,-119673,-125833,1133465
1736670213,0.5000982284545898,-292482,-207276,1064073
1736670216,0.5002801418304443,-894166,-603931,920699
1736670219,0.5002775192260742,-662919,-592233,1042772
1736670222,0.5005497932434082,-1724577,-1296959,1042772
1736670224,0.5010631084442139,-2874386,-2209864,1042772
1736670225,0.5003533363342285,-546606,-744399,1042772
1736670226,0.5000312328338623,306722,-55053,932479
1736670227,0.5000560283660889,150595,-119164,1149112
1736670230,0.5001254081726074,-381300,-252021,1066370
1736670231,0.5000908374786377,-192484,-177595,1066370
1736670232,0.5000872611999512,-144375,-187232,1066370
1736670236,0.5000393390655518,-144277,-68347,852460
1736670237,0.5000832080841064,-215214,-182567,1012857
1736670239,0.500004768371582,-24850,-1430,969156
1736670240,0.5000395774841309,-96742,-80777,972520
1736670243,0.5001342296600342,-360487,-249658,1016511
1736670244,0.5002555847167969,-522114,-519431,1460235
1736670245,0.5001418590545654,-174609,-328561,1460235
1736670247,0.5000033378601074,-21861,-10144,1278406
1736670250,0.5000002384185791,-37445,-9315,1149482
1736670253,0.5000209808349609,-94054,-35156,928866
1736670254,0.5000410079956055,-123079,-92397,966372
1736670256,0.5000410079956055,-124324,-86189,1033399
1736670258,0.5000748634338379,-173986,-160352,1033399
1736670260,0.5000333786010742,-90386,-93574,1033399
1736670262,0.500140905380249,-418648,-293494,985605
1736670263,0.5000138282775879,-33913,-34354,999660
1736670265,0.5000548362731934,-150541,-118160,999660
1736670267,0.5000314712524414,-92045,-78091,938698
1736670269,0.5000762939453125,-223629,-151122,888189
1736670270,0.5000565052032471,-121270,-115852,888189
1736670271,0.5000076293945312,16731,-14232,888189
1736670273,0.5001003742218018,-173572,-184983,1144936
1736670274,0.5001974105834961,-328097,-391579,1517957
1736670280,0.5000526905059814,-345930,-189365,1200420
1736670282,0.5007774829864502,-2076269,-1551677,1344180
1736670288,0.5000665187835693,-288558,-133155,1267122
1736670289,0.5000288486480713,-141710,-72875,1267122
1736670293,0.500016450881958,-121096,-18090,1030477
1736670294,0.5000967979431152,-281385,-214707,1030477
1736670297,0.5000097751617432,-112612,-18555,859822
1736670299,0.5001072883605957,-281991,-231714,863808
1736670303,0.5002467632293701,-635131,-508674,925031
1736670304,0.5000925064086914,-132566,-196648,925031
1736670307,0.5000500679016113,-85671,-101312,1002107
1736670308,0.500014066696167,15083,-26259,1002107
1736670309,0.4999988079071045,34734,-2083,974655
1736670313,0.5000185966491699,-97928,-18854,1020012
1736670314,0.5001211166381836,-325213,-275518,1052974
1736670316,0.5002598762512207,-672321,-595110,1189561
1736670318,0.5004112720489502,-1030444,-887025,1421119
1736670321,0.5004692077636719,-1285668,-973324,1421119
1736670322,0.5001449584960938,-252914,-326270,1255262
1736670324,0.5000159740447998,-90092,-87889,1180766
1736670326,0.500335693359375,-942830,-681125,1117180
1736670327,0.5002198219299316,-444564,-465708,1180766
1736670329,0.5000145435333252,69011,-31259,1117180
1736670332,0.5002946853637695,-734981,-601864,1493285
1736670333,0.5001561641693115,-254699,-342076,1493285
1736670335,0.5000405311584473,-56049,-84675,1334989
1736670338,0.5007810592651367,-2420929,-1603744,1037570
1736670339,0.5003659725189209,-819392,-728486,1037570
1736670343,0.5003769397735596,-859874,-778454,1251304
1736670344,0.5001220703125,-64446,-240989,1251304
1736670350,0.5000040531158447,-45892,-4608,1223856
1736670352,0.5001516342163086,-327577,-300060,1481480
1736670357,0.5000624656677246,-249638,-125226,1199942
1736670358,0.5000391006469727,-119450,-69929,1320320
1736670359,0.5000672340393066,-167396,-153710,1320320
1736670361,0.5000159740447998,-216446,-174997,1370620
1736670363,0.5007696151733398,-2327826,-1607708,1172652
1736670364,0.5001978874206543,-426630,-404860,1124301
1736670365,0.5000951290130615,-95961,-202180,937070
1736670368,0.5009963512420654,-2956686,-2051914,911444
1736670369,0.5004847049713135,-1023332,-1005566,1008454
1736670370,0.5001668930053711,-56374,-345608,1008454
1736670371,0.5000391006469727,212207,-93939,1008454
1736670380,0.5005631446838379,-1686213,-1159277,719777
1736670381,0.5002715587615967,-575983,-554911,756094
1736670382,0.5001437664031982,-147940,-299663,924854
1736670383,0.5000202655792236,158976,-37129,924854
1736670385,0.5000393390655518,52741,-95671,985950
1736670388,0.5001416206359863,-356718,-290646,985950
1736670389,0.5000529289245605,-64405,-105349,1165669
1736670390,0.500028133392334,-1535,-61800,1165669
1736670393,0.5000617504119873,-123492,-131103,1165669
1736670396,0.5004391670227051,-1284967,-888196,1239032
1736670397,0.5003194808959961,-682341,-671060,1343616
1736670398,0.5000276565551758,115913,-77509,1343616
1736670403,0.5002098083496094,-585788,-437241,1114009
1736670404,0.5000436305999756,-57263,-84452,1114009
1736670405,0.5000348091125488,-36685,-81053,1078713
1736670407,0.5000045299530029,-22707,-9062,1015135
1736670410,0.5003211498260498,-827019,-667090,1241130
1736670411,0.5000848770141602,-106109,-194286,1241130
1736670414,0.5000107288360596,-127005,-88250,1092565
1736670416,0.5004258155822754,-1183385,-848141,1187704
1736670420,0.5000159740447998,-169801,-40362,1112597
1736670424,0.5001850128173828,-552571,-388263,968171
1736670425,0.4999921321868896,-26566,-28029,858750
1736670427,0.5000007152557373,-266919,-1680,867064
1736670429,0.5004410743713379,-1057954,-912045,968171
1736670430,0.5001623630523682,-192316,-363793,994609
1736670433,0.5002586841583252,-545345,-536173,1234676
1736670434,0.5000848770141602,-17088,-171519,1234676
1736670435,0.5000371932983398,73834,-85723,1467528
1736670440,0.5000357627868652,-203909,-58283,1139162
1736670441,0.5001060962677002,-303956,-219503,1139162
1736670442,0.4999938011169433,-35049,-41783,1055233
1736670444,0.5003111362457275,-916061,-651264,1055233
1736670445,0.5000629425048828,-115535,-125557,1012285
1736670446,0.5000345706939697,-36227,-80909,1089501
1736670448,0.5000290870666504,-86958,-73082,1089501
1736670451,0.5000371932983398,-125612,-74257,835955
1736670452,0.4999904632568359,-35470,-21798,906737
1736670454,0.5003113746643066,-863176,-643336,906737
1736670455,0.5001068115234375,-194497,-233610,906737
1736670457,0.5000028610229492,16453,-5064,853387
1736670459,0.5000317096710205,-62234,-63251,853387
1736670460,0.4999916553497314,12387,-7300,853387
1736670462,0.5001277923583984,-371632,-249275,897122
1736670463,0.5001344680786133,-311990,-301123,963134
1736670466,0.5004503726959229,-1058787,-945919,1386540
1736670467,0.500068187713623,58548,-146220,1386540
1736670469,0.4998624324798584,78194,-32874,1386540
1736670472,0.519810676574707,-48411127,-41235860,2195592
1736670473,0.5068755149841309,-7207164,-14555235,2195592
1736670474,0.5005106925964355,8069171,-1441049,1472038
1736670479,0.5152022838592529,-29038402,-32070026,14417133
1736670480,0.5021650791168213,6660112,-5083032,10813718
1736670484,0.5000898838043213,1383899,-211978,4292192
1736670490,0.5000598430633545,-808570,-90968,1268578
1736670491,0.5002419948577881,-981073,-506042,1593129
1736670492,0.5000531673431396,-280339,-99630,1593129
1736670493,0.500037431716919,-253621,-157014,1593129
1736670495,0.5003817081451416,-1175349,-774459,1430605
1736670496,0.5002627372741699,-593191,-544906,1430605
1736670497,0.5000760555267334,-44652,-174324,1430605
1736670502,0.500072717666626,-198047,-167532,1292246
1736670504,0.5001513957977295,-371864,-310484,1453252
1736670505,0.5000495910644531,-73707,-123886,1453252
1736670507,0.5003859996795654,-877354,-825991,1970359
1736670509,0.5000224113464355,81034,-30439,1970359
1736670510,0.5000240802764893,-128355,-215518,1970359
1736670512,0.5007603168487549,-2360691,-1585746,1736862
1736670513,0.500237226486206,-548516,-481779,1518596
1736670514,0.5001423358917236,-213038,-310855,1478226
1736670520,0.5002903938293457,-906810,-588131,1079795
1736670521,0.5001876354217529,-430034,-383398,1212160
1736670522,0.5000782012939453,-116226,-198600,1212160
1736670524,0.5000708103179932,-236738,-148510,1129949
1736670526,0.5001606941223145,-355419,-336900,1156732
1736670527,0.4999947547912597,63412,-24695,1156732
1736670529,0.5001764297485352,-495221,-361567,1101481
1736670530,0.5000588893890381,-144561,-159474,1112932
1736670533,0.500593900680542,-1417431,-1260775,1341399
1736670534,0.5000042915344238,267683,-891,1341399
1736670535,0.5000436305999756,113490,-74779,1112932
1736670536,0.5000901222229004,-69484,-223706,1341399
1736670541,0.50077223777771,-1744176,-1619762,1566956
1736670542,0.5000729560852051,240825,-158014,1459297
1736670544,0.5000560283660889,57055,-141276,1459297
1736670548,0.5000393390655518,-88704,-78524,1250951
1736670549,0.4999842643737793,-8918,-25350,1260175
1736670551,0.5002079010009766,-712528,-437871,1037844
1736670552,0.5000200271606445,-90125,-29227,912818
1736670553,0.5000782012939453,-186233,-152372,958384
1736670554,0.5000839233398438,-142194,-164203,1083409
1736670558,0.500018835067749,-49975,-46801,1150174
1736670561,0.500037670135498,-158812,-61683,961549
1736670562,0.5001139640808105,-283162,-233676,1150174
1736670563,0.5000486373901367,-51919,-87382,1150174
1736670564,0.5000829696655273,-140444,-191482,1307533
1736670567,0.5002977848052979,-881843,-592351,1076401
1736670571,0.5008225440979004,-2182503,-1697336,1328599
1736670572,0.5002708435058594,-478531,-648114,1328599
1736670574,0.5006117820739746,-1411516,-1269831,1817624
1736670575,0.5002272129058838,-188704,-470474,1817624
1736670576,0.5000817775726318,180844,-157537,2133778
1736670577,0.5000834465026855,80526,-203602,2133778
1736670582,0.5036706924438477,-9031681,-7641272,2036331
1736670583,0.5013487339019775,-1374965,-2694061,2036331
1736670589,0.5002131462097168,-820295,-432595,832746
1736670590,0.5001413822174072,-418931,-277320,832746
1736670591,0.5001482963562012,-328155,-312223,945442
1736670592,0.4999992847442627,75926,-6588,945442
1736670595,0.5002214908599854,-584346,-448334,984757
1736670596,0.5001339912414551,-274373,-313665,1040797
1736670598,0.500180721282959,-429788,-354260,1157287
1736670599,0.500175952911377,-365329,-418737,1295623
1736670601,0.500274658203125,-696128,-574062,1379629
1736670602,0.5000464916229248,-25191,-111963,1241293
1736670604,0.5001552104949951,-425103,-413867,1401747
1736670607,0.5006883144378662,-1977572,-1509206,1401747
1736670609,0.5007045269012451,-1717308,-1510628,1441953
1736670612,0.5001745223999023,-434984,-358031,851126
1736670613,0.5000746250152588,-100157,-153699,891534
1736670614,0.4999921321868896,57034,-26555,891534
1736670617,0.5004761219024658,-1319815,-992630,891534
1736670618,0.5001428127288818,-213455,-282214,891534
1736670623,0.5014894008636475,-3738292,-3100516,2153217
1736670624,0.5004942417144775,-538975,-1022687,2153217
1736670625,0.5001859664916992,223530,-421874,2221333
1736670629,0.5000238418579102,-55100,-66772,2003510
1736670634,0.500328779220581,-1006806,-703233,1605423
1736670636,0.5001466274261475,-377534,-310199,1464633
1736670639,0.5001850128173828,-458575,-371145,1605423
1736670640,0.5000779628753662,-254155,-304298,1639174
1736670642,0.5005054473876953,-1649340,-992262,1658515
1736670643,0.5005970001220703,-1401063,-1238787,1658515
1736670644,0.5002129077911377,-203342,-461385,1658515
1736670647,0.5001461505889893,-311245,-289038,1592761
1736670652,0.5023841857910156,-5599627,-4765138,1955756
1736670657,0.5013070106506348,-3964863,-2674900,2558874
1736670658,0.5006754398345947,-1516284,-1415780,2558874
1736670659,0.5001366138458252,50883,-303498,2558874
1736670663,0.5002484321594238,-862048,-528237,1972965
1736670669,0.4999597072601318,-153598,-12600,1220359
1736670671,0.5007345676422119,-2094512,-1541223,1482975
1736670674,0.5005557537078857,-1588183,-1151750,934325
1736670675,0.5002145767211914,-415596,-455618,934325
1736670678,0.5001654624938965,-343758,-342359,1034638
1736670679,0.500063419342041,-5857,-107586,1405980
1736670680,0.5001459121704102,-265315,-368801,1405980
1736670682,0.5004112720489502,-1026785,-875287,1603638
1736670689,0.5003185272216797,-835042,-654710,1137508
1736670690,0.5001399517059326,-234736,-304916,1332549
1736670692,0.5000872611999512,-162790,-215075,1137508
1736670694,0.500108003616333,-294119,-213385,1120514
1736670695,0.5001027584075928,-194572,-202074,1120514
1736670697,0.5001893043518066,-333920,-399793,1654840
1736670702,0.5000526905059814,-232789,-113948,1251852
1736670705,0.5000669956207275,-231309,-130953,1096851
1736670708,0.5000808238983154,-319725,-164033,1011804
1736670709,0.5000355243682861,-131207,-71433,1096851
1736670710,0.500009298324585,-28158,-7746,1096851
1736670711,0.5000638961791992,-143012,-131047,1096851
1736670712,0.5000057220458984,10247,-20692,1096851
1736670716,0.5000205039978027,-93862,-53793,920897
1736670719,0.5001206398010254,-313350,-243234,841448
1736670720,0.500067949295044,-118023,-141912,841448
1736670724,0.5003962516784668,-1169627,-823885,841448
1736670725,0.5000622272491455,-266199,-271345,841448
1736670727,0.5008091926574707,-2403718,-1751851,802816
1736670729,0.5007307529449463,-1704223,-1519764,1182272
1736670730,0.5002458095550537,-186955,-513763,1182272
1736670731,0.5000519752502441,274940,-107955,1182272
1736670737,0.5001044273376465,-223983,-212918,1269880
1736670738,0.5000431537628174,-40670,-96800,1269880
1736670740,0.5000238418579102,-70507,-80773,1269880
1736670744,0.5000402927398682,-180348,-69885,856522
1736670745,0.5000956058502197,-244122,-187763,996556
1736670750,0.5001442432403564,-383139,-304867,1030425
1736670752,0.500206708908081,-417159,-437218,1356415
1736670753,0.4999985694885254,141936,-3271,1253090
1736670756,0.5000743865966797,-339366,-138104,1016586
1736670757,0.5001192092895508,-350768,-251315,1001011
1736670759,0.5000462532043457,-92977,-94154,1001011
1736670760,0.5000014305114746,20073,-8997,1001011
1736670762,0.5000514984130859,-131726,-107000,1001011
1736670764,0.5000224113464355,-34259,-41575,1001011
1736670767,0.5003399848937988,-1042499,-703597,972893
1736670768,0.5000979900360107,-221350,-195198,932234
1736670769,0.5000731945037842,-117407,-157660,919018
1736670772,0.5000565052032471,-126315,-115204,929371
1736670773,0.5000123977661133,5462,-21321,959941
1736670774,0.5000126361846924,-240,-25385,929371
1736670777,0.5000133514404297,-53430,-31800,905852
1736670782,0.5001082420349121,-310326,-226858,759704
1736670783,0.5000085830688477,6856,-2774,778869
1736670784,0.5000855922698975,-166200,-173773,837422
1736670785,0.5000350475311279,-22505,-79938,884162
1736670787,0.5000677108764648,-140648,-147162,954677
1736670789,0.5000302791595459,-65594,-71314,954677
1736670792,0.5000565052032471,-235807,-131387,894070
1736670794,0.5002434253692627,-608222,-516819,1023647
1736670797,0.5000369548797607,-38669,-65771,1061764
1736670798,0.5000686645507812,-106836,-145539,1061764
1736670803,0.5002028942108154,-503359,-410887,990443
1736670804,0.5001266002655029,-219095,-277631,990443
1736670807,0.5000953674316406,-163623,-197416,884895
1736670808,0.5000135898590088,47569,-35311,884895
1736670813,0.5000209808349609,-99142,-38444,800900
1736670816,0.5000543594360352,-155317,-112491,704328
1736670817,0.4999916553497314,-3965,-7735,704328
1736670819,0.5001347064971924,-396116,-268267,787738
1736670820,0.5001158714294434,-239372,-230357,764165
1736670821,0.5000977516174316,-138890,-201687,916497
1736670822,0.5000152587890625,53495,-50969,907018
1736670824,0.500119686126709,-299610,-244347,992684
1736670825,0.5000569820404053,-75967,-110587,992684
1736670828,0.4999403953552246,-57205,-36720,1122834
1736670830,0.501065731048584,-3047160,-2211650,1237147
1736670831,0.5004158020019531,-792195,-870833,1237147
1736670832,0.5000865459442139,130297,-185999,1122834
1736670838,0.5002164840698242,-634799,-492046,1227651
1736670841,0.5008323192596436,-2450684,-1720286,933474
1736670842,0.5003643035888672,-770274,-775081,933474
1736670845,0.500340461730957,-983469,-834335,1084699
1736670847,0.50087571144104,-2289117,-1840066,1464141
1736670848,0.500164270401001,-120432,-358116,1054415
1736670851,0.50034499168396,-709836,-728566,1712182
1736670853,0.5000717639923096,4716,-148465,1590754
1736670854,0.5000088214874268,133848,-17918,1590754
1736670859,0.5010237693786621,-3211844,-2108770,1065623
1736670860,0.5005054473876953,-1191496,-1051975,1065623
1736670861,0.5001564025878906,-115644,-333572,1065623
1736670865,0.500525951385498,-1476727,-1084321,1065623
1736670866,0.5002396106719971,-470486,-521098,1065623
1736670869,0.5003223419189453,-748642,-683993,1402615
1736670871,0.5001652240753174,-259677,-349087,1464796
1736670878,0.500108003616333,-286384,-216652,1257778
1736670879,0.5000603199005127,-139536,-155719,1321591
1736670882,0.5000219345092773,-207877,-111611,981851
1736670884,0.5003423690795898,-1061751,-711366,981851
1736670885,0.5001142024993896,-260418,-228559,977214
1736670886,0.5000741481781006,-129622,-175888,921363
1736670888,0.5001301765441895,-332186,-278500,905633
1736670890,0.5000734329223633,-132653,-143585,905633
1736670894,0.5001859664916992,-455360,-376789,905633
1736670895,0.500114917755127,-184793,-242830,919946
1736670897,0.5000135898590088,32599,-39995,905633
1736670899,0.4999814033508301,-106420,-83150,867736
1736670901,0.5008449554443359,-2510556,-1765396,882049
1736670902,0.5002233982086182,-471865,-479871,939458
1736670904,0.5002799034118652,-538535,-585910,1139456
1736670905,0.5000395774841309,105326,-103609,906883
1736670908,0.5000467300415039,-84773,-90992,895388
1736670909,0.5000383853912354,-45762,-77413,944655
1736670910,0.500011682510376,25346,-20034,895388
1736670913,0.5002133846282959,-717148,-477231,885377
1736670915,0.5002627372741699,-730556,-537961,849149
1736670916,0.5001068115234375,-253506,-280077,885377
1736670918,0.5004947185516357,-1288349,-1025135,979057
1736670919,0.5001847743988037,-268491,-391782,1075628
1736670922,0.4999928474426269,4230,-67054,1019721
1736670924,0.500657320022583,-1756143,-1362267,1537792
1736670925,0.5002529621124268,-403749,-536716,1537792
1736670928,0.5001208782196045,-178927,-288613,1695681
1736670931,0.4999988079071045,-169705,-4414,1008184
1736670934,0.5000364780426025,-227564,-104737,982944
1736670936,0.5004255771636963,-1129490,-881311,1141208
1736670937,0.500166654586792,-255064,-345732,1141208
1736670938,0.5000312328338623,73199,-93988,1141208
1736670940,0.5000889301300049,-221501,-177295,1141208
1736670941,0.5000736713409424,-111559,-133803,1355574
1736670942,0.5001535415649414,-259923,-315635,1545826
1736670943,0.5000600814819336,11318,-122370,1588055
1736670944,0.5000004768371582,102448,-27845,1652489
1736670946,0.5001628398895264,-396091,-322168,1573449
1736670953,0.500030517578125,-233498,-51526,991601
1736670954,0.5000755786895752,-262749,-150827,962451
1736670955,0.5000536441802979,-143222,-110124,980837
1736670956,0.5000040531158447,-3515,-13384,951855
1736670958,0.5000178813934326,-62568,-32525,951855
1736670961,0.500586986541748,-1803236,-1205527,946005
1736670962,0.5003161430358887,-710486,-653748,946005
1736670963,0.5001153945922852,-94276,-250684,969282
1736670968,0.5007960796356201,-2197310,-1651604,1007354
1736670969,0.5003011226654053,-523119,-636606,1007354
1736670970,0.5000202655792236,231088,-39334,987682
1736670971,0.5000154972076416,196074,-5022,1132779
1736670972,0.5001757144927979,-228242,-370516,1392696
1736670973,0.4999942779541015,200916,-9830,1392696
1736670976,0.5001752376556396,-565075,-557790,1392696
1736670978,0.5013258457183838,-3514719,-2648472,1748522
1736670983,0.5000755786895752,-368620,-146754,2067011
1736670984,0.5000898838043213,-278242,-166962,2205135
1736670985,0.5001540184020996,-348532,-320725,2364042
1736670986,0.5000123977661133,18141,-58611,2364042
1736670990,0.5000379085540771,-308939,-83107,1345727
1736670992,0.5000526905059814,-241329,-119450,1292761
1736670994,0.5000748634338379,-297778,-211891,1317419
1736670996,0.5001916885375977,-650440,-380347,1144068
1736670999,0.5001046657562256,-342359,-222475,1197034
1736671001,0.5000483989715576,-151731,-128356,1366760
1736671003,0.500187873840332,-489297,-368208,1625859
1736671004,0.5002169609069824,-406840,-432540,1836868
1736671005,0.5001914501190186,-258265,-406017,1836868
1736671008,0.5000255107879639,32109,-57835,1836868
1736671010,0.5000143051147461,736,-24851,1942407
1736671011,0.5000028610229492,-11069,-36436,1942407
1736671016,0.5000333786010742,-354968,-59790,959087
1736671017,0.5000591278076172,-312717,-124029,959087
1736671020,0.500417947769165,-1270953,-856526,915500
1736671021,0.5002248287200928,-500900,-467759,894202
1736671022,0.5000607967376709,-11391,-128520,894202
1736671025,0.5000324249267578,-19079,-69036,984209
1736671028,0.500830888748169,-2500236,-1704388,894202
1736671029,0.500457763671875,-1004661,-958884,984209
1736671030,0.5000944137573242,41116,-214505,984209
1736671034,0.5002615451812744,-726645,-527209,829231
1736671035,0.5001964569091797,-393258,-411815,1016283
1736671036,0.5000195503234863,88031,-48504,1016283
1736671038,0.5000295639038086,-26484,-56308,1016283
1736671039,0.5000252723693848,-11407,-49176,1016283
1736671040,0.5000016689300537,24957,-16234,1016283
1736671042,0.5000033378601074,-51122,-1990,908677
1736671043,0.5000138282775879,-56813,-23018,908677
1736671044,0.5000157356262207,-60393,-43642,908677
1736671046,0.5000491142272949,-163673,-103266,856096
1736671048,0.4999980926513672,-22553,-6022,811670
1736671050,0.500035285949707,-133972,-63725,851066
1736671051,0.5000600814819336,-146509,-116454,954328
1736671052,0.5000581741333008,-112385,-126282,840855
1736671055,0.5000021457672119,-9401,-4123,820923
1736671057,0.5000016689300537,-63497,-49137,820923
1736671059,0.5001888275146484,-654314,-419213,798800
1736671061,0.5002923011779785,-737191,-610049,867589
1736671062,0.5000784397125244,-59234,-153249,867589
1736671065,0.4999983310699463,51022,-6927,1098462
1736671067,0.5001711845397949,-388953,-354623,1303270
1736671068,0.5000507831573486,-23068,-105424,1305686
1736671072,0.5005779266357422,-1687059,-1283800,1490274
1736671074,0.5006556510925293,-1677255,-1439735,1724161
1736671076,0.5005166530609131,-1158314,-1030166,1724161
1736671084,0.5000030994415283,-145341,-28764,1292488
1736671086,0.5001087188720703,-380665,-212291,1290715
1736671087,0.5001153945922852,-291634,-237459,1290715
1736671088,0.5000290870666504,-45126,-78441,1290715
1736671092,0.5000138282775879,-107320,-24452,1019503
1736671094,0.5001747608184814,-412916,-362244,1252679
1736671095,0.5000324249267578,-31140,-104343,1252679
1736671098,0.5008838176727295,-2556433,-1852366,1342462
1736671099,0.5002145767211914,-348178,-411041,1482104
1736671100,0.5002789497375488,-477160,-644476,1482104
1736671102,0.5004692077636719,-1018159,-984285,1815053
1736671103,0.500105619430542,63975,-207599,1815053
1736671108,0.5003228187561035,-1008272,-684064,1427783
1736671109,0.5000088214874268,-38459,-16732,1427783
1736671113,0.5002965927124023,-1003082,-662775,1237550
1736671115,0.500436544418335,-1093995,-911461,1323219
1736671116,0.5001180171966553,-99165,-244829,1323219
1736671117,0.5000264644622803,128251,-47163,1323219
1736671118,0.5000348091125488,47641,-89297,1323219
1736671125,0.5000293254852295,-175146,-68288,812330
1736671128,0.500098466873169,-270181,-206379,812330
1736671129,0.500004768371582,15533,-1719,788173
1736671130,0.5000357627868652,-60171,-72764,812330
1736671131,0.500006914138794,29543,-1101,930137
1736671132,0.5000717639923096,-128632,-150413,956294
1736671135,0.5009770393371582,-2791153,-2032455,1328205
1736671136,0.5003294944763184,-609319,-687967,1006841
1736671137,0.5000824928283691,100481,-160962,1006841
1736671138,0.500086784362793,61067,-170232,1327872
1736671144,0.5000462532043457,-156396,-93494,1045522
1736671145,0.4999804496765136,-38784,-22801,1006508
1736671147,0.500269889831543,-871217,-553034,941228
1736671148,0.500145673751831,-344546,-287728,976019
1736671155,0.5002720355987549,-825403,-573360,1031150
1736671156,0.5000367164611816,-53102,-48679,1145465
1736671157,0.5002002716064453,-384917,-396425,1248171
1736671158,0.5001521110534668,-286473,-413456,1492005
1736671161,0.5014796257019043,-3375721,-3074895,2143716
1736671162,0.5004792213439941,-331485,-1043375,2197738
1736671170,0.5001604557037354,-599662,-333667,1152250
1736671171,0.5000417232513428,-160707,-74610,1054050
1736671172,0.5000753402709961,-201633,-163748,1054050
1736671175,0.50010085105896,-224240,-209589,1152250
1736671176,0.5000228881835938,15270,-37351,1152250
1736671177,0.5000612735748291,-71288,-119328,1152250
1736671179,0.500025749206543,12378,-57049,1331267
1736671185,0.5000581741333008,-260106,-113038,872515
1736671187,0.5001187324523926,-310886,-241850,1056914
1736671188,0.5000514984130859,-75359,-99589,1056914
1736671189,0.5000576972961426,-58701,-105538,1039551
1736671190,0.500098705291748,-143841,-208289,1239280
1736671193,0.500251054763794,-708170,-534506,1329389
1736671197,0.5011186599731445,-3110322,-2308892,1617790
1736671198,0.5005323886871338,-984662,-1116328,1617790
1736671199,0.5001037120819092,207494,-219571,1617790
1736671204,0.5001940727233887,-566469,-393485,1393301
1736671205,0.5001184940338135,-259750,-256707,1393301
1736671207,0.500028133392334,-53686,-71004,1272755
1736671210,0.5000379085540771,-117131,-73151,1164151
1736671211,0.5000286102294922,-66098,-57257,1164225
1736671212,0.5000109672546387,1746,-9242,1164225
1736671213,0.5000746250152588,-151100,-161565,1343181
1736671217,0.5002083778381348,-559717,-455923,1164225
1736671219,0.5001022815704346,-228798,-198989,1127281
1736671220,0.500114917755127,-198781,-237611,1127281
1736671221,0.5000362396240234,36409,-62055,1127281
1736671222,0.5000743865966797,-89315,-176857,1295528
1736671226,0.5000102519989014,-101389,-24993,1110010
1736671229,0.5000631809234619,-247916,-169416,895898
1736671231,0.500206708908081,-610116,-429825,990023
1736671232,0.5000367164611816,-49859,-52603,1209990
1736671233,0.5001652240753174,-316323,-334025,1209990
1736671234,0.5001099109649658,-114627,-227225,1209990
1736671235,0.5000226497650146,101729,-45258,1209990
1736671241,0.500154972076416,-547125,-318521,1133694
1736671242,0.5000576972961426,-191603,-127136,963203
1736671247,0.5002214908599854,-569955,-451790,892127
1736671248,0.5000815391540527,-200345,-253167,1055518
1736671250,0.500443696975708,-1223661,-913103,1055518
1736671251,0.5002036094665527,-394754,-451294,1055518
1736671253,0.5001428127288818,-276211,-301637,1054972
1736671258,0.5001888275146484,-538376,-374471,1054972
1736671262,0.5001630783081055,-472026,-330498,1029358
1736671263,0.5000944137573242,-194341,-194421,1133147
1736671264,0.5000231266021729,13813,-44569,1133147
1736671265,0.4999847412109375,33661,-20578,1111645
1736671267,0.500274658203125,-785957,-557290,1231706
1736671268,0.50010085105896,-371060,-378180,1231706
1736671270,0.5009021759033203,-2735996,-1988944,1337450
1736671272,0.5014877319335938,-3472534,-2971878,2228242
1736671278,0.5008046627044678,-2554450,-1712434,2104861
1736671283,0.5002248287200928,-630265,-460235,1345082
1736671284,0.5000791549682617,-218304,-237354,1345082
1736671286,0.5003399848937988,-997138,-703166,1345082
1736671287,0.5001406669616699,-281912,-287081,1345082
1736671288,0.5000567436218262,-35274,-125017,1254602
1736671291,0.5004222393035889,-1145691,-874635,1400248
1736671292,0.5001606941223145,-268889,-341540,1400248
1736671294,0.5000367164611816,21194,-74769,1426896
1736671298,0.500025749206543,-116438,-62042,1311369
1736671300,0.5000216960906982,-156587,-92131,1231823
1736671302,0.5001411437988281,-542389,-294023,954696
1736671303,0.5000176429748535,-136049,-50400,882460
1736671306,0.5003666877746582,-1026649,-749868,901527
1736671307,0.5002090930938721,-400711,-431925,1062018
1736671308,0.5000135898590088,52146,-99281,1146595
1736671310,0.5005366802215576,-1418305,-1101948,1492420
1736671311,0.5002622604370117,-486976,-596111,1492420
1736671313,0.5003347396850586,-739469,-697999,1492420
1736671314,0.5000777244567871,-3713,-184083,1492420
1736671317,0.500098705291748,-223816,-194331,1446574
1736671321,0.5001137256622314,-541232,-224168,989644
1736671322,0.5001130104064941,-380814,-226120,989644
1736671323,0.5000782012939453,-209205,-168755,1048963
1736671327,0.5002899169921875,-737238,-576603,1152357
1736671332,0.5000841617584229,-661212,-90918,1334666
1736671333,0.5006394386291504,-1679982,-1308052,1407565
1736671334,0.5003764629364014,-655318,-787383,1407565
1736671335,0.5000743865966797,153575,-175085,1407565
1736671338,0.500523567199707,-1219451,-1070110,2008983
1736671339,0.5002379417419434,-301199,-517694,2179691
1736671341,0.5000941753387451,-64283,-204422,2183354
1736671347,0.5002162456512451,-804861,-475494,1621662
1736671350,0.5006954669952393,-2130224,-1552567,1495644
1736671352,0.5002942085266113,-999646,-564913,906547
1736671353,0.5004336833953857,-1029772,-894933,996348
1736671354,0.5001881122589111,-222295,-396387,996348
1736671355,0.5000030994415283,231447,-9334,996348
1736671361,0.5002691745758057,-695720,-551885,1150204
1736671362,0.5001349449157715,-218273,-283154,1150204
1736671363,0.5000033378601074,110713,-19650,1150204
1736671365,0.5000565052032471,-137681,-133143,1199421
1736671367,0.5001685619354248,-393606,-343721,1369900
1736671368,0.500086784362793,-123095,-191292,1369900
1736671370,0.5000104904174805,-74093,-103433,1372099
1736671372,0.5000789165496826,-510282,-111159,1372099
1736671373,0.5003945827484131,-1060578,-814540,1273917
1736671374,0.5001730918884277,-270125,-342260,1273917
1736671375,0.5001566410064697,-196180,-349353,1448079
1736671377,0.5000162124633789,22506,-35332,1273917
1736671380,0.5015535354614258,-4636445,-3229411,1195886
1736671381,0.5005602836608887,-1190593,-1174493,1137527
1736671382,0.5000417232513428,255386,-85692,966895
1736671385,0.500023603439331,131518,-49654,938046
1736671388,0.5008144378662109,-2472697,-1679255,770750
1736671389,0.500410795211792,-869759,-818126,770750
1736671394,0.5003454685211182,-1097889,-716018,716427
1736671395,0.500126838684082,-305807,-253303,716427
1736671396,0.5000977516174316,-166227,-205465,716427
1736671399,0.5000712871551514,-106427,-139443,859601
1736671403,0.500112771987915,-256777,-222254,1017921
1736671406,0.5005204677581787,-1518454,-1083649,1313414
1736671407,0.5001344680786133,-324264,-344995,1137676
1736671411,0.5011835098266602,-3012212,-2462412,1543655
1736671412,0.5004146099090576,-514682,-868546,1543655
1736671413,0.5000786781311035,331279,-176989,1543655
1736671418,0.500152587890625,-306098,-337341,1648615
1736671423,0.5000207424163818,-166182,-35788,1129970
1736671424,0.4999756813049316,-156384,-75845,1129970
1736671426,0.5003528594970703,-1412689,-611205,1129970
1736671427,0.5009970664978027,-2462233,-2084556,1448149
1736671428,0.5002708435058594,-222910,-583902,1448149
1736671432,0.5005607604980469,-1593424,-1184972,1271765
1736671433,0.4999210834503174,24024,-45551,920001
1736671435,0.5012993812561035,-3923877,-2849794,1286602
1736671437,0.5011322498321533,-2852545,-2332905,1286602
1736671438,0.5005483627319336,-843951,-1180074,1286602
1736671441,0.5001158714294434,104090,-247047,1144455
1736671446,0.5001070499420166,-352693,-216559,1086884
1736671447,0.5000636577606201,-154656,-124330,1086884
1736671450,0.5000977516174316,-219187,-212813,1289233
1736671453,0.5003790855407715,-1145709,-931725,1541618
1736671455,0.5009429454803467,-2547072,-1963813,1764138
1736671456,0.5003073215484619,-465785,-646648,1541618
1736671457,0.5000317096710205,252477,-68121,1477590
1736671463,0.5000660419464111,-310178,-132689,921842
1736671464,0.5000388622283936,-158776,-74340,921842
1736671465,0.500037670135498,-110143,-73340,921842
1736671466,0.500023365020752,-58589,-54829,921842
1736671468,0.5000369548797607,-98748,-68981,1020629
1736671469,0.5000457763671875,-97192,-97050,1020629
1736671472,0.5000481605529785,-90706,-97502,1006906
1736671473,0.5000138282775879,9644,-24364,1006906
1736671474,0.5000104904174805,4378,-26737,1006906
1736671476,0.5000429153442383,-104893,-88386,1023670
1736671478,0.5000095367431641,-26557,-33832,1023670
1736671480,0.5000998973846436,-283074,-214335,1176142
1736671483,0.5004231929779053,-1133652,-886106,1253421
1736671484,0.5000927448272705,-89374,-181924,1253421
1736671486,0.500098705291748,-89221,-208583,1471128
1736671492,0.5025131702423096,-8035874,-5094420,1471128
1736671493,0.5019028186798096,-4486895,-3956203,1471128
1736671494,0.5006887912750244,-676740,-1492117,1471128
1736671499,0.5000226497650146,-133442,-50476,878788
1736671501,0.5000934600830078,-262109,-204760,980511
1736671504,0.5000977516174316,-284006,-209350,873749
1736671507,0.5000088214874268,-99391,-86695,873749
1736671509,0.5005366802215576,-1480517,-1117763,1068949
1736671510,0.500173807144165,-262608,-344009,977448
1736671513,0.5000138282775879,-105763,-41670,962188
1736671515,0.5000569820404053,-193186,-99668,938264
1736671516,0.500136137008667,-345883,-310321,1088886
1736671519,0.5004992485046387,-1348746,-1029943,1088886
1736671520,0.5001356601715088,-189494,-275315,1109874
1736671521,0.5000767707824707,-20946,-163615,1109874
1736671527,0.5001277923583984,-316011,-276436,1132030
1736671530,0.5006883144378662,-2046263,-1413680,1065139
1736671531,0.5003206729888916,-777129,-758425,1065176
1736671533,0.5006003379821777,-1634401,-1268948,1150148
1736671536,0.5002551078796387,-805780,-727541,1032830
1736671538,0.5013458728790283,-3773342,-2800067,1050910
1736671539,0.5003464221954346,-824599,-983327,1050910
1736671541,0.5017108917236328,-4663769,-3552907,1158469
1736671542,0.5006716251373291,-1114982,-1403250,1158469
1736671543,0.5000369548797607,551977,-70786,1158469
1736671548,0.5007309913635254,-1930762,-1517301,1178738
1736671549,0.5002734661102295,-418727,-584494,1041369
1736671553,0.5001025199890137,-204052,-207838,999212
1736671554,0.5000472068786621,-43155,-108157,1073135
1736671556,0.5000486373901367,-103854,-107922,1073135
1736671559,0.5001516342163086,-408082,-322752,1073135
1736671561,0.5002408027648926,-486679,-501107,1477857
1736671562,0.5000627040863037,22173,-138259,1477857
1736671564,0.5000135898590088,33788,-38705,1477857
1736671566,0.4999928474426269,-74397,-57359,1464584
1736671568,0.5002696514129639,-930645,-559965,1153948
1736671569,0.5000817775726318,-269009,-177522,1153948
1736671571,0.5000467300415039,-135028,-96316,913935
1736671572,0.4999973773956299,-2970,-4767,913935
1736671575,0.5005626678466797,-1652582,-1164639,913935
1736671576,0.5002329349517822,-473645,-481477,913935
1736671577,0.5000834465026855,-30626,-180551,967082
1736671579,0.5000331401824951,17784,-63229,1141473
1736671582,0.5002110004425049,-477714,-465693,1437293
1736671584,0.5000391006469727,-96472,-101607,1437293
1736671586,0.5001237392425537,-471307,-389449,1437293
1736671589,0.5023097991943359,-5664241,-4965433,2081958
1736671591,0.5010125637054443,-1800434,-2128825,2081958
1736671592,0.5001406669616699,499908,-368614,2081958
1736671594,0.5002021789550781,-293549,-420138,1652739
1736671595,0.5000388622283936,103806,-110848,1652739
1736671598,0.5003159046173096,-1052781,-641645,1212928
1736671599,0.500206470489502,-522449,-427147,1212928
1736671600,0.5000591278076172,-82541,-143974,1259647
1736671603,0.499997615814209,-70699,-4025,861120
1736671606,0.5000810623168945,-239849,-169927,857200
1736671608,0.5000109672546387,-20539,-18681,803263
1736671610,0.5000381469726562,-73504,-77808,930015
1736671611,0.5000016689300537,26077,-278,930015
1736671616,0.5013420581817627,-3565005,-2800544,1127306
1736671617,0.5004255771636963,-577366,-882407,1127306
1736671618,0.5001568794250488,147826,-330425,1070722
1736671619,0.4999988079071045,424208,-9695,1070722
1736671623,0.5001575946807861,-398884,-322048,1033501
1736671624,0.5000739097595215,-113167,-155996,1033501
1736671630,0.500072717666626,-231328,-152534,850302
1736671632,0.5000510215759277,-115069,-104430,775551
1736671633,0.5000054836273193,9890,-13992,755607
1736671636,0.500154972076416,-444203,-329903,794519
1736671638,0.5000371932983398,-68448,-70544,794519
1736671639,0.5000386238098145,-57382,-80013,794519
1736671647,0.5000748634338379,-229901,-173944,679202
1736671649,0.5000555515289307,-166365,-96872,679202
1736671650,0.5001330375671387,-288083,-268500,775135
1736671651,0.5000858306884766,-113327,-180169,841679
1736671654,0.5000250339508057,18740,-49271,913061
1736671655,0.500009298324585,53886,-8503,913061
1736671656,0.5000569820404053,-72759,-118982,1025868
1736671661,0.500065803527832,-226547,-147401,905158
1736671664,0.5000731945037842,-218578,-143846,894795
1736671665,0.500058650970459,-143830,-134671,894795
1736671667,0.5001926422119141,-432497,-396661,1105780
1736671668,0.5000584125518799,-58606,-152520,1105780
1736671670,0.5001473426818848,-378570,-311990,1105780
1736671672,0.5000531673431396,-85043,-111106,1105780
1736671678,0.5001840591430664,-798430,-328238,742303
1736671679,0.5004382133483887,-1144275,-913612,742303
1736671680,0.5000760555267334,-147219,-259839,742303
1736671683,0.5008430480957031,-2193957,-1730951,722177
1736671684,0.5004522800445557,-760206,-955387,952856
1736671685,0.5000507831573486,331626,-91617,952856
1736671686,0.5000882148742676,127318,-196437,1107463
1736671688,0.500028133392334,88113,-56297,1304709
1736671689,0.5000035762786865,114005,-3971,1221237
1736671694,0.5002977848052979,-733586,-711787,1630681
1736671696,0.5005700588226318,-1570069,-1230474,1630681
1736671700,0.5007147789001465,-1699893,-1488898,1840237
1736671701,0.5001859664916992,-175781,-474754,1683881
1736671703,0.5003371238708496,-842380,-701861,1513918
1736671704,0.5001049041748047,-95008,-207203,1513918
1736671705,0.5000941753387451,-53196,-193893,1683881
1736671706,0.5000224113464355,108425,-48231,1683881
1736671713,0.5000166893005371,-126249,-35316,1088869
1736671715,0.5000154972076416,-75243,-24088,1088869
1736671716,0.5000388622283936,-109178,-80596,1088869
1736671719,0.500007152557373,-100283,-9729,976427
1736671720,0.5000247955322266,-100393,-39924,976427
1736671721,0.5000710487365723,-173484,-143132,976427
1736671722,0.5000333786010742,-50099,-71793,976427
1736671725,0.500023365020752,-130383,-39712,781385
1736671726,0.5000524520874023,-154889,-103333,911221
1736671727,0.5000321865081787,-85586,-80497,911221
1736671729,0.5001041889190674,-291021,-216450,942039
1736671730,0.4999842643737793,-17262,-29997,942039
1736671732,0.5004525184631348,-1269966,-946832,993260
1736671733,0.5000755786895752,-168486,-226342,993260
1736671735,0.5004382133483887,-1213071,-944538,993260
1736671737,0.5002784729003906,-575948,-569776,1177728
1736671738,0.500145673751831,-143814,-310427,1183504
1736671742,0.5000159740447998,-59307,-28989,1198720
1736671744,0.500037670135498,-92323,-79797,1198720
1736671746,0.4999618530273437,-12137,-8794,1041264
1736671748,0.500502347946167,-1477715,-1037793,1108772
1736671749,0.50022292137146,-456498,-459891,1302679
1736671750,0.5000724792480469,-21352,-161694,1302679
1736671756,0.5001318454742432,-333076,-288971,1147910
1736671759,0.5002140998840332,-584018,-440994,1053666
1736671760,0.5000431537628174,-157558,-189740,1053666
1736671762,0.5005497932434082,-1579738,-1149075,1059258
1736671763,0.5001428127288818,-261988,-305246,987388
1736671767,0.5002079010009766,-549872,-433379,966365
1736671768,0.5000505447387695,-55088,-103557,966365
1736671769,0.5000028610229492,56975,-8020,971957
1736671772,0.5000872611999512,-251932,-154895,896404
1736671773,0.500206470489502,-431495,-410038,1141236
1736671778,0.4999537467956543,-171438,-27053,780449
1736671780,0.5002686977386475,-1177379,-477365,780449
1736671781,0.5006649494171143,-1724777,-1377977,780449
1736671782,0.5002663135528564,-395747,-566380,780449
1736671784,0.5000302791595459,41200,-156743,896486
1736671786,0.5004496574401855,-1262443,-932672,954371
1736671787,0.5001440048217773,-306692,-355654,954371
1736671789,0.5003750324249268,-929466,-777102,978400
1736671790,0.5001444816589355,-178825,-305301,978400
1736671793,0.5000672340393066,-156507,-132086,978400
1736671794,0.5000669956207275,-97299,-119831,978400
1736671795,0.500136137008667,-239738,-291459,1256139
1736671798,0.5005378723144531,-1467235,-1123690,1421469
1736671799,0.5001571178436279,-222816,-319441,1421469
1736671800,0.5000684261322021,2721,-160749,1421469
1736671802,0.5000207424163818,-28658,-42709,1294223
1736671804,0.5000169277191162,-53546,-55715,1284814
1736671806,0.5001182556152344,-349107,-256398,1284814
1736671810,0.5002591609954834,-816680,-556549,1064326
1736671813,0.500511646270752,-1458647,-1019876,836680
1736671817,0.5000393390655518,-254041,-75308,836680
1736671819,0.5002002716064453,-542797,-440276,1368154
1736671822,0.500295877456665,-649436,-616309,1451655
1736671823,0.5000331401824951,-13492,-175196,1451655
1736671825,0.5007452964782715,-2000943,-1567358,1683352
1736671826,0.5001418590545654,-134034,-300732,1368154
1736671829,0.5001053810119629,-310478,-249973,1329130
1736671831,0.5000135898590088,-120483,-13455,1125935
1736671832,0.5000863075256348,-249012,-178129,1125935
1736671833,0.5000202655792236,-31433,-35253,1125935
1736671834,0.5000388622283936,-53453,-66703,1268910
1736671835,0.5000913143157959,-158523,-187809,1298224
1736671836,0.5000216960906982,27547,-49296,1298224
1736671841,0.5005242824554443,-1616024,-1045503,1062089
1736671844,0.5001654624938965,-625629,-346075,1284003
1736671845,0.500023603439331,-144520,-52654,1284003
1736671847,0.5001153945922852,-306436,-240912,1287987
1736671848,0.5000200271606445,-8579,-34986,1287987
1736671849,0.5000321865081787,-35946,-64927,1287987
1736671850,0.5000081062316895,29557,-10208,1383313
1736671851,0.5000238418579102,-24753,-55651,1383313
1736671854,0.5000767707824707,-168296,-157642,1314149
1736671855,0.5000190734863281,2242,-37592,1314149
1736671861,0.5006771087646484,-2107796,-1406022,891793
1736671862,0.5002613067626953,-602793,-533358,891793
1736671863,0.5001487731933594,-197982,-309385,891793
1736671864,0.5000348091125488,99419,-71379,891793
1736671869,0.5000040531158447,-137411,-109385,986669
1736671871,0.5005431175231934,-1614302,-1135698,947992
1736671872,0.5001471042633057,-296539,-302226,863489
1736671873,0.5000448226928711,12586,-82063,863489
1736671874,0.5000729560852051,-61616,-152489,902512
1736671875,0.4999732971191406,109147,-211,902512
1736671878,0.5006709098815918,-1786897,-1396628,1129250
1736671879,0.5002152919769287,-297776,-443576,1330003
1736671880,0.5000851154327393,51036,-184097,1103265
1736671888,0.5005056858062744,-1503052,-1059204,809384
1736671889,0.5001261234283447,-247987,-255055,809384
1736671890,0.4999980926513672,-76984,-158448,809384
1736671892,0.5008776187896729,-2539941,-1809170,809384
1736671893,0.5004501342773438,-889587,-920798,878446
1736671894,0.5002691745758057,-242719,-540806,1148695
1736671895,0.5002129077911377,-80385,-451288,1530614
1736671896,0.5000026226043701,387219,-7799,1530614
1736671901,0.5000393390655518,-85178,-90592,1603854
1736671905,0.5001702308654785,-473657,-348849,1263563
1736671906,0.500056266784668,-149513,-166802,1263563
1736671908,0.5000524520874023,-300651,-115252,1047757
1736671911,0.5007617473602295,-2304437,-1692272,1054968
1736671913,0.5009751319885254,-2377238,-2045290,1593024
1736671914,0.500011682510376,159368,-221855,1593024
1736671916,0.5013184547424316,-3489324,-2743310,1638823
1736671917,0.500495433807373,-743648,-1044432,1638823
1736671921,0.5005655288696289,-1163010,-1190351,1638823
1736671922,0.499976634979248,151837,-224407,1638823
1736671924,0.5011498928070068,-3579772,-2392525,741407
1736671925,0.500429630279541,-1002023,-888708,671811
1736671926,0.5001571178436279,-123656,-310948,671811
1736671931,0.5000419616699219,-170289,-121768,741407
1736671933,0.5002832412719727,-752825,-590323,869738
1736671934,0.5000894069671631,-109248,-172594,935215
1736671935,0.5001044273376465,-120033,-216153,1027930
1736671936,0.5000214576721191,79833,-52297,1027930
1736671939,0.500478982925415,-1449717,-998496,1027930
1736671940,0.500152587890625,-328416,-312110,935215
1736671941,0.5000693798065186,-73835,-156054,935215
1736671943,0.500007152557373,9842,-11229,877161
1736671944,0.500007152557373,10197,-7921,877161
1736671945,0.500028133392334,-38088,-53147,828857
1736671946,0.5000231266021729,-22345,-48831,855041
1736671949,0.5000214576721191,-64150,-40414,855041
1736671950,0.5000185966491699,-38628,-34137,855041
1736671951,0.5000195503234863,-28424,-35521,882237
1736671952,0.5000143051147461,-23215,-38840,931213
1736671954,0.5000593662261963,-191661,-154282,931213
1736671956,0.5001115798950195,-371219,-250722,1005016
1736671958,0.5001029968261719,-279673,-197318,1005016
1736671959,0.5001397132873535,-281374,-282921,1005016
1736671960,0.5000903606414795,-97062,-183021,1027776
1736671961,0.5000364780426025,17857,-97220,1207799
1736671963,0.5000636577606201,-183934,-126255,1041735
1736671964,0.5000073909759521,-92875,-90377,1073236
1736671966,0.5004780292510986,-1362136,-982896,1253941
1736671967,0.5002429485321045,-481889,-511290,1253941
1736671968,0.5000336170196533,101027,-72941,1118755
1736671974,0.5040721893310547,-9939532,-8510591,1528307
1736671975,0.5013401508331299,-1285244,-2838163,1528307
1736671976,0.500157356262207,1565633,-372859,1528307
1736671980,0.5002462863922119,-494234,-521919,1773517
1736671981,0.5000064373016357,156541,-19414,1773517
1736671986,0.500077486038208,-325857,-157096,948334
1736671987,0.5000386238098145,-144067,-73063,948334
1736671988,0.50003981590271,-120901,-93117,1023822
1736671992,0.500525951385498,-1546344,-1099487,948334
1736671993,0.5000555515289307,-291178,-308225,948334
1736671995,0.5010416507720947,-3025969,-2161485,850738
1736671996,0.5004622936248779,-878225,-921531,726440
1736671999,0.5012037754058838,-3703827,-2488971,746692
1736672000,0.5005581378936768,-1270577,-1166869,718333
1736672001,0.5001471042633057,-48260,-325725,718333
1736672003,0.5001010894775391,-76239,-210467,811628
1736672004,0.4999868869781494,120720,-36380,811628
1736672006,0.5002806186676025,-805798,-587922,892431
1736672007,0.5000698566436768,-104064,-127927,892431
1736672008,0.5001251697540283,-207019,-262101,908446
1736672009,0.5000143051147461,86655,-30533,908446
1736672012,0.5000922679901123,-337233,-284778,1040425
1736672014,0.5006194114685059,-1728984,-1285538,1215781
1736672015,0.5002596378326416,-442926,-518175,1156150
1736672016,0.5002140998840332,-274247,-482374,1440959
1736672020,0.5000734329223633,-179041,-142408,1288155
1736672021,0.5000107288360596,-141131,-158210,1288155
1736672023,0.5008268356323242,-2457620,-1818106,1511867
1736672025,0.5004255771636963,-1096360,-844557,1468516
1736672026,0.5004265308380127,-816739,-893844,1468516
1736672027,0.5000994205474854,100611,-221516,1468516
1736672030,0.500607967376709,-1694856,-1243594,1451455
1736672031,0.500368595123291,-706098,-763292,1800616
1736672032,0.5001101493835449,-23796,-292820,1800616
1736672035,0.5000839233398438,-269713,-169826,1451455
1736672036,0.4999690055847168,-112666,-93693,1416290
1736672038,0.5007824897766113,-2372582,-1610913,1416290
1736672039,0.5004117488861084,-900368,-850473,1395081
1736672040,0.5001926422119141,-161740,-381956,1395081
1736672044,0.5004367828369141,-1035252,-913394,954372
1736672045,0.5001144409179688,-52797,-241515,954372
1736672048,0.5000088214874268,70518,-19808,957555
1736672051,0.5003931522369385,-999358,-819560,1331271
1736672052,0.5001249313354492,-142105,-262115,1331271
1736672053,0.5000057220458984,134598,-28043,1331271
1736672057,0.5003588199615479,-1088424,-740432,1076643
1736672058,0.5001585483551025,-362450,-340985,1076643
1736672062,0.5001239776611328,-354796,-264114,951920
1736672064,0.5000789165496826,-178010,-175242,1024324
1736672067,0.5004584789276123,-1279471,-947871,1225690
1736672068,0.5001921653747559,-362207,-414448,1225690
1736672070,0.5000410079956055,-3777,-85732,1107427
1736672073,0.5000951290130615,-157422,-207629,1400406
1736672078,0.5000286102294922,-157356,-49379,905690
1736672079,0.5000555515289307,-181908,-121138,981641
1736672081,0.5001003742218018,-244399,-215826,981641
1736672084,0.5000789165496826,-223674,-166702,964164
1736672088,0.5000548362731934,-174562,-115237,778359
1736672091,0.5000061988830566,-46216,-17943,821326
1736672093,0.5000829696655273,-225760,-180280,832304
1736672096,0.5002179145812988,-467694,-455592,1004654
1736672097,0.5000548362731934,26018,-102189,1004654
1736672098,0.5000512599945068,-47088,-167489,1146370
1736672100,0.5000636577606201,-301569,-123939,1082240
1736672105,0.5001583099365234,-462968,-340508,1131987
1736672107,0.5000147819519043,-34539,-10156,1131987
1736672108,0.5001266002655029,-275449,-261428,1131987
1736672109,0.5000190734863281,-16975,-85589,1131987
1736672111,0.5002903938293457,-763943,-599998,1132539
1736672112,0.5001139640808105,-189071,-254309,1132539
1736672115,0.5000402927398682,-107771,-101911,1063819
1736672118,0.5002150535583496,-587150,-454019,1105637
1736672119,0.5000035762786865,-1301,-44315,1105637
1736672121,0.5003180503845215,-827812,-670962,1236810
1736672122,0.5000097751617432,3954,-87539,1236810
1736672124,0.5003619194030762,-1221213,-928672,1337972
1736672126,0.5012037754058838,-3311662,-2497300,1560518
1736672127,0.5004303455352783,-900745,-1079882,1560518
1736672129,0.5005028247833252,-1536603,-1002445,2552281
1736672131,0.5009133815765381,-1897065,-1823888,2745747
1736672139,0.5004918575286865,-1719986,-1007843,1266526
1736672140,0.5002191066741943,-779123,-582976,1239813
1736672142,0.5007600784301758,-2092786,-1579081,1239813
1736672143,0.5002849102020264,-478522,-592653,1239813
1736672144,0.5000951290130615,70327,-187360,1239813
1736672153,0.5007574558258057,-2095332,-1566715,1278277
1736672154,0.5003407001495361,-620883,-720866,1278277
1736672155,0.5000350475311279,216650,-69598,1278277
1736672156,0.500007152557373,197521,-23732,1239029
1736672159,0.5000467300415039,-184900,-109117,1132042
1736672163,0.5011029243469238,-2701570,-2310078,1519130
1736672164,0.5003201961517334,-258016,-676995,1169896
1736672165,0.5000369548797607,425619,-70764,1169896
1736672169,0.5001630783081055,-251883,-323438,1563017
1736672170,0.5001494884490967,-169235,-316355,1751000
1736672171,0.4999840259552002,187855,-10036,1751000
1736672174,0.5000228881835938,-155042,-35661,1255716
1736672175,0.5000734329223633,-222530,-149661,1465403
1736672176,0.5000228881835938,-68325,-62215,1465403
1736672178,0.5000185966491699,-83832,-20301,1199752
1736672179,0.5001094341278076,-262634,-224253,1396106
1736672180,0.5000343322753906,-49168,-89577,1396106
1736672182,0.50003981590271,-130187,-85458,1273425
1736672184,0.5000672340393066,-162339,-135329,1396106
1736672185,0.5000114440917969,-46174,-67865,1520950
1736672187,0.5000665187835693,-331501,-149964,1072639
1736672190,0.5002174377441406,-660064,-450982,1072639
1736672191,0.5000686645507812,-172583,-161520,1072639
1736672193,0.5001382827758789,-330334,-275175,1072639
1736672194,0.5001134872436523,-205141,-249082,1217355
1736672197,0.5000176429748535,-83446,-27970,892278
1736672198,0.5000448226928711,-121672,-91230,892278
1736672199,0.5000126361846924,-15902,-21961,911082
1736672200,0.500011682510376,-11641,-22471,911082
1736672206,0.5004193782806396,-1162800,-867632,986331
1736672207,0.5001814365386963,-329307,-382979,986331
1736672208,0.5000100135803223,124134,-28331,982758
1736672210,0.5000007152557373,8949,-28863,894718
1736672212,0.5001380443572998,-390042,-281627,894718
1736672213,0.5000736713409424,-141911,-150509,965161
1736672214,0.5000209808349609,-477,-51648,965161
1736672216,0.500025749206543,-64588,-58925,878715
1736672221,0.5007529258728027,-2180166,-1569665,1034742
1736672222,0.5002357959747314,-514791,-558340,1034742
1736672224,0.5002298355102539,-534922,-417576,1467793
1736672225,0.5004730224609375,-955254,-998385,1467793
1736672226,0.5000746250152588,178273,-151434,1467793
1736672227,0.5000314712524414,207332,-68893,1467793
1736672230,0.5000627040863037,-211357,-169559,1467793
1736672235,0.5003414154052734,-1122691,-693891,800120
1736672236,0.5002202987670898,-560342,-468350,800120
1736672240,0.5002870559692383,-874142,-605849,630986
1736672241,0.5000507831573486,-88644,-82594,630986
1736672242,0.5001528263092041,-301213,-321756,822824
1736672243,0.5000147819519043,85061,-25846,822824
1736672244,0.5000150203704834,54874,-30515,702983
1736672248,0.5000360012054443,-103980,-81929,749345
1736672250,0.4999318122863769,-51773,-23832,749345
1736672252,0.500866174697876,-2592205,-1787706,725927
1736672253,0.5004310607910156,-937191,-910353,725927
1736672254,0.500063419342041,126279,-128040,625781
1736672255,0.5000219345092773,156048,-60388,625781
1736672258,0.5000185966491699,-8135,-33841,734991
1736672259,0.5000042915344238,-11701,-39848,832150
1736672261,0.5001621246337891,-502120,-356301,987644
1736672263,0.5002796649932861,-638479,-582942,974245
1736672264,0.5000760555267334,-31043,-167049,974245
1736672266,0.5000724792480469,-85404,-155285,1057032
1736672269,0.5000035762786865,-49437,-33132,1057032
1736672271,0.5001366138458252,-440969,-273047,1016471
1736672272,0.5001118183135986,-262575,-226944,1057032
1736672273,0.500046968460083,-57020,-100162,1057032
1736672275,0.5000636577606201,-83291,-112795,1316504
1736672276,0.5001356601715088,-237057,-291548,1316504
1736672281,0.5000333786010742,-160602,-64077,1083109
1736672282,0.5000274181365967,-103624,-55280,1083109
1736672286,0.5000050067901611,-33914,-5176,1235770
1736672287,0.5000171661376953,-49292,-30728,1065361
1736672288,0.5000209808349609,-43326,-39549,982031
1736672289,0.5000171661376953,-22784,-32005,982031
1736672290,0.4999978542327881,1265,-14791,992898
1736672293,0.5001099109649658,-262115,-186965,999396
1736672294,0.5002872943878174,-632701,-636185,1461717
1736672298,0.500147819519043,-334901,-299514,1382424
1736672299,0.5000951290130615,-131236,-196320,1382424
1736672300,0.500011682510376,43891,-60563,1382424
1736672303,0.5000834465026855,-261102,-171186,1220673
1736672304,0.5000143051147461,-68463,-56877,1220673
1736672307,0.5004148483276367,-985624,-863040,1272268
1736672308,0.5001461505889893,-135903,-309007,1272268
1736672309,0.4999978542327881,204994,-8881,1272268
1736672312,0.5000054836273193,-48436,-25083,1121244
1736672315,0.5001320838928223,-642962,-369613,919098
1736672317,0.5007414817810059,-2041381,-1541987,1085519
1736672318,0.5001990795135498,-499664,-612685,1085519
1736672320,0.501201868057251,-3236301,-2507804,1347458
1736672321,0.5004160404205322,-646821,-889215,1347458
1736672326,0.5000250339508057,-48817,-42839,1135596
1736672327,0.4999556541442871,-92349,-101016,1240270
1736672329,0.5011050701141357,-3292305,-2333221,1240270
1736672330,0.5002121925354004,-406347,-434955,1240270
1736672331,0.5001075267791748,-76971,-227483,981190
1736672334,0.5000507831573486,7527,-107915,997336
1736672337,0.5003466606140137,-1058762,-713319,923352
1736672338,0.5001721382141113,-395433,-367618,855416
1736672343,0.5000622272491455,-172929,-125359,788942
1736672344,0.5000259876251221,-54282,-58591,734384
1736672346,0.5000684261322021,-161497,-146958,788942
1736672351,0.5001850128173828,-531523,-399053,824831
1736672354,0.500300407409668,-768857,-607019,1000994
1736672355,0.5002212524414062,-392542,-461361,1052370
1736672356,0.5000576972961426,64974,-121607,1052370
1736672361,0.5000100135803223,-60699,-6501,892312
1736672362,0.5000448226928711,-196024,-160036,1023718
1736672364,0.5003752708435059,-1066467,-778856,1058173
1736672365,0.5001399517059326,-275664,-307993,1058173
1736672388,0.5013229846954346,-2679378,-2709428,1058173
1736672389,0.5008130073547363,-874287,-1708150,1023718
1736672390,0.5000109672546387,1059327,-36822,1023718
1736672394,0.5007007122039795,-2075279,-1449253,980987
1736672395,0.5003151893615723,-689474,-686032,982958
1736672397,0.5001943111419678,-332512,-405247,1058173
1736672398,0.5000231266021729,123052,-49437,982958
1736672402,0.5002005100250244,-654333,-413436,908037
1736672403,0.5000603199005127,-155357,-110760,908037
1736672404,0.5000998973846436,-206945,-208955,989259
1736672405,0.5000143051147461,40061,-24032,838813
1736672406,0.5000193119049072,7410,-44665,918064
1736672408,0.5000414848327637,-68756,-75996,1065030
1736672409,0.5000653266906738,-107723,-135589,1065030
1736672410,0.4999775886535644,48497,-11686,1065030
1736672412,0.5002970695495605,-849948,-606441,1160010
1736672413,0.5001721382141113,-359252,-370730,1160010
1736672415,0.499993085861206,15824,-45352,1110488
1736672418,0.500638484954834,-1521087,-1334015,1673747
1736672419,0.5002009868621826,-171208,-440462,1673747
1736672423,0.5000226497650146,-174593,-31440,1175874
1736672424,0.5000803470611572,-282497,-191722,1175874
1736672427,0.5005064010620117,-1415739,-1051525,1175874
1736672428,0.5002007484436035,-363748,-424256,1175874
1736672429,0.5000057220458984,140725,-28907,1175874
1736672433,0.5001912117004395,-417189,-393622,1334031
1736672434,0.5000834465026855,-74116,-175706,1334031
1736672438,0.5002636909484863,-609262,-562476,1334031
1736672440,0.5000252723693848,21631,-66872,1262147
1736672445,0.5007612705230713,-2326547,-1560784,1032495
1736672446,0.5004446506500244,-998307,-930508,1032495
1736672447,0.5001225471496582,-33755,-265448,1032495
1736672450,0.500659704208374,-1964814,-1449153,1093083
1736672452,0.5005452632904053,-1325511,-1137661,1106544
1736672453,0.5000386238098145,98494,-111309,1106544
1736672455,0.5001299381256104,-282381,-263843,912601
1736672456,0.5000591278076172,-89564,-155740,884779
1736672459,0.5003011226654053,-709877,-637416,861522
1736672460,0.4999840259552002,78132,-62370,810904
1736672462,0.5005602836608887,-1579292,-1158833,861522
1736672463,0.5002641677856445,-477058,-530387,1087892
1736672464,0.500206708908081,-256341,-452787,1087892
1736672466,0.5000228881835938,62092,-69289,1026437
1736672468,0.5001842975616455,-416423,-393987,1393197
1736672471,0.5001125335693359,-374350,-229261,957779
1736672472,0.5000524520874023,-147020,-114236,957779
1736672475,0.5000195503234863,-68874,-27260,957779
1736672476,0.5000827312469482,-182667,-161716,957779
1736672477,0.5000784397125244,-128888,-162737,1188130
1736672478,0.5000174045562744,45484,-27031,1188130
1736672479,0.500046968460083,-36733,-95603,1188130
1736672480,0.5000016689300537,50763,-19127,1188130
1736672482,0.5000267028808594,-95272,-47360,1043626
1736672483,0.500037431716919,-110349,-91019,1299760
1736672489,0.500025749206543,-106349,-60137,860490
1736672491,0.500037431716919,-150696,-104595,869423
1736672493,0.5001881122589111,-507778,-383471,885692
1736672494,0.5000922679901123,-188573,-216599,941818
1736672496,0.5001060962677002,-304409,-266908,954000
1736672498,0.5002777576446533,-746388,-577416,984537
1736672499,0.5000953674316406,-141052,-195996,984537
1736672500,0.5000262260437012,35527,-61733,984537
1736672503,0.5003294944763184,-806906,-695015,1343959
1736672504,0.5000565052032471,26626,-103555,1343959
1736672505,0.5000936985015869,-72644,-194837,1432057
1736672506,0.4999597072601318,111695,-32292,1432057
1736672508,0.5005621910095215,-1681654,-1207658,1432057
1736672513,0.5049741268157959,-14659922,-10321064,1338611
1736672514,0.5021383762359619,-4371701,-4430820,1338611
1736672515,0.5009250640869141,-633493,-2004122,2088721
1736672524,0.5014231204986572,-4315581,-2942982,1492484
1736672525,0.5006914138793945,-1521804,-1443880,1492484
1736672526,0.500213623046875,-83078,-461695,1492484
1736672531,0.5004134178161621,-790846,-823638,1181349
1736672535,0.5009670257568359,-3404506,-1930628,921406
1736672536,0.5008618831634521,-2385842,-1933316,962374
1736672538,0.5010087490081787,-2377052,-2084827,1235677
1736672539,0.5004842281341553,-601843,-1022734,1562693
1736672540,0.5000696182250977,448119,-153325,1562693
1736672545,0.5000407695770264,-75766,-81359,1195608
1736672546,0.5000171661376953,-6303,-34626,1195608
1736672550,0.5002222061157227,-710918,-463094,1096960
1736672551,0.5000615119934082,-161098,-126549,939548
1736672552,0.5000174045562744,-6972,-20753,939548
1736672553,0.5000913143157959,-170800,-186672,1090104
1736672554,0.5000259876251221,-1647,-68759,1090104
1736672557,0.5000255107879639,-114904,-46969,914981
1736672558,0.5000298023223877,-90382,-56918,1086213
1736672559,0.5000326633453369,-58671,-52322,1120311
1736672560,0.500103235244751,-191908,-203160,1120311
1736672562,0.5000159740447998,27393,-41431,1313863
1736672564,0.4999895095825195,-20405,-17005,1313863
1736672566,0.5002317428588867,-674294,-490454,1311481
1736672567,0.5000200271606445,-10829,-29278,1291247
1736672568,0.5000698566436768,-123567,-145264,1291247
1736672569,0.5000009536743164,45125,-13642,1291247
1736672573,0.5001420974731445,-418872,-296220,1141230
1736672574,0.5000243186950684,-53387,-56396,1067661
1736672577,0.5000491142272949,-136036,-100225,1038350
1736672578,0.5000088214874268,-21978,-26978,1038350
1736672581,0.5000307559967041,-135474,-62023,883329
1736672582,0.5000030994415283,-37408,-4599,813716
1736672585,0.5000357627868652,-106093,-61438,883329
1736672586,0.5000462532043457,-175160,-162333,933848
